対象品目コード,対象品目名,候補品目コード,候補品目名,根拠
PRCG20_1200150001,処理牛乳,PRCG20_1202050005,原乳,主原料の生乳
PRCG20_1200150001,処理牛乳,PRCG20_1200150036,砂糖,加糖乳製品の副原料
PRCG20_1200150001,処理牛乳,PRCG20_2601050003,ミルクカートン用紙,紙容器の包装材
PRCG20_1200150001,処理牛乳,PRCG20_1202250001,事業用電力,殺菌・冷却工程の電力
PRCG20_1200150001,処理牛乳,PRCG20_1200650007,Ｂ重油・Ｃ重油,加熱工程の燃料
PRCG20_1200150002,乳飲料・乳酸菌飲料,PRCG20_1202050005,原乳,主原料の生乳
PRCG20_1200150002,乳飲料・乳酸菌飲料,PRCG20_1200150036,砂糖,加糖乳製品の副原料
PRCG20_1200150002,乳飲料・乳酸菌飲料,PRCG20_2601050003,ミルクカートン用紙,紙容器の包装材
PRCG20_1200150002,乳飲料・乳酸菌飲料,PRCG20_1202250001,事業用電力,殺菌・冷却工程の電力
PRCG20_1200150002,乳飲料・乳酸菌飲料,PRCG20_1200650007,Ｂ重油・Ｃ重油,加熱工程の燃料
PRCG20_1200150003,粉乳,PRCG20_1202050005,原乳,主原料の生乳
PRCG20_1200150003,粉乳,PRCG20_1200150036,砂糖,加糖乳製品の副原料
PRCG20_1200150003,粉乳,PRCG20_2601050003,ミルクカートン用紙,紙容器の包装材
PRCG20_1200150003,粉乳,PRCG20_1202250001,事業用電力,殺菌・冷却工程の電力
PRCG20_1200150003,粉乳,PRCG20_1200650007,Ｂ重油・Ｃ重油,加熱工程の燃料
PRCG20_1200150004,バター,PRCG20_1202050005,原乳,主原料の生乳
PRCG20_1200150004,バター,PRCG20_1200150036,砂糖,加糖乳製品の副原料
PRCG20_1200150004,バター,PRCG20_2601050003,ミルクカートン用紙,紙容器の包装材
PRCG20_1200150004,バター,PRCG20_1202250001,事業用電力,殺菌・冷却工程の電力
PRCG20_1200150004,バター,PRCG20_1200650007,Ｂ重油・Ｃ重油,加熱工程の燃料
PRCG20_1200150005,チーズ,PRCG20_1202050005,原乳,主原料の生乳
PRCG20_1200150005,チーズ,PRCG20_2600150001,チーズ,輸入ナチュラルチーズ原料
PRCG20_1200150005,チーズ,PRCG20_1200550005,塩,副原料
PRCG20_1200150005,チーズ,PRCG20_1202250001,事業用電力,熟成・冷蔵の電力
PRCG20_1200150006,生クリーム,PRCG20_1202050005,原乳,主原料の生乳
PRCG20_1200150006,生クリーム,PRCG20_1200150036,砂糖,加糖乳製品の副原料
PRCG20_1200150006,生クリーム,PRCG20_2601050003,ミルクカートン用紙,紙容器の包装材
PRCG20_1200150006,生クリーム,PRCG20_1202250001,事業用電力,殺菌・冷却工程の電力
PRCG20_1200150006,生クリーム,PRCG20_1200650007,Ｂ重油・Ｃ重油,加熱工程の燃料
PRCG20_1200150007,アイスクリーム,PRCG20_1202050005,原乳,主原料の生乳
PRCG20_1200150007,アイスクリーム,PRCG20_1200150006,生クリーム,乳脂肪原料
PRCG20_1200150007,アイスクリーム,PRCG20_1200150036,砂糖,甘味原料
PRCG20_1200150007,アイスクリーム,PRCG20_1202250001,事業用電力,冷凍保管の電力
PRCG20_1200150008,ヨーグルト,PRCG20_1202050005,原乳,主原料の生乳
PRCG20_1200150008,ヨーグルト,PRCG20_1200150036,砂糖,加糖乳製品の副原料
PRCG20_1200150008,ヨーグルト,PRCG20_2601050003,ミルクカートン用紙,紙容器の包装材
PRCG20_1200150008,ヨーグルト,PRCG20_1202250001,事業用電力,殺菌・冷却工程の電力
PRCG20_1200150008,ヨーグルト,PRCG20_1200650007,Ｂ重油・Ｃ重油,加熱工程の燃料
PRCG20_1200150009,肉製品,PRCG20_1202050008,豚肉,ハム・ソーセージの主原料
PRCG20_1200150009,肉製品,PRCG20_1202050007,牛肉,食肉加工の原料
PRCG20_1200150009,肉製品,PRCG20_1202050009,鶏肉,食肉加工の原料
PRCG20_1200150009,肉製品,PRCG20_2600150029,豚肉,輸入豚肉原料
PRCG20_1200150009,肉製品,PRCG20_2600150028,牛肉,輸入牛肉原料
PRCG20_1200150009,肉製品,PRCG20_1200150049,香辛料,調味用副原料
PRCG20_1200150010,水産びん・かん詰,PRCG20_1201150012,食缶,缶容器
PRCG20_1200150010,水産びん・かん詰,PRCG20_1200150040,植物油脂（除混合植物油脂）,油漬け用の油脂
PRCG20_1200150010,水産びん・かん詰,PRCG20_1200650006,Ａ重油,漁船燃料経由の魚価コスト
PRCG20_1200150010,水産びん・かん詰,PRCG20_1202250001,事業用電力,加工工場の電力
PRCG20_1200150011,ねり製品,PRCG20_1200550005,塩,すり身練成の副原料
PRCG20_1200150011,ねり製品,PRCG20_1200150037,でん粉,つなぎのでん粉
PRCG20_1200150011,ねり製品,PRCG20_1200150040,植物油脂（除混合植物油脂）,揚げかまぼこ用油
PRCG20_1200150011,ねり製品,PRCG20_1202250001,事業用電力,加工・冷蔵の電力
PRCG20_1200150012,かつおパック,PRCG20_1200550005,塩,塩蔵・調味の副原料
PRCG20_1200150012,かつおパック,PRCG20_1200150046,しょう油,調味原料
PRCG20_1200150012,かつおパック,PRCG20_1200150036,砂糖,調味原料
PRCG20_1200150012,かつおパック,PRCG20_1202250001,事業用電力,加工・冷蔵の電力
PRCG20_1200150013,水産物漬物,PRCG20_1200550005,塩,塩蔵・調味の副原料
PRCG20_1200150013,水産物漬物,PRCG20_1200150046,しょう油,調味原料
PRCG20_1200150013,水産物漬物,PRCG20_1200150036,砂糖,調味原料
PRCG20_1200150013,水産物漬物,PRCG20_1202250001,事業用電力,加工・冷蔵の電力
PRCG20_1200150014,つくだ煮,PRCG20_1200550005,塩,塩蔵・調味の副原料
PRCG20_1200150014,つくだ煮,PRCG20_1200150046,しょう油,調味原料
PRCG20_1200150014,つくだ煮,PRCG20_1200150036,砂糖,調味原料
PRCG20_1200150014,つくだ煮,PRCG20_1202250001,事業用電力,加工・冷蔵の電力
PRCG20_1200150015,小麦粉,PRCG20_2600150021,小麦,主原料の輸入小麦（政府売渡価格）
PRCG20_1200150015,小麦粉,PRCG20_1202250001,事業用電力,製粉工場の電力
PRCG20_1200150015,小麦粉,PRCG20_1200650005,軽油,輸送用燃料
PRCG20_1200150016,即席めん,PRCG20_1200150015,小麦粉,主原料
PRCG20_1200150016,即席めん,PRCG20_1200150040,植物油脂（除混合植物油脂）,即席めんの揚げ油
PRCG20_1200150016,即席めん,PRCG20_1200550005,塩,製めん副原料
PRCG20_1200150016,即席めん,PRCG20_1200750005,プラスチックフィルム・シート,包装材
PRCG20_1200150017,和風めん,PRCG20_1200150015,小麦粉,主原料
PRCG20_1200150017,和風めん,PRCG20_1200150040,植物油脂（除混合植物油脂）,即席めんの揚げ油
PRCG20_1200150017,和風めん,PRCG20_1200550005,塩,製めん副原料
PRCG20_1200150017,和風めん,PRCG20_1200750005,プラスチックフィルム・シート,包装材
PRCG20_1200150018,中華めん,PRCG20_1200150015,小麦粉,主原料
PRCG20_1200150018,中華めん,PRCG20_1200150040,植物油脂（除混合植物油脂）,即席めんの揚げ油
PRCG20_1200150018,中華めん,PRCG20_1200550005,塩,製めん副原料
PRCG20_1200150018,中華めん,PRCG20_1200750005,プラスチックフィルム・シート,包装材
PRCG20_1200150019,洋風めん,PRCG20_1200150015,小麦粉,主原料
PRCG20_1200150019,洋風めん,PRCG20_1200150040,植物油脂（除混合植物油脂）,即席めんの揚げ油
PRCG20_1200150019,洋風めん,PRCG20_1200550005,塩,製めん副原料
PRCG20_1200150019,洋風めん,PRCG20_1200750005,プラスチックフィルム・シート,包装材
PRCG20_1200150020,食パン,PRCG20_1200150015,小麦粉,主原料
PRCG20_1200150020,食パン,PRCG20_1200150036,砂糖,副原料
PRCG20_1200150020,食パン,PRCG20_1200150004,バター,油脂原料
PRCG20_1200150020,食パン,PRCG20_1200150044,マーガリン,油脂原料
PRCG20_1200150020,食パン,PRCG20_1202050006,鶏卵,副原料
PRCG20_1200150021,菓子パン,PRCG20_1200150015,小麦粉,主原料
PRCG20_1200150021,菓子パン,PRCG20_1200150036,砂糖,副原料
PRCG20_1200150021,菓子パン,PRCG20_1200150004,バター,油脂原料
PRCG20_1200150021,菓子パン,PRCG20_1200150044,マーガリン,油脂原料
PRCG20_1200150021,菓子パン,PRCG20_1202050006,鶏卵,副原料
PRCG20_1200150022,調理パン・サンドイッチ,PRCG20_1200150015,小麦粉,主原料
PRCG20_1200150022,調理パン・サンドイッチ,PRCG20_1200150036,砂糖,副原料
PRCG20_1200150022,調理パン・サンドイッチ,PRCG20_1200150004,バター,油脂原料
PRCG20_1200150022,調理パン・サンドイッチ,PRCG20_1200150044,マーガリン,油脂原料
PRCG20_1200150022,調理パン・サンドイッチ,PRCG20_1202050006,鶏卵,副原料
PRCG20_1200150023,洋生菓子,PRCG20_1200150015,小麦粉,生地の主原料
PRCG20_1200150023,洋生菓子,PRCG20_1200150036,砂糖,主要な甘味原料
PRCG20_1200150023,洋生菓子,PRCG20_1200150040,植物油脂（除混合植物油脂）,油脂原料
PRCG20_1200150023,洋生菓子,PRCG20_1202050006,鶏卵,副原料
PRCG20_1200150023,洋生菓子,PRCG20_1200750005,プラスチックフィルム・シート,包装材
PRCG20_1200150024,和生菓子,PRCG20_1200150015,小麦粉,生地の主原料
PRCG20_1200150024,和生菓子,PRCG20_1200150036,砂糖,主要な甘味原料
PRCG20_1200150024,和生菓子,PRCG20_1200150040,植物油脂（除混合植物油脂）,油脂原料
PRCG20_1200150024,和生菓子,PRCG20_1202050006,鶏卵,副原料
PRCG20_1200150024,和生菓子,PRCG20_1200750005,プラスチックフィルム・シート,包装材
PRCG20_1200150025,ビスケット類,PRCG20_1200150015,小麦粉,主原料
PRCG20_1200150025,ビスケット類,PRCG20_1200150036,砂糖,甘味原料
PRCG20_1200150025,ビスケット類,PRCG20_1200150004,バター,油脂原料
PRCG20_1200150025,ビスケット類,PRCG20_1200150040,植物油脂（除混合植物油脂）,油脂原料
PRCG20_1200150026,米菓,PRCG20_1202050002,精米,主原料の米
PRCG20_1200150026,米菓,PRCG20_1200150046,しょう油,調味原料
PRCG20_1200150026,米菓,PRCG20_1200150040,植物油脂（除混合植物油脂）,揚げ油
PRCG20_1200150027,キャンデー,PRCG20_1200150015,小麦粉,生地の主原料
PRCG20_1200150027,キャンデー,PRCG20_1200150036,砂糖,主要な甘味原料
PRCG20_1200150027,キャンデー,PRCG20_1200150040,植物油脂（除混合植物油脂）,油脂原料
PRCG20_1200150027,キャンデー,PRCG20_1202050006,鶏卵,副原料
PRCG20_1200150027,キャンデー,PRCG20_1200750005,プラスチックフィルム・シート,包装材
PRCG20_1200150028,チョコレート,PRCG20_2600150025,コーヒー豆・カカオ豆,主原料のカカオ豆
PRCG20_1200150028,チョコレート,PRCG20_1200150036,砂糖,甘味原料
PRCG20_1200150028,チョコレート,PRCG20_1200150003,粉乳,ミルク原料
PRCG20_1200150028,チョコレート,PRCG20_1200150040,植物油脂（除混合植物油脂）,油脂原料
PRCG20_1200150029,チューインガム,PRCG20_1200150015,小麦粉,生地の主原料
PRCG20_1200150029,チューインガム,PRCG20_1200150036,砂糖,主要な甘味原料
PRCG20_1200150029,チューインガム,PRCG20_1200150040,植物油脂（除混合植物油脂）,油脂原料
PRCG20_1200150029,チューインガム,PRCG20_1202050006,鶏卵,副原料
PRCG20_1200150029,チューインガム,PRCG20_1200750005,プラスチックフィルム・シート,包装材
PRCG20_1200150030,スナック菓子,PRCG20_1200150015,小麦粉,生地の主原料
PRCG20_1200150030,スナック菓子,PRCG20_1200150036,砂糖,主要な甘味原料
PRCG20_1200150030,スナック菓子,PRCG20_1200150040,植物油脂（除混合植物油脂）,油脂原料
PRCG20_1200150030,スナック菓子,PRCG20_1202050006,鶏卵,副原料
PRCG20_1200150030,スナック菓子,PRCG20_1200750005,プラスチックフィルム・シート,包装材
PRCG20_1200150031,氷菓,PRCG20_1200150036,砂糖,甘味原料
PRCG20_1200150031,氷菓,PRCG20_1200150039,異性化糖,甘味原料
PRCG20_1200150031,氷菓,PRCG20_1202250001,事業用電力,冷凍保管の電力
PRCG20_1200150032,豆菓子,PRCG20_2600150023,大豆,主原料の豆類
PRCG20_1200150032,豆菓子,PRCG20_1200150036,砂糖,甘味原料
PRCG20_1200150032,豆菓子,PRCG20_1200150040,植物油脂（除混合植物油脂）,揚げ油
PRCG20_1200150033,シリアル,PRCG20_2600150021,小麦,穀物原料
PRCG20_1200150033,シリアル,PRCG20_2600150027,飼料作物,とうもろこし原料
PRCG20_1200150033,シリアル,PRCG20_1200150036,砂糖,甘味原料
PRCG20_1200150034,果実・野菜缶詰,PRCG20_1200550005,塩,漬物・保存の副原料
PRCG20_1200150034,果実・野菜缶詰,PRCG20_1200150036,砂糖,調味原料
PRCG20_1200150034,果実・野菜缶詰,PRCG20_1201150012,食缶,缶詰容器
PRCG20_1200150034,果実・野菜缶詰,PRCG20_1200150048,食酢,調味原料
PRCG20_1200150035,漬物,PRCG20_1200550005,塩,漬物・保存の副原料
PRCG20_1200150035,漬物,PRCG20_1200150036,砂糖,調味原料
PRCG20_1200150035,漬物,PRCG20_1201150012,食缶,缶詰容器
PRCG20_1200150035,漬物,PRCG20_1200150048,食酢,調味原料
PRCG20_1200150036,砂糖,PRCG20_2600150007,粗糖,主原料の輸入粗糖
PRCG20_1200150036,砂糖,PRCG20_1202050003,てん菜,国産糖原料
PRCG20_1200150036,砂糖,PRCG20_1200650007,Ｂ重油・Ｃ重油,精製工程の燃料
PRCG20_1200150036,砂糖,PRCG20_1202250001,事業用電力,精製工場の電力
PRCG20_1200150037,でん粉,PRCG20_2600150027,飼料作物,主原料の輸入とうもろこし（飼料作物に分類）
PRCG20_1200150037,でん粉,PRCG20_1202250001,事業用電力,製造工程の電力
PRCG20_1200150037,でん粉,PRCG20_1200650005,軽油,輸送用燃料
PRCG20_1200150038,ぶどう糖・水あめ,PRCG20_1200150037,でん粉,糖化の主原料
PRCG20_1200150038,ぶどう糖・水あめ,PRCG20_2600150027,飼料作物,原料とうもろこし
PRCG20_1200150038,ぶどう糖・水あめ,PRCG20_1202250001,事業用電力,糖化工程の電力
PRCG20_1200150039,異性化糖,PRCG20_1200150037,でん粉,糖化の主原料
PRCG20_1200150039,異性化糖,PRCG20_2600150027,飼料作物,原料とうもろこし
PRCG20_1200150039,異性化糖,PRCG20_1202250001,事業用電力,糖化工程の電力
PRCG20_1200150040,植物油脂（除混合植物油脂）,PRCG20_2600150023,大豆,搾油原料
PRCG20_1200150040,植物油脂（除混合植物油脂）,PRCG20_2600150026,なたね,搾油原料
PRCG20_1200150040,植物油脂（除混合植物油脂）,PRCG20_2600150009,オリーブ油・パーム油,輸入油脂原料
PRCG20_1200150040,植物油脂（除混合植物油脂）,PRCG20_1202250001,事業用電力,搾油工場の電力
PRCG20_1200150041,混合植物油脂,PRCG20_2600150023,大豆,搾油原料
PRCG20_1200150041,混合植物油脂,PRCG20_2600150026,なたね,搾油原料
PRCG20_1200150041,混合植物油脂,PRCG20_2600150009,オリーブ油・パーム油,輸入油脂原料
PRCG20_1200150041,混合植物油脂,PRCG20_1202250001,事業用電力,搾油工場の電力
PRCG20_1200150042,植物油搾かす,PRCG20_2600150023,大豆,搾油原料
PRCG20_1200150042,植物油搾かす,PRCG20_2600150026,なたね,搾油原料
PRCG20_1200150042,植物油搾かす,PRCG20_2600150009,オリーブ油・パーム油,輸入油脂原料
PRCG20_1200150042,植物油搾かす,PRCG20_1202250001,事業用電力,搾油工場の電力
PRCG20_1200150043,ショートニング,PRCG20_2600150023,大豆,搾油原料
PRCG20_1200150043,ショートニング,PRCG20_2600150026,なたね,搾油原料
PRCG20_1200150043,ショートニング,PRCG20_2600150009,オリーブ油・パーム油,輸入油脂原料
PRCG20_1200150043,ショートニング,PRCG20_1202250001,事業用電力,搾油工場の電力
PRCG20_1200150044,マーガリン,PRCG20_2600150023,大豆,搾油原料
PRCG20_1200150044,マーガリン,PRCG20_2600150026,なたね,搾油原料
PRCG20_1200150044,マーガリン,PRCG20_2600150009,オリーブ油・パーム油,輸入油脂原料
PRCG20_1200150044,マーガリン,PRCG20_1202250001,事業用電力,搾油工場の電力
PRCG20_1200150045,みそ,PRCG20_2600150023,大豆,主原料
PRCG20_1200150045,みそ,PRCG20_1202050002,精米,米こうじ原料
PRCG20_1200150045,みそ,PRCG20_1200550005,塩,基礎原料
PRCG20_1200150046,しょう油,PRCG20_2600150023,大豆,主原料
PRCG20_1200150046,しょう油,PRCG20_2600150021,小麦,主原料
PRCG20_1200150046,しょう油,PRCG20_1200550005,塩,基礎原料
PRCG20_1200150047,ソース,PRCG20_1200150048,食酢,基礎原料
PRCG20_1200150047,ソース,PRCG20_1200150036,砂糖,甘味原料
PRCG20_1200150047,ソース,PRCG20_1200550005,塩,基礎原料
PRCG20_1200150047,ソース,PRCG20_1200150049,香辛料,風味原料
PRCG20_1200150048,食酢,PRCG20_1202050002,精米,米酢原料
PRCG20_1200150048,食酢,PRCG20_1200150039,異性化糖,アルコール発酵原料
PRCG20_1200150048,食酢,PRCG20_1202250001,事業用電力,醸造の電力
PRCG20_1200150049,香辛料,PRCG20_2600150010,調味料,輸入香辛料原料
PRCG20_1200150049,香辛料,PRCG20_1200550005,塩,混合用基材
PRCG20_1200150049,香辛料,PRCG20_1202250001,事業用電力,粉砕・加工の電力
PRCG20_1200150050,ルウ,PRCG20_1200150015,小麦粉,主原料
PRCG20_1200150050,ルウ,PRCG20_1200150040,植物油脂（除混合植物油脂）,油脂原料
PRCG20_1200150050,ルウ,PRCG20_1200150049,香辛料,スパイス原料
PRCG20_1200150051,うま味・風味調味料,PRCG20_1200150036,砂糖,発酵原料の糖蜜代替
PRCG20_1200150051,うま味・風味調味料,PRCG20_1200550005,塩,基礎原料
PRCG20_1200150051,うま味・風味調味料,PRCG20_1202250001,事業用電力,発酵・精製の電力
PRCG20_1200150052,たれ・めんつゆ,PRCG20_1200150046,しょう油,基礎原料
PRCG20_1200150052,たれ・めんつゆ,PRCG20_1200150036,砂糖,甘味原料
PRCG20_1200150052,たれ・めんつゆ,PRCG20_1200150051,うま味・風味調味料,だし・調味原料
PRCG20_1200150053,冷凍調理食品,PRCG20_1200150015,小麦粉,衣・生地の原料
PRCG20_1200150053,冷凍調理食品,PRCG20_1202050009,鶏肉,具材原料
PRCG20_1200150053,冷凍調理食品,PRCG20_1202050008,豚肉,具材原料
PRCG20_1200150053,冷凍調理食品,PRCG20_1200150040,植物油脂（除混合植物油脂）,調理用油
PRCG20_1200150053,冷凍調理食品,PRCG20_1202250001,事業用電力,冷凍保管の電力
PRCG20_1200150053,冷凍調理食品,PRCG20_1200750005,プラスチックフィルム・シート,包装材
PRCG20_1200150054,レトルト食品,PRCG20_1202050007,牛肉,具材原料
PRCG20_1200150054,レトルト食品,PRCG20_1202050009,鶏肉,具材原料
PRCG20_1200150054,レトルト食品,PRCG20_1200150015,小麦粉,ルウ等の原料
PRCG20_1200150054,レトルト食品,PRCG20_1200150040,植物油脂（除混合植物油脂）,調理用油脂
PRCG20_1200150054,レトルト食品,PRCG20_1200750005,プラスチックフィルム・シート,パウチ包材
PRCG20_1200150055,そう菜,PRCG20_1202050002,精米,主食材
PRCG20_1200150055,そう菜,PRCG20_1200150015,小麦粉,調理素材
PRCG20_1200150055,そう菜,PRCG20_1202050009,鶏肉,具材原料
PRCG20_1200150055,そう菜,PRCG20_1202050008,豚肉,具材原料
PRCG20_1200150055,そう菜,PRCG20_1200150040,植物油脂（除混合植物油脂）,調理用油
PRCG20_1200150055,そう菜,PRCG20_1200750017,プラスチック製容器（除中空成形）,容器
PRCG20_1200150056,すし・弁当・おにぎり,PRCG20_1202050002,精米,主食材
PRCG20_1200150056,すし・弁当・おにぎり,PRCG20_1200150015,小麦粉,調理素材
PRCG20_1200150056,すし・弁当・おにぎり,PRCG20_1202050009,鶏肉,具材原料
PRCG20_1200150056,すし・弁当・おにぎり,PRCG20_1202050008,豚肉,具材原料
PRCG20_1200150056,すし・弁当・おにぎり,PRCG20_1200150040,植物油脂（除混合植物油脂）,調理用油
PRCG20_1200150056,すし・弁当・おにぎり,PRCG20_1200750017,プラスチック製容器（除中空成形）,容器
PRCG20_1200150057,豆腐・しみ豆腐・油揚げ類,PRCG20_2600150023,大豆,主原料
PRCG20_1200150057,豆腐・しみ豆腐・油揚げ類,PRCG20_1200150040,植物油脂（除混合植物油脂）,油揚げの揚げ油
PRCG20_1200150057,豆腐・しみ豆腐・油揚げ類,PRCG20_1202250001,事業用電力,製造・冷蔵の電力
PRCG20_1200150058,あん,PRCG20_2600150023,大豆,豆類原料
PRCG20_1200150058,あん,PRCG20_1200150036,砂糖,甘味原料
PRCG20_1200150058,あん,PRCG20_1202250001,事業用電力,製あんの電力
PRCG20_1200150059,サプリメント,PRCG20_2600650014,医薬品（除動物用）,原料成分・原末
PRCG20_1200150059,サプリメント,PRCG20_1200150037,でん粉,賦形剤
PRCG20_1200150059,サプリメント,PRCG20_1200750017,プラスチック製容器（除中空成形）,容器
PRCG20_1200150060,こんにゃく,PRCG20_1200550005,塩,凝固助剤等の副資材
PRCG20_1200150060,こんにゃく,PRCG20_1202250001,事業用電力,製造の電力
PRCG20_1200150060,こんにゃく,PRCG20_1200750005,プラスチックフィルム・シート,包装材
PRCG20_1200150061,即席みそ汁・インスタントスープ,PRCG20_1200150045,みそ,主原料
PRCG20_1200150061,即席みそ汁・インスタントスープ,PRCG20_1200150051,うま味・風味調味料,だし原料
PRCG20_1200150061,即席みそ汁・インスタントスープ,PRCG20_1202250001,事業用電力,乾燥工程の電力
PRCG20_1200150062,茶づけ・ふりかけ,PRCG20_1202050011,干のり,のり原料
PRCG20_1200150062,茶づけ・ふりかけ,PRCG20_1200550005,塩,調味原料
PRCG20_1200150062,茶づけ・ふりかけ,PRCG20_1200150051,うま味・風味調味料,調味原料
PRCG20_1200150063,納豆,PRCG20_2600150023,大豆,主原料
PRCG20_1200150063,納豆,PRCG20_1202250001,事業用電力,発酵・冷蔵の電力
PRCG20_1200150063,納豆,PRCG20_1200750017,プラスチック製容器（除中空成形）,容器
PRCG20_1200150064,パン粉,PRCG20_1200150015,小麦粉,主原料
PRCG20_1200150064,パン粉,PRCG20_1202250001,事業用電力,焙焼の電力
PRCG20_1200150064,パン粉,PRCG20_1200550005,塩,副原料
PRCG20_1200150065,清酒,PRCG20_1202050002,精米,主原料の酒米
PRCG20_1200150065,清酒,PRCG20_1202050001,玄米,原料米
PRCG20_1200150065,清酒,PRCG20_1200850007,ガラス容器,瓶容器
PRCG20_1200150065,清酒,PRCG20_1202250001,事業用電力,醸造・冷却の電力
PRCG20_1200150066,ビール,PRCG20_2600150012,こうじ・麦芽,主原料の麦芽
PRCG20_1200150066,ビール,PRCG20_2600150022,大麦,原料大麦
PRCG20_1200150066,ビール,PRCG20_1201150021,アルミニウム製飲料用缶,缶容器
PRCG20_1200150066,ビール,PRCG20_1200850007,ガラス容器,瓶容器
PRCG20_1200150067,発泡酒・新ジャンル,PRCG20_2600150012,こうじ・麦芽,主原料の麦芽
PRCG20_1200150067,発泡酒・新ジャンル,PRCG20_2600150022,大麦,原料大麦
PRCG20_1200150067,発泡酒・新ジャンル,PRCG20_1201150021,アルミニウム製飲料用缶,缶容器
PRCG20_1200150067,発泡酒・新ジャンル,PRCG20_1200850007,ガラス容器,瓶容器
PRCG20_1200150068,ウイスキー,PRCG20_2600150012,こうじ・麦芽,主原料の麦芽
PRCG20_1200150068,ウイスキー,PRCG20_2600150022,大麦,原料大麦
PRCG20_1200150068,ウイスキー,PRCG20_1200850007,ガラス容器,瓶容器
PRCG20_1200150069,果実酒・チューハイ,PRCG20_2600150022,大麦,焼酎等の原料
PRCG20_1200150069,果実酒・チューハイ,PRCG20_2600150014,果実酒,輸入バルクワイン原料
PRCG20_1200150069,果実酒・チューハイ,PRCG20_1200150036,砂糖,リキュール類の糖分
PRCG20_1200150069,果実酒・チューハイ,PRCG20_1200850007,ガラス容器,瓶容器
PRCG20_1200150069,果実酒・チューハイ,PRCG20_1201150021,アルミニウム製飲料用缶,缶チューハイの容器
PRCG20_1200150070,焼ちゅう,PRCG20_2600150022,大麦,焼酎等の原料
PRCG20_1200150070,焼ちゅう,PRCG20_2600150014,果実酒,輸入バルクワイン原料
PRCG20_1200150070,焼ちゅう,PRCG20_1200150036,砂糖,リキュール類の糖分
PRCG20_1200150070,焼ちゅう,PRCG20_1200850007,ガラス容器,瓶容器
PRCG20_1200150070,焼ちゅう,PRCG20_1201150021,アルミニウム製飲料用缶,缶チューハイの容器
PRCG20_1200150071,荒茶,PRCG20_1200550001,化学肥料,茶園の施肥コスト
PRCG20_1200150071,荒茶,PRCG20_1200650006,Ａ重油,製茶乾燥の燃料
PRCG20_1200150071,荒茶,PRCG20_1202250001,事業用電力,製茶の電力
PRCG20_1200150072,緑茶,PRCG20_1200150071,荒茶,主原料
PRCG20_1200150072,緑茶,PRCG20_1202250001,事業用電力,仕上げ加工の電力
PRCG20_1200150072,緑茶,PRCG20_1200750005,プラスチックフィルム・シート,包装材
PRCG20_1200150073,コーヒー,PRCG20_2600150025,コーヒー豆・カカオ豆,主原料の生豆
PRCG20_1200150073,コーヒー,PRCG20_1202250001,事業用電力,焙煎の電力
PRCG20_1200150073,コーヒー,PRCG20_1200650005,軽油,輸送用燃料
PRCG20_1200150074,炭酸飲料,PRCG20_1200150036,砂糖,甘味原料
PRCG20_1200150074,炭酸飲料,PRCG20_1200150039,異性化糖,甘味原料
PRCG20_1200150074,炭酸飲料,PRCG20_1200750016,飲料用プラスチックボトル,PETボトル容器
PRCG20_1200150074,炭酸飲料,PRCG20_1201150021,アルミニウム製飲料用缶,缶容器
PRCG20_1200150075,ジュース,PRCG20_1200150036,砂糖,甘味原料
PRCG20_1200150075,ジュース,PRCG20_1200150039,異性化糖,甘味原料
PRCG20_1200150075,ジュース,PRCG20_1200750016,飲料用プラスチックボトル,PETボトル容器
PRCG20_1200150075,ジュース,PRCG20_1201150021,アルミニウム製飲料用缶,缶容器
PRCG20_1200150076,コーヒー飲料,PRCG20_2600150025,コーヒー豆・カカオ豆,コーヒー原料
PRCG20_1200150076,コーヒー飲料,PRCG20_1200150036,砂糖,甘味原料
PRCG20_1200150076,コーヒー飲料,PRCG20_1201150021,アルミニウム製飲料用缶,缶容器
PRCG20_1200150077,茶飲料,PRCG20_1200150071,荒茶,茶葉原料
PRCG20_1200150077,茶飲料,PRCG20_1200750016,飲料用プラスチックボトル,PETボトル容器
PRCG20_1200150077,茶飲料,PRCG20_1202250001,事業用電力,抽出・充填の電力
PRCG20_1200150078,ミネラルウォーター,PRCG20_1200750016,飲料用プラスチックボトル,PETボトル容器
PRCG20_1200150078,ミネラルウォーター,PRCG20_1202250001,事業用電力,充填の電力
PRCG20_1200150078,ミネラルウォーター,PRCG20_1200650005,軽油,輸送用燃料
PRCG20_1200150079,スポーツドリンク,PRCG20_1200150036,砂糖,甘味原料
PRCG20_1200150079,スポーツドリンク,PRCG20_1200150039,異性化糖,甘味原料
PRCG20_1200150079,スポーツドリンク,PRCG20_1200750016,飲料用プラスチックボトル,PETボトル容器
PRCG20_1200150079,スポーツドリンク,PRCG20_1201150021,アルミニウム製飲料用缶,缶容器
PRCG20_1200150080,豆乳飲料,PRCG20_2600150023,大豆,主原料
PRCG20_1200150080,豆乳飲料,PRCG20_1200150036,砂糖,甘味原料
PRCG20_1200150080,豆乳飲料,PRCG20_2601050003,ミルクカートン用紙,紙容器
PRCG20_1200150081,ノンアルコール飲料,PRCG20_1200150036,砂糖,甘味原料
PRCG20_1200150081,ノンアルコール飲料,PRCG20_1200150039,異性化糖,甘味原料
PRCG20_1200150081,ノンアルコール飲料,PRCG20_1200750016,飲料用プラスチックボトル,PETボトル容器
PRCG20_1200150081,ノンアルコール飲料,PRCG20_1201150021,アルミニウム製飲料用缶,缶容器
PRCG20_1200150082,人造氷,PRCG20_1202250001,事業用電力,製氷の電力
PRCG20_1200150082,人造氷,PRCG20_1202250003,上水道,原料水
PRCG20_1200150082,人造氷,PRCG20_1200650005,軽油,配送用燃料
PRCG20_1200150083,配合飼料,PRCG20_2600150027,飼料作物,主原料のとうもろこし・こうりゃん
PRCG20_1200150083,配合飼料,PRCG20_2600150021,小麦,ふすま原料
PRCG20_1200150083,配合飼料,PRCG20_2600150008,植物油搾かす,大豆かす等のたんぱく源
PRCG20_1200150083,配合飼料,PRCG20_2600150019,フィッシュミール,動物性たんぱく原料
PRCG20_1200150084,ペットフード,PRCG20_2600150027,飼料作物,穀物原料
PRCG20_1200150084,ペットフード,PRCG20_2600150019,フィッシュミール,動物性たんぱく原料
PRCG20_1200150084,ペットフード,PRCG20_2600150030,鶏肉,肉類原料
PRCG20_1200150084,ペットフード,PRCG20_1201150012,食缶,缶容器
PRCG20_1200150085,たばこ,PRCG20_1202050004,葉たばこ,主原料
PRCG20_1200150085,たばこ,PRCG20_1200450006,加工原紙,巻紙原料
PRCG20_1200150085,たばこ,PRCG20_1202250001,事業用電力,製造工場の電力
PRCG20_1200250001,紡績糸,PRCG20_1200550032,化学繊維,合繊紡績の原料
PRCG20_1200250001,紡績糸,PRCG20_2600650013,化学繊維,輸入合繊原料
PRCG20_1200250001,紡績糸,PRCG20_1202250001,事業用電力,紡績工場の電力
PRCG20_1200250002,織物,PRCG20_1200250001,紡績糸,製織の主原料
PRCG20_1200250002,織物,PRCG20_1200550032,化学繊維,合繊フィラメント原料
PRCG20_1200250002,織物,PRCG20_2600250001,紡績糸,輸入糸
PRCG20_1200250003,フェルト生地・不織布,PRCG20_1200550032,化学繊維,主原料
PRCG20_1200250003,フェルト生地・不織布,PRCG20_1200550024,ポリプロピレン,スパンボンド原料
PRCG20_1200250003,フェルト生地・不織布,PRCG20_1200550022,ポリエチレン,熱接着繊維原料
PRCG20_1200250004,外衣・シャツ,PRCG20_1200250002,織物,生地の主原料
PRCG20_1200250004,外衣・シャツ,PRCG20_2600250002,織物,輸入生地
PRCG20_1200250004,外衣・シャツ,PRCG20_1200250001,紡績糸,ニット用糸
PRCG20_1200250005,下着類,PRCG20_1200250002,織物,生地の主原料
PRCG20_1200250005,下着類,PRCG20_2600250002,織物,輸入生地
PRCG20_1200250005,下着類,PRCG20_1200250001,紡績糸,ニット用糸
PRCG20_1200250006,繊維製身の回り品,PRCG20_1200250002,織物,生地原料
PRCG20_1200250006,繊維製身の回り品,PRCG20_2600250002,織物,輸入生地
PRCG20_1200250006,繊維製身の回り品,PRCG20_1200250001,紡績糸,縫糸・生地用糸
PRCG20_1200250007,寝具,PRCG20_1200250002,織物,生地原料
PRCG20_1200250007,寝具,PRCG20_1200550032,化学繊維,中綿・パイル原料
PRCG20_1200250007,寝具,PRCG20_2600250002,織物,輸入生地
PRCG20_1200250008,敷物,PRCG20_1200250002,織物,生地原料
PRCG20_1200250008,敷物,PRCG20_1200550032,化学繊維,中綿・パイル原料
PRCG20_1200250008,敷物,PRCG20_2600250002,織物,輸入生地
PRCG20_1200250009,繊維製帆布,PRCG20_1200550032,化学繊維,基布原料
PRCG20_1200250009,繊維製帆布,PRCG20_1200250001,紡績糸,織布用糸
PRCG20_1200250009,繊維製帆布,PRCG20_1200550025,塩化ビニル樹脂,ターポリン被覆材
PRCG20_1200250010,タオル,PRCG20_1200250002,織物,生地原料
PRCG20_1200250010,タオル,PRCG20_1200550032,化学繊維,中綿・パイル原料
PRCG20_1200250010,タオル,PRCG20_2600250002,織物,輸入生地
PRCG20_1200250011,衛生材料,PRCG20_1200250003,フェルト生地・不織布,基材の不織布
PRCG20_1200250011,衛生材料,PRCG20_1200550032,化学繊維,繊維原料
PRCG20_1200250011,衛生材料,PRCG20_1200550022,ポリエチレン,フィルム材
PRCG20_1200350001,板,PRCG20_1202050010,丸太,国産材原木
PRCG20_1200350001,板,PRCG20_2600450006,丸太,輸入原木
PRCG20_1200350001,板,PRCG20_2600450001,製材,輸入製材品
PRCG20_1200350001,板,PRCG20_1200650005,軽油,伐出・輸送の燃料
PRCG20_1200350002,ひき割,PRCG20_1202050010,丸太,国産材原木
PRCG20_1200350002,ひき割,PRCG20_2600450006,丸太,輸入原木
PRCG20_1200350002,ひき割,PRCG20_2600450001,製材,輸入製材品
PRCG20_1200350002,ひき割,PRCG20_1200650005,軽油,伐出・輸送の燃料
PRCG20_1200350003,ひき角,PRCG20_1202050010,丸太,国産材原木
PRCG20_1200350003,ひき角,PRCG20_2600450006,丸太,輸入原木
PRCG20_1200350003,ひき角,PRCG20_2600450001,製材,輸入製材品
PRCG20_1200350003,ひき角,PRCG20_1200650005,軽油,伐出・輸送の燃料
PRCG20_1200350004,梱包用材,PRCG20_1202050010,丸太,国産材原木
PRCG20_1200350004,梱包用材,PRCG20_2600450006,丸太,輸入原木
PRCG20_1200350004,梱包用材,PRCG20_2600450001,製材,輸入製材品
PRCG20_1200350004,梱包用材,PRCG20_1200650005,軽油,伐出・輸送の燃料
PRCG20_1200350005,普通合板,PRCG20_1202050010,丸太,国産材原木
PRCG20_1200350005,普通合板,PRCG20_2600450006,丸太,輸入原木
PRCG20_1200350005,普通合板,PRCG20_2600450002,合板,輸入合板
PRCG20_1200350005,普通合板,PRCG20_1200550046,接着剤,接着用樹脂
PRCG20_1200350006,特殊合板,PRCG20_1202050010,丸太,国産材原木
PRCG20_1200350006,特殊合板,PRCG20_2600450006,丸太,輸入原木
PRCG20_1200350006,特殊合板,PRCG20_2600450002,合板,輸入合板
PRCG20_1200350006,特殊合板,PRCG20_1200550046,接着剤,接着用樹脂
PRCG20_1200350007,集成材,PRCG20_1202050010,丸太,国産材原木
PRCG20_1200350007,集成材,PRCG20_2600450006,丸太,輸入原木
PRCG20_1200350007,集成材,PRCG20_2600450002,合板,輸入合板
PRCG20_1200350007,集成材,PRCG20_1200550046,接着剤,接着用樹脂
PRCG20_1200350008,木材チップ,PRCG20_1202050010,丸太,チップ原木
PRCG20_1200350008,木材チップ,PRCG20_1200650005,軽油,破砕・輸送の燃料
PRCG20_1200350008,木材チップ,PRCG20_1202250001,事業用電力,破砕の電力
PRCG20_1200350009,造作材,PRCG20_1200350001,板,製材品原料
PRCG20_1200350009,造作材,PRCG20_1200350005,普通合板,基材の合板
PRCG20_1200350009,造作材,PRCG20_1200350007,集成材,構造材原料
PRCG20_1200350009,造作材,PRCG20_1200550046,接着剤,接着用樹脂
PRCG20_1200350010,住宅建築用木製組立材料,PRCG20_1200350001,板,製材品原料
PRCG20_1200350010,住宅建築用木製組立材料,PRCG20_1200350005,普通合板,基材の合板
PRCG20_1200350010,住宅建築用木製組立材料,PRCG20_1200350007,集成材,構造材原料
PRCG20_1200350010,住宅建築用木製組立材料,PRCG20_1200550046,接着剤,接着用樹脂
PRCG20_1200350011,床板,PRCG20_1200350001,板,製材品原料
PRCG20_1200350011,床板,PRCG20_1200350005,普通合板,基材の合板
PRCG20_1200350011,床板,PRCG20_1200350007,集成材,構造材原料
PRCG20_1200350011,床板,PRCG20_1200550046,接着剤,接着用樹脂
PRCG20_1200350012,木箱,PRCG20_1200350001,板,製材品原料
PRCG20_1200350012,木箱,PRCG20_1200350005,普通合板,基材の合板
PRCG20_1200350012,木箱,PRCG20_1200350007,集成材,構造材原料
PRCG20_1200350012,木箱,PRCG20_1200550046,接着剤,接着用樹脂
PRCG20_1200450001,新聞用紙,PRCG20_2601050001,製紙さらしクラフトパルプ,パルプ原料
PRCG20_1200450001,新聞用紙,PRCG20_1202350001,古紙,古紙原料
PRCG20_1200450001,新聞用紙,PRCG20_1200350008,木材チップ,自製パルプの原料
PRCG20_1200450001,新聞用紙,PRCG20_1200650007,Ｂ重油・Ｃ重油,抄紙工程の燃料
PRCG20_1200450001,新聞用紙,PRCG20_1202250001,事業用電力,抄紙工程の電力
PRCG20_1200450002,非塗工印刷用紙,PRCG20_2601050001,製紙さらしクラフトパルプ,パルプ原料
PRCG20_1200450002,非塗工印刷用紙,PRCG20_1202350001,古紙,古紙原料
PRCG20_1200450002,非塗工印刷用紙,PRCG20_1200350008,木材チップ,自製パルプの原料
PRCG20_1200450002,非塗工印刷用紙,PRCG20_1200650007,Ｂ重油・Ｃ重油,抄紙工程の燃料
PRCG20_1200450002,非塗工印刷用紙,PRCG20_1202250001,事業用電力,抄紙工程の電力
PRCG20_1200450003,塗工印刷用紙,PRCG20_2601050001,製紙さらしクラフトパルプ,パルプ原料
PRCG20_1200450003,塗工印刷用紙,PRCG20_1202350001,古紙,古紙原料
PRCG20_1200450003,塗工印刷用紙,PRCG20_1200350008,木材チップ,自製パルプの原料
PRCG20_1200450003,塗工印刷用紙,PRCG20_1200650007,Ｂ重油・Ｃ重油,抄紙工程の燃料
PRCG20_1200450003,塗工印刷用紙,PRCG20_1202250001,事業用電力,抄紙工程の電力
PRCG20_1200450004,情報用紙,PRCG20_2601050001,製紙さらしクラフトパルプ,パルプ原料
PRCG20_1200450004,情報用紙,PRCG20_1202350001,古紙,古紙原料
PRCG20_1200450004,情報用紙,PRCG20_1200350008,木材チップ,自製パルプの原料
PRCG20_1200450004,情報用紙,PRCG20_1200650007,Ｂ重油・Ｃ重油,抄紙工程の燃料
PRCG20_1200450004,情報用紙,PRCG20_1202250001,事業用電力,抄紙工程の電力
PRCG20_1200450005,クラフト紙,PRCG20_2601050001,製紙さらしクラフトパルプ,パルプ原料
PRCG20_1200450005,クラフト紙,PRCG20_1202350001,古紙,古紙原料
PRCG20_1200450005,クラフト紙,PRCG20_1200350008,木材チップ,自製パルプの原料
PRCG20_1200450005,クラフト紙,PRCG20_1200650007,Ｂ重油・Ｃ重油,抄紙工程の燃料
PRCG20_1200450005,クラフト紙,PRCG20_1202250001,事業用電力,抄紙工程の電力
PRCG20_1200450006,加工原紙,PRCG20_2601050001,製紙さらしクラフトパルプ,パルプ原料
PRCG20_1200450006,加工原紙,PRCG20_1202350001,古紙,古紙原料
PRCG20_1200450006,加工原紙,PRCG20_1200350008,木材チップ,自製パルプの原料
PRCG20_1200450006,加工原紙,PRCG20_1200650007,Ｂ重油・Ｃ重油,抄紙工程の燃料
PRCG20_1200450006,加工原紙,PRCG20_1202250001,事業用電力,抄紙工程の電力
PRCG20_1200450007,ライナー,PRCG20_1202350001,古紙,主原料の古紙
PRCG20_1200450007,ライナー,PRCG20_2601050001,製紙さらしクラフトパルプ,パルプ原料
PRCG20_1200450007,ライナー,PRCG20_1200650007,Ｂ重油・Ｃ重油,抄紙工程の燃料
PRCG20_1200450007,ライナー,PRCG20_1202250001,事業用電力,抄紙工程の電力
PRCG20_1200450008,中しん原紙,PRCG20_1202350001,古紙,主原料の古紙
PRCG20_1200450008,中しん原紙,PRCG20_2601050001,製紙さらしクラフトパルプ,パルプ原料
PRCG20_1200450008,中しん原紙,PRCG20_1200650007,Ｂ重油・Ｃ重油,抄紙工程の燃料
PRCG20_1200450008,中しん原紙,PRCG20_1202250001,事業用電力,抄紙工程の電力
PRCG20_1200450009,白板紙,PRCG20_1202350001,古紙,主原料の古紙
PRCG20_1200450009,白板紙,PRCG20_2601050001,製紙さらしクラフトパルプ,パルプ原料
PRCG20_1200450009,白板紙,PRCG20_1200650007,Ｂ重油・Ｃ重油,抄紙工程の燃料
PRCG20_1200450009,白板紙,PRCG20_1202250001,事業用電力,抄紙工程の電力
PRCG20_1200450010,段ボール,PRCG20_1200450007,ライナー,表裏の原紙
PRCG20_1200450010,段ボール,PRCG20_1200450008,中しん原紙,中しんの原紙
PRCG20_1200450010,段ボール,PRCG20_1200550046,接着剤,貼合用接着剤
PRCG20_1200450011,アスファルト塗工紙,PRCG20_1200650009,アスファルト,塗工材
PRCG20_1200450011,アスファルト塗工紙,PRCG20_1200450006,加工原紙,原紙
PRCG20_1200450011,アスファルト塗工紙,PRCG20_1200450005,クラフト紙,基材紙
PRCG20_1200450012,ノーカーボン紙・粘着紙,PRCG20_1200450006,加工原紙,原紙
PRCG20_1200450012,ノーカーボン紙・粘着紙,PRCG20_1200550046,接着剤,粘着剤
PRCG20_1200450012,ノーカーボン紙・粘着紙,PRCG20_1200450002,非塗工印刷用紙,基材紙
PRCG20_1200450013,壁紙・ふすま紙,PRCG20_1200450006,加工原紙,原紙
PRCG20_1200450013,壁紙・ふすま紙,PRCG20_1200550025,塩化ビニル樹脂,ビニル壁紙の樹脂
PRCG20_1200450013,壁紙・ふすま紙,PRCG20_1200550003,無機顔料,着色材
PRCG20_1200450014,段ボール箱,PRCG20_1200450010,段ボール,主原料のシート
PRCG20_1200450014,段ボール箱,PRCG20_1200550044,印刷インキ,表示印刷用
PRCG20_1200450014,段ボール箱,PRCG20_1200650005,軽油,配送用燃料
PRCG20_1200450015,重包装紙袋,PRCG20_1200450005,クラフト紙,主原料
PRCG20_1200450015,重包装紙袋,PRCG20_1200550046,接着剤,製袋用
PRCG20_1200450015,重包装紙袋,PRCG20_1200550022,ポリエチレン,内層フィルム
PRCG20_1200450016,軽包装紙袋,PRCG20_1200450005,クラフト紙,主原料
PRCG20_1200450016,軽包装紙袋,PRCG20_1200550046,接着剤,製袋用
PRCG20_1200450016,軽包装紙袋,PRCG20_1200550044,印刷インキ,表示印刷用
PRCG20_1200450017,紙箱,PRCG20_1200450009,白板紙,主原料
PRCG20_1200450017,紙箱,PRCG20_1200550046,接着剤,製函用
PRCG20_1200450017,紙箱,PRCG20_1200550044,印刷インキ,表示印刷用
PRCG20_1200450018,大人用紙おむつ,PRCG20_2601050001,製紙さらしクラフトパルプ,吸収体パルプ
PRCG20_1200450018,大人用紙おむつ,PRCG20_1200250003,フェルト生地・不織布,表面材
PRCG20_1200450018,大人用紙おむつ,PRCG20_1200550022,ポリエチレン,防水材
PRCG20_1200450019,子供用紙おむつ,PRCG20_2601050001,製紙さらしクラフトパルプ,吸収体パルプ
PRCG20_1200450019,子供用紙おむつ,PRCG20_1200250003,フェルト生地・不織布,表面材
PRCG20_1200450019,子供用紙おむつ,PRCG20_1200550022,ポリエチレン,防水材
PRCG20_1200450020,ティッシュペーパー,PRCG20_2601050001,製紙さらしクラフトパルプ,主原料パルプ
PRCG20_1200450020,ティッシュペーパー,PRCG20_1202350001,古紙,再生原料
PRCG20_1200450020,ティッシュペーパー,PRCG20_1200450009,白板紙,箱材
PRCG20_1200450021,トイレットペーパー,PRCG20_1202350001,古紙,主原料
PRCG20_1200450021,トイレットペーパー,PRCG20_2601050001,製紙さらしクラフトパルプ,パルプ原料
PRCG20_1200450021,トイレットペーパー,PRCG20_1202250001,事業用電力,抄紙の電力
PRCG20_1200450022,生理用品,PRCG20_2601050001,製紙さらしクラフトパルプ,吸収体パルプ
PRCG20_1200450022,生理用品,PRCG20_1200250003,フェルト生地・不織布,表面材
PRCG20_1200450022,生理用品,PRCG20_1200550022,ポリエチレン,防水材
PRCG20_1200450023,封筒,PRCG20_1200450002,非塗工印刷用紙,紙原料
PRCG20_1200450023,封筒,PRCG20_1200450009,白板紙,厚紙原料
PRCG20_1200450023,封筒,PRCG20_1202350001,古紙,再生原料
PRCG20_1200450023,封筒,PRCG20_1200550046,接着剤,加工用接着剤
PRCG20_1200450024,日用紙製品,PRCG20_1200450002,非塗工印刷用紙,紙原料
PRCG20_1200450024,日用紙製品,PRCG20_1200450009,白板紙,厚紙原料
PRCG20_1200450024,日用紙製品,PRCG20_1202350001,古紙,再生原料
PRCG20_1200450024,日用紙製品,PRCG20_1200550046,接着剤,加工用接着剤
PRCG20_1200450025,紙管,PRCG20_1202350001,古紙,原紙原料
PRCG20_1200450025,紙管,PRCG20_1200550046,接着剤,巻取り接着用
PRCG20_1200450025,紙管,PRCG20_1202250001,事業用電力,加工の電力
PRCG20_1200550001,化学肥料,PRCG20_2600650001,化学肥料,輸入原料肥料（尿素・りん安・塩化カリ）
PRCG20_1200550001,化学肥料,PRCG20_2600550011,液化天然ガス,アンモニア合成の原燃料
PRCG20_1200550001,化学肥料,PRCG20_1200650002,ナフサ,水素源の石化原料
PRCG20_1200550002,ソーダ工業製品,PRCG20_2601050030,原塩,電解の主原料
PRCG20_1200550002,ソーダ工業製品,PRCG20_1202250001,事業用電力,電解工程の大量電力
PRCG20_1200550002,ソーダ工業製品,PRCG20_1200550005,塩,国産塩原料
PRCG20_1200550003,無機顔料,PRCG20_1200550002,ソーダ工業製品,反応用アルカリ
PRCG20_1200550003,無機顔料,PRCG20_2600650002,無機顔料,輸入顔料原料
PRCG20_1200550003,無機顔料,PRCG20_1202250001,事業用電力,焼成工程の電力
PRCG20_1200550004,圧縮ガス・液化ガス,PRCG20_1202250001,事業用電力,空気分離の大量電力
PRCG20_1200550004,圧縮ガス・液化ガス,PRCG20_1200650002,ナフサ,水素等の原料
PRCG20_1200550004,圧縮ガス・液化ガス,PRCG20_2600550011,液化天然ガス,原料ガス
PRCG20_1200550005,塩,PRCG20_2601050030,原塩,輸入原塩
PRCG20_1200550005,塩,PRCG20_1202250001,事業用電力,製塩の電力
PRCG20_1200550005,塩,PRCG20_1200650007,Ｂ重油・Ｃ重油,せんごう燃料
PRCG20_1200550006,電池用無機化学工業製品,PRCG20_2600650003,炭酸リチウム,リチウム原料
PRCG20_1200550006,電池用無機化学工業製品,PRCG20_2600350015,コバルト地金,正極材原料
PRCG20_1200550006,電池用無機化学工業製品,PRCG20_2600350017,ニッケル地金,正極材原料
PRCG20_1200550006,電池用無機化学工業製品,PRCG20_1202250001,事業用電力,合成・焼成の電力
PRCG20_1200550007,エチレン,PRCG20_1200650002,ナフサ,分解原料
PRCG20_1200550007,エチレン,PRCG20_2600550002,ナフサ,輸入ナフサ
PRCG20_1200550007,エチレン,PRCG20_2600550010,原油,原油価格連動
PRCG20_1200550008,プロピレン,PRCG20_1200650002,ナフサ,分解原料
PRCG20_1200550008,プロピレン,PRCG20_2600550002,ナフサ,輸入ナフサ
PRCG20_1200550008,プロピレン,PRCG20_2600550010,原油,原油価格連動
PRCG20_1200550009,ブタン・ブチレン・ブタジエン,PRCG20_1200650002,ナフサ,分解原料
PRCG20_1200550009,ブタン・ブチレン・ブタジエン,PRCG20_2600550002,ナフサ,輸入ナフサ
PRCG20_1200550009,ブタン・ブチレン・ブタジエン,PRCG20_2600550010,原油,原油価格連動
PRCG20_1200550010,ベンゼン,PRCG20_1200650002,ナフサ,改質原料
PRCG20_1200550010,ベンゼン,PRCG20_2600550002,ナフサ,輸入ナフサ
PRCG20_1200550010,ベンゼン,PRCG20_2600550010,原油,原油価格連動
PRCG20_1200550011,キシレン,PRCG20_1200650002,ナフサ,改質原料
PRCG20_1200550011,キシレン,PRCG20_2600550002,ナフサ,輸入ナフサ
PRCG20_1200550011,キシレン,PRCG20_2600550010,原油,原油価格連動
PRCG20_1200550012,合成アセトン,PRCG20_1200550007,エチレン,誘導品の基礎原料
PRCG20_1200550012,合成アセトン,PRCG20_1200550008,プロピレン,誘導品の基礎原料
PRCG20_1200550012,合成アセトン,PRCG20_1200650002,ナフサ,上流の石化原料
PRCG20_1200550013,酸化エチレン・エチレングリコール,PRCG20_1200550007,エチレン,誘導品の基礎原料
PRCG20_1200550013,酸化エチレン・エチレングリコール,PRCG20_1200550008,プロピレン,誘導品の基礎原料
PRCG20_1200550013,酸化エチレン・エチレングリコール,PRCG20_1200650002,ナフサ,上流の石化原料
PRCG20_1200550014,酸化プロピレン・ポリプロピレングリコール,PRCG20_1200550007,エチレン,誘導品の基礎原料
PRCG20_1200550014,酸化プロピレン・ポリプロピレングリコール,PRCG20_1200550008,プロピレン,誘導品の基礎原料
PRCG20_1200550014,酸化プロピレン・ポリプロピレングリコール,PRCG20_1200650002,ナフサ,上流の石化原料
PRCG20_1200550015,塩化ビニルモノマー,PRCG20_1200550007,エチレン,主原料
PRCG20_1200550015,塩化ビニルモノマー,PRCG20_1200550002,ソーダ工業製品,塩素源
PRCG20_1200550015,塩化ビニルモノマー,PRCG20_1202250001,事業用電力,電解・重合の電力
PRCG20_1200550016,アクリロニトリル,PRCG20_1200550007,エチレン,誘導品の基礎原料
PRCG20_1200550016,アクリロニトリル,PRCG20_1200550008,プロピレン,誘導品の基礎原料
PRCG20_1200550016,アクリロニトリル,PRCG20_1200650002,ナフサ,上流の石化原料
PRCG20_1200550017,スチレンモノマー,PRCG20_1200550010,ベンゼン,主原料
PRCG20_1200550017,スチレンモノマー,PRCG20_1200550007,エチレン,主原料
PRCG20_1200550017,スチレンモノマー,PRCG20_1200650002,ナフサ,上流の石化原料
PRCG20_1200550018,フェノール・ビスフェノールＡ,PRCG20_1200550010,ベンゼン,芳香族原料
PRCG20_1200550018,フェノール・ビスフェノールＡ,PRCG20_1200550011,キシレン,芳香族原料
PRCG20_1200550018,フェノール・ビスフェノールＡ,PRCG20_1200650002,ナフサ,上流の石化原料
PRCG20_1200550019,合成染料,PRCG20_1200550010,ベンゼン,芳香族原料
PRCG20_1200550019,合成染料,PRCG20_1200550011,キシレン,芳香族原料
PRCG20_1200550019,合成染料,PRCG20_1200650002,ナフサ,上流の石化原料
PRCG20_1200550020,合成ゴム,PRCG20_1200550009,ブタン・ブチレン・ブタジエン,主原料のブタジエン
PRCG20_1200550020,合成ゴム,PRCG20_1200550017,スチレンモノマー,SBR原料
PRCG20_1200550020,合成ゴム,PRCG20_1200650002,ナフサ,上流の石化原料
PRCG20_1200550021,熱硬化性樹脂,PRCG20_1200550018,フェノール・ビスフェノールＡ,フェノール樹脂・エポキシの原料
PRCG20_1200550021,熱硬化性樹脂,PRCG20_1200650002,ナフサ,上流の石化原料
PRCG20_1200550021,熱硬化性樹脂,PRCG20_1200550012,合成アセトン,溶剤・原料
PRCG20_1200550022,ポリエチレン,PRCG20_1200550007,エチレン,重合原料
PRCG20_1200550022,ポリエチレン,PRCG20_1200650002,ナフサ,上流の石化原料
PRCG20_1200550022,ポリエチレン,PRCG20_2600650011,熱可塑性樹脂,輸入樹脂
PRCG20_1200550023,ポリスチレン,PRCG20_1200550017,スチレンモノマー,重合原料
PRCG20_1200550023,ポリスチレン,PRCG20_1200650002,ナフサ,上流の石化原料
PRCG20_1200550023,ポリスチレン,PRCG20_2600650011,熱可塑性樹脂,輸入樹脂
PRCG20_1200550024,ポリプロピレン,PRCG20_1200550008,プロピレン,重合原料
PRCG20_1200550024,ポリプロピレン,PRCG20_1200650002,ナフサ,上流の石化原料
PRCG20_1200550024,ポリプロピレン,PRCG20_2600650011,熱可塑性樹脂,輸入樹脂
PRCG20_1200550025,塩化ビニル樹脂,PRCG20_1200550015,塩化ビニルモノマー,重合原料
PRCG20_1200550025,塩化ビニル樹脂,PRCG20_1200550002,ソーダ工業製品,塩素源
PRCG20_1200550025,塩化ビニル樹脂,PRCG20_1200550007,エチレン,上流原料
PRCG20_1200550026,ポリアミド樹脂,PRCG20_1200550011,キシレン,PET系原料のパラキシレン
PRCG20_1200550026,ポリアミド樹脂,PRCG20_1200550007,エチレン,重合原料
PRCG20_1200550026,ポリアミド樹脂,PRCG20_1200550010,ベンゼン,芳香族原料
PRCG20_1200550026,ポリアミド樹脂,PRCG20_1200650002,ナフサ,上流の石化原料
PRCG20_1200550027,飽和ポリエステル樹脂,PRCG20_1200550011,キシレン,PTA原料のパラキシレン
PRCG20_1200550027,飽和ポリエステル樹脂,PRCG20_1200550013,酸化エチレン・エチレングリコール,グリコール原料
PRCG20_1200550027,飽和ポリエステル樹脂,PRCG20_1200650002,ナフサ,上流の石化原料
PRCG20_1200550028,ポリカーボネート,PRCG20_1200550018,フェノール・ビスフェノールＡ,主原料
PRCG20_1200550028,ポリカーボネート,PRCG20_1200550010,ベンゼン,上流の芳香族原料
PRCG20_1200550028,ポリカーボネート,PRCG20_1200650002,ナフサ,上流の石化原料
PRCG20_1200550029,ポリフェニレンサルファイド,PRCG20_1200550011,キシレン,PET系原料のパラキシレン
PRCG20_1200550029,ポリフェニレンサルファイド,PRCG20_1200550007,エチレン,重合原料
PRCG20_1200550029,ポリフェニレンサルファイド,PRCG20_1200550010,ベンゼン,芳香族原料
PRCG20_1200550029,ポリフェニレンサルファイド,PRCG20_1200650002,ナフサ,上流の石化原料
PRCG20_1200550030,メタクリル樹脂,PRCG20_1200550012,合成アセトン,メタクリル原料
PRCG20_1200550030,メタクリル樹脂,PRCG20_1200650002,ナフサ,上流の石化原料
PRCG20_1200550030,メタクリル樹脂,PRCG20_1202250001,事業用電力,重合工程の電力
PRCG20_1200550031,フッ素樹脂,PRCG20_1200550012,合成アセトン,メタクリル原料
PRCG20_1200550031,フッ素樹脂,PRCG20_1200650002,ナフサ,上流の石化原料
PRCG20_1200550031,フッ素樹脂,PRCG20_1202250001,事業用電力,重合工程の電力
PRCG20_1200550032,化学繊維,PRCG20_1200550013,酸化エチレン・エチレングリコール,ポリエステル原料
PRCG20_1200550032,化学繊維,PRCG20_1200550011,キシレン,PTA原料のパラキシレン
PRCG20_1200550032,化学繊維,PRCG20_1200650002,ナフサ,上流の石化原料
PRCG20_1200550033,医薬品（除動物用）,PRCG20_2600650014,医薬品（除動物用）,輸入原薬・中間体
PRCG20_1200550033,医薬品（除動物用）,PRCG20_1200750017,プラスチック製容器（除中空成形）,包装容器
PRCG20_1200550033,医薬品（除動物用）,PRCG20_1202250001,事業用電力,製造・空調の電力
PRCG20_1200550034,石けん・身体洗浄剤,PRCG20_2600150009,オリーブ油・パーム油,油脂原料（パーム系）
PRCG20_1200550034,石けん・身体洗浄剤,PRCG20_1200150040,植物油脂（除混合植物油脂）,油脂原料
PRCG20_1200550034,石けん・身体洗浄剤,PRCG20_1200550002,ソーダ工業製品,けん化用アルカリ
PRCG20_1200550034,石けん・身体洗浄剤,PRCG20_1200550013,酸化エチレン・エチレングリコール,非イオン界面活性剤原料
PRCG20_1200550035,家庭用合成洗剤,PRCG20_2600150009,オリーブ油・パーム油,油脂原料（パーム系）
PRCG20_1200550035,家庭用合成洗剤,PRCG20_1200150040,植物油脂（除混合植物油脂）,油脂原料
PRCG20_1200550035,家庭用合成洗剤,PRCG20_1200550002,ソーダ工業製品,けん化用アルカリ
PRCG20_1200550035,家庭用合成洗剤,PRCG20_1200550013,酸化エチレン・エチレングリコール,非イオン界面活性剤原料
PRCG20_1200550036,柔軟仕上げ剤,PRCG20_2600150009,オリーブ油・パーム油,油脂原料（パーム系）
PRCG20_1200550036,柔軟仕上げ剤,PRCG20_1200150040,植物油脂（除混合植物油脂）,油脂原料
PRCG20_1200550036,柔軟仕上げ剤,PRCG20_1200550002,ソーダ工業製品,けん化用アルカリ
PRCG20_1200550036,柔軟仕上げ剤,PRCG20_1200550013,酸化エチレン・エチレングリコール,非イオン界面活性剤原料
PRCG20_1200550037,界面活性剤,PRCG20_2600150009,オリーブ油・パーム油,油脂原料（パーム系）
PRCG20_1200550037,界面活性剤,PRCG20_1200150040,植物油脂（除混合植物油脂）,油脂原料
PRCG20_1200550037,界面活性剤,PRCG20_1200550002,ソーダ工業製品,けん化用アルカリ
PRCG20_1200550037,界面活性剤,PRCG20_1200550013,酸化エチレン・エチレングリコール,非イオン界面活性剤原料
PRCG20_1200550038,仕上用・皮膚用化粧品,PRCG20_1200550037,界面活性剤,洗浄・乳化成分
PRCG20_1200550038,仕上用・皮膚用化粧品,PRCG20_1200150040,植物油脂（除混合植物油脂）,油性成分
PRCG20_1200550038,仕上用・皮膚用化粧品,PRCG20_1200550049,香料,賦香成分
PRCG20_1200550038,仕上用・皮膚用化粧品,PRCG20_1200750017,プラスチック製容器（除中空成形）,容器
PRCG20_1200550039,頭髪用化粧品,PRCG20_1200550037,界面活性剤,洗浄・乳化成分
PRCG20_1200550039,頭髪用化粧品,PRCG20_1200150040,植物油脂（除混合植物油脂）,油性成分
PRCG20_1200550039,頭髪用化粧品,PRCG20_1200550049,香料,賦香成分
PRCG20_1200550039,頭髪用化粧品,PRCG20_1200750017,プラスチック製容器（除中空成形）,容器
PRCG20_1200550040,歯磨,PRCG20_1200550037,界面活性剤,洗浄・乳化成分
PRCG20_1200550040,歯磨,PRCG20_1200150040,植物油脂（除混合植物油脂）,油性成分
PRCG20_1200550040,歯磨,PRCG20_1200550049,香料,賦香成分
PRCG20_1200550040,歯磨,PRCG20_1200750017,プラスチック製容器（除中空成形）,容器
PRCG20_1200550041,電気絶縁塗料,PRCG20_1200550011,キシレン,溶剤原料
PRCG20_1200550041,電気絶縁塗料,PRCG20_1200550003,無機顔料,顔料成分
PRCG20_1200550041,電気絶縁塗料,PRCG20_1200550021,熱硬化性樹脂,塗膜形成樹脂
PRCG20_1200550041,電気絶縁塗料,PRCG20_1200550027,飽和ポリエステル樹脂,塗膜形成樹脂
PRCG20_1200550042,合成樹脂塗料,PRCG20_1200550011,キシレン,溶剤原料
PRCG20_1200550042,合成樹脂塗料,PRCG20_1200550003,無機顔料,顔料成分
PRCG20_1200550042,合成樹脂塗料,PRCG20_1200550021,熱硬化性樹脂,塗膜形成樹脂
PRCG20_1200550042,合成樹脂塗料,PRCG20_1200550027,飽和ポリエステル樹脂,塗膜形成樹脂
PRCG20_1200550043,シンナー,PRCG20_1200550011,キシレン,溶剤原料
PRCG20_1200550043,シンナー,PRCG20_1200550003,無機顔料,顔料成分
PRCG20_1200550043,シンナー,PRCG20_1200550021,熱硬化性樹脂,塗膜形成樹脂
PRCG20_1200550043,シンナー,PRCG20_1200550027,飽和ポリエステル樹脂,塗膜形成樹脂
PRCG20_1200550044,印刷インキ,PRCG20_1200550003,無機顔料,顔料成分
PRCG20_1200550044,印刷インキ,PRCG20_1200550019,合成染料,色材
PRCG20_1200550044,印刷インキ,PRCG20_1200550011,キシレン,溶剤原料
PRCG20_1200550044,印刷インキ,PRCG20_1200550027,飽和ポリエステル樹脂,ビヒクル樹脂
PRCG20_1200550045,農薬,PRCG20_1200550010,ベンゼン,合成原料の芳香族
PRCG20_1200550045,農薬,PRCG20_1200550002,ソーダ工業製品,反応用アルカリ
PRCG20_1200550045,農薬,PRCG20_2600650018,農薬,輸入原体
PRCG20_1200550046,接着剤,PRCG20_1200550007,エチレン,酢ビ系原料
PRCG20_1200550046,接着剤,PRCG20_1200550027,飽和ポリエステル樹脂,ホットメルト原料
PRCG20_1200550046,接着剤,PRCG20_1200650002,ナフサ,上流の石化原料
PRCG20_1200550047,写真感光材料,PRCG20_1201050005,銀地金,感光材の銀
PRCG20_1200550047,写真感光材料,PRCG20_1200550027,飽和ポリエステル樹脂,フィルムベース原料
PRCG20_1200550047,写真感光材料,PRCG20_1202250001,事業用電力,製造工程の電力
PRCG20_1200550048,触媒,PRCG20_1200550002,ソーダ工業製品,基礎化学原料
PRCG20_1200550048,触媒,PRCG20_1200650002,ナフサ,石化系原料
PRCG20_1200550048,触媒,PRCG20_1202250001,事業用電力,製造工程の電力
PRCG20_1200550049,香料,PRCG20_1200550002,ソーダ工業製品,基礎化学原料
PRCG20_1200550049,香料,PRCG20_1200650002,ナフサ,石化系原料
PRCG20_1200550049,香料,PRCG20_1202250001,事業用電力,製造工程の電力
PRCG20_1200550050,漂白剤,PRCG20_1200550002,ソーダ工業製品,基礎化学原料
PRCG20_1200550050,漂白剤,PRCG20_1200650002,ナフサ,石化系原料
PRCG20_1200550050,漂白剤,PRCG20_1202250001,事業用電力,製造工程の電力
PRCG20_1200650001,ガソリン,PRCG20_2600550010,原油,精製の主原料
PRCG20_1200650001,ガソリン,PRCG20_2600550002,ナフサ,輸入製品・原料の価格連動
PRCG20_1200650001,ガソリン,PRCG20_2600550004,灯油,同一留分の国際製品価格連動
PRCG20_1200650002,ナフサ,PRCG20_2600550010,原油,精製の主原料
PRCG20_1200650002,ナフサ,PRCG20_2600550002,ナフサ,輸入製品・原料の価格連動
PRCG20_1200650002,ナフサ,PRCG20_2600550004,灯油,同一留分の国際製品価格連動
PRCG20_1200650003,ジェット燃料油,PRCG20_2600550010,原油,精製の主原料
PRCG20_1200650003,ジェット燃料油,PRCG20_2600550002,ナフサ,輸入製品・原料の価格連動
PRCG20_1200650003,ジェット燃料油,PRCG20_2600550004,灯油,同一留分の国際製品価格連動
PRCG20_1200650004,灯油,PRCG20_2600550010,原油,精製の主原料
PRCG20_1200650004,灯油,PRCG20_2600550002,ナフサ,輸入製品・原料の価格連動
PRCG20_1200650004,灯油,PRCG20_2600550004,灯油,同一留分の国際製品価格連動
PRCG20_1200650005,軽油,PRCG20_2600550010,原油,精製の主原料
PRCG20_1200650005,軽油,PRCG20_2600550002,ナフサ,輸入製品・原料の価格連動
PRCG20_1200650005,軽油,PRCG20_2600550004,灯油,同一留分の国際製品価格連動
PRCG20_1200650006,Ａ重油,PRCG20_2600550010,原油,精製の主原料
PRCG20_1200650006,Ａ重油,PRCG20_2600550002,ナフサ,輸入製品・原料の価格連動
PRCG20_1200650006,Ａ重油,PRCG20_2600550004,灯油,同一留分の国際製品価格連動
PRCG20_1200650007,Ｂ重油・Ｃ重油,PRCG20_2600550010,原油,精製の主原料
PRCG20_1200650007,Ｂ重油・Ｃ重油,PRCG20_2600550002,ナフサ,輸入製品・原料の価格連動
PRCG20_1200650007,Ｂ重油・Ｃ重油,PRCG20_2600550004,灯油,同一留分の国際製品価格連動
PRCG20_1200650008,潤滑油,PRCG20_2600550010,原油,精製の主原料
PRCG20_1200650008,潤滑油,PRCG20_2600550002,ナフサ,輸入製品・原料の価格連動
PRCG20_1200650008,潤滑油,PRCG20_2600550004,灯油,同一留分の国際製品価格連動
PRCG20_1200650009,アスファルト,PRCG20_2600550010,原油,精製の主原料
PRCG20_1200650009,アスファルト,PRCG20_2600550002,ナフサ,輸入製品・原料の価格連動
PRCG20_1200650009,アスファルト,PRCG20_2600550004,灯油,同一留分の国際製品価格連動
PRCG20_1200650010,液化石油ガス,PRCG20_2600550006,液化石油ガス,輸入LPG
PRCG20_1200650010,液化石油ガス,PRCG20_2600550010,原油,精製由来の原料
PRCG20_1200650010,液化石油ガス,PRCG20_1202250001,事業用電力,充填・貯蔵の電力
PRCG20_1200650011,石炭コークス,PRCG20_2600550008,原料炭,コークスの主原料
PRCG20_1200650011,石炭コークス,PRCG20_2600550009,一般炭,補助燃料炭
PRCG20_1200650011,石炭コークス,PRCG20_1202250001,事業用電力,炉の用役電力
PRCG20_1200650012,舗装材料,PRCG20_1200650009,アスファルト,結合材
PRCG20_1200650012,舗装材料,PRCG20_1202150003,砕石,骨材
PRCG20_1200650012,舗装材料,PRCG20_1202150002,砂利,骨材
PRCG20_1200750001,プラスチック板,PRCG20_1200550022,ポリエチレン,汎用樹脂原料
PRCG20_1200750001,プラスチック板,PRCG20_1200550024,ポリプロピレン,汎用樹脂原料
PRCG20_1200750001,プラスチック板,PRCG20_1200550025,塩化ビニル樹脂,塩ビ系原料
PRCG20_1200750001,プラスチック板,PRCG20_2600650011,熱可塑性樹脂,輸入樹脂
PRCG20_1200750001,プラスチック板,PRCG20_1202250001,事業用電力,成形工程の電力
PRCG20_1200750002,プラスチック管,PRCG20_1200550025,塩化ビニル樹脂,主原料
PRCG20_1200750002,プラスチック管,PRCG20_1200550022,ポリエチレン,PE管原料
PRCG20_1200750002,プラスチック管,PRCG20_1202250001,事業用電力,押出の電力
PRCG20_1200750003,プラスチック継手,PRCG20_1200550025,塩化ビニル樹脂,主原料
PRCG20_1200750003,プラスチック継手,PRCG20_1200550022,ポリエチレン,PE原料
PRCG20_1200750003,プラスチック継手,PRCG20_1202250001,事業用電力,成形の電力
PRCG20_1200750004,プラスチック雨どい,PRCG20_1200550025,塩化ビニル樹脂,主原料
PRCG20_1200750004,プラスチック雨どい,PRCG20_1202250001,事業用電力,押出の電力
PRCG20_1200750004,プラスチック雨どい,PRCG20_1200550003,無機顔料,着色材
PRCG20_1200750005,プラスチックフィルム・シート,PRCG20_1200550022,ポリエチレン,汎用樹脂原料
PRCG20_1200750005,プラスチックフィルム・シート,PRCG20_1200550024,ポリプロピレン,汎用樹脂原料
PRCG20_1200750005,プラスチックフィルム・シート,PRCG20_1200550025,塩化ビニル樹脂,塩ビ系原料
PRCG20_1200750005,プラスチックフィルム・シート,PRCG20_2600650011,熱可塑性樹脂,輸入樹脂
PRCG20_1200750005,プラスチックフィルム・シート,PRCG20_1202250001,事業用電力,成形工程の電力
PRCG20_1200750006,プラスチック床材,PRCG20_1200550025,塩化ビニル樹脂,主原料
PRCG20_1200750006,プラスチック床材,PRCG20_1200550003,無機顔料,着色材
PRCG20_1200750006,プラスチック床材,PRCG20_1202250001,事業用電力,成形の電力
PRCG20_1200750007,合成皮革,PRCG20_1200550025,塩化ビニル樹脂,表皮樹脂
PRCG20_1200750007,合成皮革,PRCG20_1200250002,織物,基布
PRCG20_1200750007,合成皮革,PRCG20_1200550027,飽和ポリエステル樹脂,PU系原料
PRCG20_1200750008,電気機器用プラスチック製品,PRCG20_1200550022,ポリエチレン,汎用樹脂原料
PRCG20_1200750008,電気機器用プラスチック製品,PRCG20_1200550024,ポリプロピレン,汎用樹脂原料
PRCG20_1200750008,電気機器用プラスチック製品,PRCG20_1200550025,塩化ビニル樹脂,塩ビ系原料
PRCG20_1200750008,電気機器用プラスチック製品,PRCG20_2600650011,熱可塑性樹脂,輸入樹脂
PRCG20_1200750008,電気機器用プラスチック製品,PRCG20_1202250001,事業用電力,成形工程の電力
PRCG20_1200750009,輸送機械用プラスチック製品,PRCG20_1200550022,ポリエチレン,汎用樹脂原料
PRCG20_1200750009,輸送機械用プラスチック製品,PRCG20_1200550024,ポリプロピレン,汎用樹脂原料
PRCG20_1200750009,輸送機械用プラスチック製品,PRCG20_1200550025,塩化ビニル樹脂,塩ビ系原料
PRCG20_1200750009,輸送機械用プラスチック製品,PRCG20_2600650011,熱可塑性樹脂,輸入樹脂
PRCG20_1200750009,輸送機械用プラスチック製品,PRCG20_1202250001,事業用電力,成形工程の電力
PRCG20_1200750010,軟質プラスチック発泡製品,PRCG20_1200550022,ポリエチレン,汎用樹脂原料
PRCG20_1200750010,軟質プラスチック発泡製品,PRCG20_1200550024,ポリプロピレン,汎用樹脂原料
PRCG20_1200750010,軟質プラスチック発泡製品,PRCG20_1200550025,塩化ビニル樹脂,塩ビ系原料
PRCG20_1200750010,軟質プラスチック発泡製品,PRCG20_2600650011,熱可塑性樹脂,輸入樹脂
PRCG20_1200750010,軟質プラスチック発泡製品,PRCG20_1202250001,事業用電力,成形工程の電力
PRCG20_1200750011,硬質プラスチック発泡製品,PRCG20_1200550022,ポリエチレン,汎用樹脂原料
PRCG20_1200750011,硬質プラスチック発泡製品,PRCG20_1200550024,ポリプロピレン,汎用樹脂原料
PRCG20_1200750011,硬質プラスチック発泡製品,PRCG20_1200550025,塩化ビニル樹脂,塩ビ系原料
PRCG20_1200750011,硬質プラスチック発泡製品,PRCG20_2600650011,熱可塑性樹脂,輸入樹脂
PRCG20_1200750011,硬質プラスチック発泡製品,PRCG20_1202250001,事業用電力,成形工程の電力
PRCG20_1200750012,強化プラスチック管板類,PRCG20_1200550021,熱硬化性樹脂,マトリックス樹脂
PRCG20_1200750012,強化プラスチック管板類,PRCG20_1200850005,ガラス繊維・同製品,強化繊維
PRCG20_1200750012,強化プラスチック管板類,PRCG20_1202250001,事業用電力,成形の電力
PRCG20_1200750013,再生プラスチック成形材料,PRCG20_1200550022,ポリエチレン,汎用樹脂原料
PRCG20_1200750013,再生プラスチック成形材料,PRCG20_1200550024,ポリプロピレン,汎用樹脂原料
PRCG20_1200750013,再生プラスチック成形材料,PRCG20_1200550025,塩化ビニル樹脂,塩ビ系原料
PRCG20_1200750013,再生プラスチック成形材料,PRCG20_2600650011,熱可塑性樹脂,輸入樹脂
PRCG20_1200750013,再生プラスチック成形材料,PRCG20_1202250001,事業用電力,成形工程の電力
PRCG20_1200750014,プラスチック製日用品,PRCG20_1200550022,ポリエチレン,汎用樹脂原料
PRCG20_1200750014,プラスチック製日用品,PRCG20_1200550024,ポリプロピレン,汎用樹脂原料
PRCG20_1200750014,プラスチック製日用品,PRCG20_1200550025,塩化ビニル樹脂,塩ビ系原料
PRCG20_1200750014,プラスチック製日用品,PRCG20_2600650011,熱可塑性樹脂,輸入樹脂
PRCG20_1200750014,プラスチック製日用品,PRCG20_1202250001,事業用電力,成形工程の電力
PRCG20_1200750015,プラスチック製中空成形容器,PRCG20_1200550022,ポリエチレン,主原料
PRCG20_1200750015,プラスチック製中空成形容器,PRCG20_1200550027,飽和ポリエステル樹脂,PET原料
PRCG20_1200750015,プラスチック製中空成形容器,PRCG20_1202250001,事業用電力,成形の電力
PRCG20_1200750016,飲料用プラスチックボトル,PRCG20_1200550027,飽和ポリエステル樹脂,PET樹脂原料
PRCG20_1200750016,飲料用プラスチックボトル,PRCG20_1202250001,事業用電力,成形の電力
PRCG20_1200750016,飲料用プラスチックボトル,PRCG20_2600650011,熱可塑性樹脂,輸入樹脂
PRCG20_1200750017,プラスチック製容器（除中空成形）,PRCG20_1200550022,ポリエチレン,汎用樹脂原料
PRCG20_1200750017,プラスチック製容器（除中空成形）,PRCG20_1200550024,ポリプロピレン,汎用樹脂原料
PRCG20_1200750017,プラスチック製容器（除中空成形）,PRCG20_1200550025,塩化ビニル樹脂,塩ビ系原料
PRCG20_1200750017,プラスチック製容器（除中空成形）,PRCG20_2600650011,熱可塑性樹脂,輸入樹脂
PRCG20_1200750017,プラスチック製容器（除中空成形）,PRCG20_1202250001,事業用電力,成形工程の電力
PRCG20_1200750018,医療・衛生用プラスチック製品,PRCG20_1200550022,ポリエチレン,汎用樹脂原料
PRCG20_1200750018,医療・衛生用プラスチック製品,PRCG20_1200550024,ポリプロピレン,汎用樹脂原料
PRCG20_1200750018,医療・衛生用プラスチック製品,PRCG20_1200550025,塩化ビニル樹脂,塩ビ系原料
PRCG20_1200750018,医療・衛生用プラスチック製品,PRCG20_2600650011,熱可塑性樹脂,輸入樹脂
PRCG20_1200750018,医療・衛生用プラスチック製品,PRCG20_1202250001,事業用電力,成形工程の電力
PRCG20_1200850001,板ガラス,PRCG20_1200550002,ソーダ工業製品,ソーダ灰原料
PRCG20_1200850001,板ガラス,PRCG20_1200650007,Ｂ重油・Ｃ重油,溶解炉燃料
PRCG20_1200850001,板ガラス,PRCG20_2600550011,液化天然ガス,溶解炉燃料
PRCG20_1200850001,板ガラス,PRCG20_1202250001,事業用電力,製造工程の電力
PRCG20_1200850002,合わせガラス,PRCG20_1200850001,板ガラス,母材ガラス
PRCG20_1200850002,合わせガラス,PRCG20_1200750005,プラスチックフィルム・シート,中間膜
PRCG20_1200850002,合わせガラス,PRCG20_1202250001,事業用電力,加工の電力
PRCG20_1200850003,強化ガラス,PRCG20_1200850001,板ガラス,母材ガラス
PRCG20_1200850003,強化ガラス,PRCG20_1202250001,事業用電力,強化炉の電力
PRCG20_1200850003,強化ガラス,PRCG20_1202250002,都市ガス,加熱燃料
PRCG20_1200850004,複層ガラス,PRCG20_1200850001,板ガラス,母材ガラス
PRCG20_1200850004,複層ガラス,PRCG20_1201050013,アルミ圧延製品,スペーサ材
PRCG20_1200850004,複層ガラス,PRCG20_1200550046,接着剤,封着材
PRCG20_1200850005,ガラス繊維・同製品,PRCG20_1200550002,ソーダ工業製品,ガラス原料
PRCG20_1200850005,ガラス繊維・同製品,PRCG20_1202250001,事業用電力,溶融の電力
PRCG20_1200850005,ガラス繊維・同製品,PRCG20_1202250002,都市ガス,溶融炉燃料
PRCG20_1200850006,ガラス製加工素材,PRCG20_1200550002,ソーダ工業製品,ガラス原料
PRCG20_1200850006,ガラス製加工素材,PRCG20_1202250002,都市ガス,溶融炉燃料
PRCG20_1200850006,ガラス製加工素材,PRCG20_1202250001,事業用電力,製造工程の電力
PRCG20_1200850006,ガラス製加工素材,PRCG20_1202350001,古紙,梱包材経由（軽微）
PRCG20_1200850007,ガラス容器,PRCG20_1200550002,ソーダ工業製品,ガラス原料
PRCG20_1200850007,ガラス容器,PRCG20_1202250002,都市ガス,溶融炉燃料
PRCG20_1200850007,ガラス容器,PRCG20_1202250001,事業用電力,製造工程の電力
PRCG20_1200850007,ガラス容器,PRCG20_1202350001,古紙,梱包材経由（軽微）
PRCG20_1200850008,ポルトランドセメント,PRCG20_1202150004,石灰石,主原料
PRCG20_1200850008,ポルトランドセメント,PRCG20_2600550009,一般炭,キルン燃料
PRCG20_1200850008,ポルトランドセメント,PRCG20_1202250001,事業用電力,粉砕の電力
PRCG20_1200850009,高炉セメント,PRCG20_1202150004,石灰石,主原料
PRCG20_1200850009,高炉セメント,PRCG20_2600550009,一般炭,キルン燃料
PRCG20_1200850009,高炉セメント,PRCG20_1202250001,事業用電力,粉砕の電力
PRCG20_1200850010,生コンクリート,PRCG20_1200850008,ポルトランドセメント,結合材
PRCG20_1200850010,生コンクリート,PRCG20_1202150002,砂利,骨材
PRCG20_1200850010,生コンクリート,PRCG20_1202150003,砕石,骨材
PRCG20_1200850010,生コンクリート,PRCG20_1200650005,軽油,ミキサー車燃料
PRCG20_1200850011,コンクリート管・ポール・パイル,PRCG20_1200850008,ポルトランドセメント,結合材
PRCG20_1200850011,コンクリート管・ポール・パイル,PRCG20_1200950003,小形棒鋼,補強鉄筋
PRCG20_1200850011,コンクリート管・ポール・パイル,PRCG20_1202150002,砂利,骨材
PRCG20_1200850011,コンクリート管・ポール・パイル,PRCG20_1202150003,砕石,骨材
PRCG20_1200850012,コンクリートブロック,PRCG20_1200850008,ポルトランドセメント,結合材
PRCG20_1200850012,コンクリートブロック,PRCG20_1200950003,小形棒鋼,補強鉄筋
PRCG20_1200850012,コンクリートブロック,PRCG20_1202150002,砂利,骨材
PRCG20_1200850012,コンクリートブロック,PRCG20_1202150003,砕石,骨材
PRCG20_1200850013,道路用コンクリート製品,PRCG20_1200850008,ポルトランドセメント,結合材
PRCG20_1200850013,道路用コンクリート製品,PRCG20_1200950003,小形棒鋼,補強鉄筋
PRCG20_1200850013,道路用コンクリート製品,PRCG20_1202150002,砂利,骨材
PRCG20_1200850013,道路用コンクリート製品,PRCG20_1202150003,砕石,骨材
PRCG20_1200850014,プレストレストコンクリート製品,PRCG20_1200850008,ポルトランドセメント,結合材
PRCG20_1200850014,プレストレストコンクリート製品,PRCG20_1200950003,小形棒鋼,補強鉄筋
PRCG20_1200850014,プレストレストコンクリート製品,PRCG20_1202150002,砂利,骨材
PRCG20_1200850014,プレストレストコンクリート製品,PRCG20_1202150003,砕石,骨材
PRCG20_1200850015,窯業外装材,PRCG20_1200850008,ポルトランドセメント,結合材
PRCG20_1200850015,窯業外装材,PRCG20_1200950003,小形棒鋼,補強鉄筋
PRCG20_1200850015,窯業外装材,PRCG20_1202150002,砂利,骨材
PRCG20_1200850015,窯業外装材,PRCG20_1202150003,砕石,骨材
PRCG20_1200850016,気泡コンクリート製品,PRCG20_1200850008,ポルトランドセメント,結合材
PRCG20_1200850016,気泡コンクリート製品,PRCG20_1200950003,小形棒鋼,補強鉄筋
PRCG20_1200850016,気泡コンクリート製品,PRCG20_1202150002,砂利,骨材
PRCG20_1200850016,気泡コンクリート製品,PRCG20_1202150003,砕石,骨材
PRCG20_1200850017,衛生陶器,PRCG20_1202250001,事業用電力,焼成の電力
PRCG20_1200850017,衛生陶器,PRCG20_1202250002,都市ガス,焼成炉燃料
PRCG20_1200850017,衛生陶器,PRCG20_1200650010,液化石油ガス,焼成炉燃料
PRCG20_1200850018,陶磁器製食器,PRCG20_1202250001,事業用電力,焼成の電力
PRCG20_1200850018,陶磁器製食器,PRCG20_1202250002,都市ガス,焼成炉燃料
PRCG20_1200850018,陶磁器製食器,PRCG20_1200650010,液化石油ガス,焼成炉燃料
PRCG20_1200850019,電気用陶磁器,PRCG20_1202250001,事業用電力,焼成の電力
PRCG20_1200850019,電気用陶磁器,PRCG20_1202250002,都市ガス,焼成炉燃料
PRCG20_1200850019,電気用陶磁器,PRCG20_1200650010,液化石油ガス,焼成炉燃料
PRCG20_1200850020,耐火物,PRCG20_1202250001,事業用電力,焼成の電力
PRCG20_1200850020,耐火物,PRCG20_2600550009,一般炭,焼成燃料
PRCG20_1200850020,耐火物,PRCG20_1202150004,石灰石,塩基性原料
PRCG20_1200850021,石こうボード・粘土かわら,PRCG20_1202350001,古紙,ボード原紙の原料
PRCG20_1200850021,石こうボード・粘土かわら,PRCG20_1202250001,事業用電力,焼成・乾燥の電力
PRCG20_1200850021,石こうボード・粘土かわら,PRCG20_1200650007,Ｂ重油・Ｃ重油,乾燥燃料
PRCG20_1200850022,炭素・黒鉛製品,PRCG20_2600550007,石油コークス,主原料
PRCG20_1200850022,炭素・黒鉛製品,PRCG20_1202250001,事業用電力,黒鉛化の大量電力
PRCG20_1200850022,炭素・黒鉛製品,PRCG20_2600550008,原料炭,ピッチ原料
PRCG20_1200850023,研磨材,PRCG20_1202250001,事業用電力,電気炉の電力
PRCG20_1200850023,研磨材,PRCG20_1200550002,ソーダ工業製品,原料アルカリ
PRCG20_1200850023,研磨材,PRCG20_2600550009,一般炭,還元剤
PRCG20_1200850024,石工品,PRCG20_2601050011,石工品,輸入石材半製品
PRCG20_1200850024,石工品,PRCG20_1202150003,砕石,石材原料
PRCG20_1200850024,石工品,PRCG20_1202250001,事業用電力,切削・研磨の電力
PRCG20_1200850025,生石灰,PRCG20_1202150004,石灰石,主原料
PRCG20_1200850025,生石灰,PRCG20_2600550009,一般炭,焼成燃料
PRCG20_1200850025,生石灰,PRCG20_1200650007,Ｂ重油・Ｃ重油,焼成燃料
PRCG20_1200950001,フェロマンガン,PRCG20_1202250001,事業用電力,電炉の大量電力
PRCG20_1200950001,フェロマンガン,PRCG20_2600550008,原料炭,還元剤
PRCG20_1200950001,フェロマンガン,PRCG20_2600350024,鉄鉱石,鉄源
PRCG20_1200950002,形鋼,PRCG20_2600350024,鉄鉱石,高炉の主原料
PRCG20_1200950002,形鋼,PRCG20_2600550008,原料炭,高炉の還元剤
PRCG20_1200950002,形鋼,PRCG20_1202350002,鉄屑,電炉の主原料
PRCG20_1200950002,形鋼,PRCG20_1200950001,フェロマンガン,成分調整の合金鉄
PRCG20_1200950002,形鋼,PRCG20_1202250001,事業用電力,圧延・電炉の電力
PRCG20_1200950003,小形棒鋼,PRCG20_2600350024,鉄鉱石,高炉の主原料
PRCG20_1200950003,小形棒鋼,PRCG20_2600550008,原料炭,高炉の還元剤
PRCG20_1200950003,小形棒鋼,PRCG20_1202350002,鉄屑,電炉の主原料
PRCG20_1200950003,小形棒鋼,PRCG20_1200950001,フェロマンガン,成分調整の合金鉄
PRCG20_1200950003,小形棒鋼,PRCG20_1202250001,事業用電力,圧延・電炉の電力
PRCG20_1200950004,線材,PRCG20_2600350024,鉄鉱石,高炉の主原料
PRCG20_1200950004,線材,PRCG20_2600550008,原料炭,高炉の還元剤
PRCG20_1200950004,線材,PRCG20_1202350002,鉄屑,電炉の主原料
PRCG20_1200950004,線材,PRCG20_1200950001,フェロマンガン,成分調整の合金鉄
PRCG20_1200950004,線材,PRCG20_1202250001,事業用電力,圧延・電炉の電力
PRCG20_1200950005,厚中板,PRCG20_2600350024,鉄鉱石,高炉の主原料
PRCG20_1200950005,厚中板,PRCG20_2600550008,原料炭,高炉の還元剤
PRCG20_1200950005,厚中板,PRCG20_1202350002,鉄屑,電炉の主原料
PRCG20_1200950005,厚中板,PRCG20_1200950001,フェロマンガン,成分調整の合金鉄
PRCG20_1200950005,厚中板,PRCG20_1202250001,事業用電力,圧延・電炉の電力
PRCG20_1200950006,熱延広幅帯鋼,PRCG20_2600350024,鉄鉱石,高炉の主原料
PRCG20_1200950006,熱延広幅帯鋼,PRCG20_2600550008,原料炭,高炉の還元剤
PRCG20_1200950006,熱延広幅帯鋼,PRCG20_1202350002,鉄屑,電炉の主原料
PRCG20_1200950006,熱延広幅帯鋼,PRCG20_1200950001,フェロマンガン,成分調整の合金鉄
PRCG20_1200950006,熱延広幅帯鋼,PRCG20_1202250001,事業用電力,圧延・電炉の電力
PRCG20_1200950007,工具鋼,PRCG20_1202350002,鉄屑,電炉原料
PRCG20_1200950007,工具鋼,PRCG20_2600350027,モリブデン鉱,合金元素
PRCG20_1200950007,工具鋼,PRCG20_1200950001,フェロマンガン,成分調整
PRCG20_1200950007,工具鋼,PRCG20_1202250001,事業用電力,電炉の電力
PRCG20_1200950008,機械構造用炭素鋼,PRCG20_2600350024,鉄鉱石,高炉の主原料
PRCG20_1200950008,機械構造用炭素鋼,PRCG20_2600550008,原料炭,高炉の還元剤
PRCG20_1200950008,機械構造用炭素鋼,PRCG20_1202350002,鉄屑,電炉の主原料
PRCG20_1200950008,機械構造用炭素鋼,PRCG20_1200950001,フェロマンガン,成分調整の合金鉄
PRCG20_1200950008,機械構造用炭素鋼,PRCG20_1202250001,事業用電力,圧延・電炉の電力
PRCG20_1200950009,構造用合金鋼,PRCG20_1202350002,鉄屑,電炉原料
PRCG20_1200950009,構造用合金鋼,PRCG20_2600350024,鉄鉱石,高炉原料
PRCG20_1200950009,構造用合金鋼,PRCG20_2600550008,原料炭,還元剤
PRCG20_1200950009,構造用合金鋼,PRCG20_2600350027,モリブデン鉱,合金元素
PRCG20_1200950009,構造用合金鋼,PRCG20_1202250001,事業用電力,電炉の電力
PRCG20_1200950010,特殊用途鋼,PRCG20_1202350002,鉄屑,電炉原料
PRCG20_1200950010,特殊用途鋼,PRCG20_2600350017,ニッケル地金,ステンレスの合金元素
PRCG20_1200950010,特殊用途鋼,PRCG20_2600350002,フェロクロム,クロム源
PRCG20_1200950010,特殊用途鋼,PRCG20_1202250001,事業用電力,電炉の電力
PRCG20_1200950011,普通鋼鋼管,PRCG20_1200950006,熱延広幅帯鋼,電縫管の母材
PRCG20_1200950011,普通鋼鋼管,PRCG20_1200950005,厚中板,大径管の母材
PRCG20_1200950011,普通鋼鋼管,PRCG20_1202350002,鉄屑,電炉鋼経由の鉄源
PRCG20_1200950012,ステンレス鋼管,PRCG20_1200950016,ステンレス冷延鋼板,造管母材
PRCG20_1200950012,ステンレス鋼管,PRCG20_2600350017,ニッケル地金,合金元素
PRCG20_1200950012,ステンレス鋼管,PRCG20_2600350002,フェロクロム,クロム源
PRCG20_1200950013,冷延広幅帯鋼,PRCG20_1200950006,熱延広幅帯鋼,冷延の母材
PRCG20_1200950013,冷延広幅帯鋼,PRCG20_1200950004,線材,伸線の母材
PRCG20_1200950013,冷延広幅帯鋼,PRCG20_1202250001,事業用電力,圧延の電力
PRCG20_1200950014,冷延電気鋼帯,PRCG20_1200950006,熱延広幅帯鋼,母材
PRCG20_1200950014,冷延電気鋼帯,PRCG20_2600350003,フェロシリコン,電磁鋼板のけい素源
PRCG20_1200950014,冷延電気鋼帯,PRCG20_1202250001,事業用電力,圧延の電力
PRCG20_1200950015,軽量形鋼,PRCG20_1200950006,熱延広幅帯鋼,冷延の母材
PRCG20_1200950015,軽量形鋼,PRCG20_1200950004,線材,伸線の母材
PRCG20_1200950015,軽量形鋼,PRCG20_1202250001,事業用電力,圧延の電力
PRCG20_1200950016,ステンレス冷延鋼板,PRCG20_2600350017,ニッケル地金,合金元素
PRCG20_1200950016,ステンレス冷延鋼板,PRCG20_2600350002,フェロクロム,クロム源
PRCG20_1200950016,ステンレス冷延鋼板,PRCG20_1202350002,鉄屑,電炉原料
PRCG20_1200950016,ステンレス冷延鋼板,PRCG20_1202250001,事業用電力,電炉・圧延の電力
PRCG20_1200950017,磨棒鋼,PRCG20_1200950006,熱延広幅帯鋼,冷延の母材
PRCG20_1200950017,磨棒鋼,PRCG20_1200950004,線材,伸線の母材
PRCG20_1200950017,磨棒鋼,PRCG20_1202250001,事業用電力,圧延の電力
PRCG20_1200950018,普通鋼鋼線・特殊鋼鋼線,PRCG20_1200950006,熱延広幅帯鋼,冷延の母材
PRCG20_1200950018,普通鋼鋼線・特殊鋼鋼線,PRCG20_1200950004,線材,伸線の母材
PRCG20_1200950018,普通鋼鋼線・特殊鋼鋼線,PRCG20_1202250001,事業用電力,圧延の電力
PRCG20_1200950019,亜鉛めっき鋼板,PRCG20_1200950013,冷延広幅帯鋼,めっき原板
PRCG20_1200950019,亜鉛めっき鋼板,PRCG20_1200950006,熱延広幅帯鋼,母材
PRCG20_1200950019,亜鉛めっき鋼板,PRCG20_2600350026,亜鉛鉱,めっき用亜鉛の原料
PRCG20_1200950020,ブリキ・クロムめっき鋼板,PRCG20_1200950013,冷延広幅帯鋼,めっき原板
PRCG20_1200950020,ブリキ・クロムめっき鋼板,PRCG20_1200950006,熱延広幅帯鋼,母材
PRCG20_1200950020,ブリキ・クロムめっき鋼板,PRCG20_2600350026,亜鉛鉱,めっき用亜鉛の原料
PRCG20_1200950021,鍛造品,PRCG20_1202350002,鉄屑,溶解原料
PRCG20_1200950021,鍛造品,PRCG20_1200650011,石炭コークス,キュポラ燃料
PRCG20_1200950021,鍛造品,PRCG20_1200950008,機械構造用炭素鋼,鍛造用鋼材
PRCG20_1200950021,鍛造品,PRCG20_1202250001,事業用電力,溶解の電力
PRCG20_1200950022,機械用銑鉄鋳物,PRCG20_1202350002,鉄屑,溶解原料
PRCG20_1200950022,機械用銑鉄鋳物,PRCG20_1200650011,石炭コークス,キュポラ燃料
PRCG20_1200950022,機械用銑鉄鋳物,PRCG20_1200950008,機械構造用炭素鋼,鍛造用鋼材
PRCG20_1200950022,機械用銑鉄鋳物,PRCG20_1202250001,事業用電力,溶解の電力
PRCG20_1200950023,鋳鉄管,PRCG20_1202350002,鉄屑,溶解原料
PRCG20_1200950023,鋳鉄管,PRCG20_1200650011,石炭コークス,キュポラ燃料
PRCG20_1200950023,鋳鉄管,PRCG20_1202250001,事業用電力,溶解の電力
PRCG20_1200950024,鉄鋼シャースリット,PRCG20_1200950006,熱延広幅帯鋼,加工母材
PRCG20_1200950024,鉄鋼シャースリット,PRCG20_1200950013,冷延広幅帯鋼,加工母材
PRCG20_1200950024,鉄鋼シャースリット,PRCG20_1202250001,事業用電力,加工の電力
PRCG20_1201050001,銅,PRCG20_2600350025,銅鉱,製錬の主原料
PRCG20_1201050001,銅,PRCG20_1202350003,銅・アルミニウム屑,リサイクル原料
PRCG20_1201050001,銅,PRCG20_1202250001,事業用電力,電解精製の電力
PRCG20_1201050002,鉛地金・はんだ・減摩合金,PRCG20_2600350016,すず地金,はんだ原料
PRCG20_1201050002,鉛地金・はんだ・減摩合金,PRCG20_1202350003,銅・アルミニウム屑,リサイクル原料経由
PRCG20_1201050002,鉛地金・はんだ・減摩合金,PRCG20_1202250001,事業用電力,製錬の電力
PRCG20_1201050003,アルミニウム合金・同二次合金地金,PRCG20_2600350009,アルミニウム地金,新地金原料
PRCG20_1201050003,アルミニウム合金・同二次合金地金,PRCG20_1202350003,銅・アルミニウム屑,二次合金の原料
PRCG20_1201050003,アルミニウム合金・同二次合金地金,PRCG20_1202250001,事業用電力,溶解の電力
PRCG20_1201050004,金地金,PRCG20_2600350011,金地金,国際価格連動
PRCG20_1201050004,金地金,PRCG20_2600350012,銀地金,国際価格連動
PRCG20_1201050004,金地金,PRCG20_1201050001,銅,副産回収の母体
PRCG20_1201050004,金地金,PRCG20_1202250001,事業用電力,精錬の電力
PRCG20_1201050005,銀地金,PRCG20_2600350011,金地金,国際価格連動
PRCG20_1201050005,銀地金,PRCG20_2600350012,銀地金,国際価格連動
PRCG20_1201050005,銀地金,PRCG20_1201050001,銅,副産回収の母体
PRCG20_1201050005,銀地金,PRCG20_1202250001,事業用電力,精錬の電力
PRCG20_1201050006,銅荒引線,PRCG20_1201050001,銅,導体の主原料
PRCG20_1201050006,銅荒引線,PRCG20_1200550025,塩化ビニル樹脂,被覆材
PRCG20_1201050006,銅荒引線,PRCG20_1200550022,ポリエチレン,絶縁材
PRCG20_1201050007,銅裸線,PRCG20_1201050001,銅,導体の主原料
PRCG20_1201050007,銅裸線,PRCG20_1200550025,塩化ビニル樹脂,被覆材
PRCG20_1201050007,銅裸線,PRCG20_1200550022,ポリエチレン,絶縁材
PRCG20_1201050008,プラスチック被覆銅線,PRCG20_1201050001,銅,導体の主原料
PRCG20_1201050008,プラスチック被覆銅線,PRCG20_1200550025,塩化ビニル樹脂,被覆材
PRCG20_1201050008,プラスチック被覆銅線,PRCG20_1200550022,ポリエチレン,絶縁材
PRCG20_1201050009,銅巻線,PRCG20_1201050001,銅,導体の主原料
PRCG20_1201050009,銅巻線,PRCG20_1200550025,塩化ビニル樹脂,被覆材
PRCG20_1201050009,銅巻線,PRCG20_1200550022,ポリエチレン,絶縁材
PRCG20_1201050010,電力・通信用メタルケーブル,PRCG20_1201050001,銅,導体の主原料
PRCG20_1201050010,電力・通信用メタルケーブル,PRCG20_1200550025,塩化ビニル樹脂,被覆材
PRCG20_1201050010,電力・通信用メタルケーブル,PRCG20_1200550022,ポリエチレン,絶縁材
PRCG20_1201050011,銅伸銅品,PRCG20_1201050001,銅,主原料
PRCG20_1201050011,銅伸銅品,PRCG20_2600350008,銅,輸入地金
PRCG20_1201050011,銅伸銅品,PRCG20_1202350003,銅・アルミニウム屑,リサイクル原料
PRCG20_1201050012,黄銅伸銅品,PRCG20_1201050001,銅,主原料
PRCG20_1201050012,黄銅伸銅品,PRCG20_2600350008,銅,輸入地金
PRCG20_1201050012,黄銅伸銅品,PRCG20_1202350003,銅・アルミニウム屑,リサイクル原料
PRCG20_1201050013,アルミ圧延製品,PRCG20_2600350009,アルミニウム地金,主原料
PRCG20_1201050013,アルミ圧延製品,PRCG20_1201050003,アルミニウム合金・同二次合金地金,合金原料
PRCG20_1201050013,アルミ圧延製品,PRCG20_1202250001,事業用電力,圧延の電力
PRCG20_1201050014,銅・アルミニウム鋳物,PRCG20_1201050003,アルミニウム合金・同二次合金地金,ダイカスト原料
PRCG20_1201050014,銅・アルミニウム鋳物,PRCG20_1201050001,銅,銅鋳物原料
PRCG20_1201050014,銅・アルミニウム鋳物,PRCG20_2600350010,アルミニウム合金・同二次合金地金,輸入合金地金
PRCG20_1201050015,アルミニウム合金ダイカスト,PRCG20_1201050003,アルミニウム合金・同二次合金地金,ダイカスト原料
PRCG20_1201050015,アルミニウム合金ダイカスト,PRCG20_1201050001,銅,銅鋳物原料
PRCG20_1201050015,アルミニウム合金ダイカスト,PRCG20_2600350010,アルミニウム合金・同二次合金地金,輸入合金地金
PRCG20_1201050016,アルミニウム鍛造品,PRCG20_1201050003,アルミニウム合金・同二次合金地金,ダイカスト原料
PRCG20_1201050016,アルミニウム鍛造品,PRCG20_1201050001,銅,銅鋳物原料
PRCG20_1201050016,アルミニウム鍛造品,PRCG20_2600350010,アルミニウム合金・同二次合金地金,輸入合金地金
PRCG20_1201050017,貴金属展伸材,PRCG20_1201050004,金地金,貴金属原料
PRCG20_1201050017,貴金属展伸材,PRCG20_1201050005,銀地金,貴金属原料
PRCG20_1201050017,貴金属展伸材,PRCG20_2600350013,白金地金,貴金属原料
PRCG20_1201150001,鉄骨,PRCG20_1200950002,形鋼,骨組の主材
PRCG20_1201150001,鉄骨,PRCG20_1200950005,厚中板,橋りょう等の主材
PRCG20_1201150001,鉄骨,PRCG20_1201150024,溶接棒,接合材
PRCG20_1201150002,橋りょう,PRCG20_1200950002,形鋼,骨組の主材
PRCG20_1201150002,橋りょう,PRCG20_1200950005,厚中板,橋りょう等の主材
PRCG20_1201150002,橋りょう,PRCG20_1201150024,溶接棒,接合材
PRCG20_1201150003,アルミニウムサッシ,PRCG20_1201050013,アルミ圧延製品,押出形材の素材
PRCG20_1201150003,アルミニウムサッシ,PRCG20_2600350009,アルミニウム地金,地金原料
PRCG20_1201150003,アルミニウムサッシ,PRCG20_1202250001,事業用電力,押出・表面処理の電力
PRCG20_1201150004,金属製サッシ・ドア（除アルミニウムサッシ）,PRCG20_1201050013,アルミ圧延製品,サッシの主材
PRCG20_1201150004,金属製サッシ・ドア（除アルミニウムサッシ）,PRCG20_1200950013,冷延広幅帯鋼,鋼製建具の主材
PRCG20_1201150004,金属製サッシ・ドア（除アルミニウムサッシ）,PRCG20_1200950019,亜鉛めっき鋼板,板金・シャッター材
PRCG20_1201150005,シャッター,PRCG20_1201050013,アルミ圧延製品,サッシの主材
PRCG20_1201150005,シャッター,PRCG20_1200950013,冷延広幅帯鋼,鋼製建具の主材
PRCG20_1201150005,シャッター,PRCG20_1200950019,亜鉛めっき鋼板,板金・シャッター材
PRCG20_1201150006,建築用板金製品,PRCG20_1201050013,アルミ圧延製品,サッシの主材
PRCG20_1201150006,建築用板金製品,PRCG20_1200950013,冷延広幅帯鋼,鋼製建具の主材
PRCG20_1201150006,建築用板金製品,PRCG20_1200950019,亜鉛めっき鋼板,板金・シャッター材
PRCG20_1201150007,ガス暖房・調理装置,PRCG20_1200950013,冷延広幅帯鋼,筐体材
PRCG20_1201150007,ガス暖房・調理装置,PRCG20_1200950011,普通鋼鋼管,配管部材
PRCG20_1201150007,ガス暖房・調理装置,PRCG20_1201050011,銅伸銅品,熱交換部材
PRCG20_1201150008,石油暖房装置,PRCG20_1200950013,冷延広幅帯鋼,筐体材
PRCG20_1201150008,石油暖房装置,PRCG20_1200950011,普通鋼鋼管,配管部材
PRCG20_1201150008,石油暖房装置,PRCG20_1201050011,銅伸銅品,熱交換部材
PRCG20_1201150009,ばね,PRCG20_1200950004,線材,圧造・成形の母材
PRCG20_1201150009,ばね,PRCG20_1200950018,普通鋼鋼線・特殊鋼鋼線,ばねの母材
PRCG20_1201150009,ばね,PRCG20_1200950008,機械構造用炭素鋼,切削品の母材
PRCG20_1201150009,ばね,PRCG20_2600350020,ボルト・ナット,輸入品
PRCG20_1201150010,ボルト・ナット,PRCG20_1200950004,線材,圧造・成形の母材
PRCG20_1201150010,ボルト・ナット,PRCG20_1200950018,普通鋼鋼線・特殊鋼鋼線,ばねの母材
PRCG20_1201150010,ボルト・ナット,PRCG20_1200950008,機械構造用炭素鋼,切削品の母材
PRCG20_1201150010,ボルト・ナット,PRCG20_2600350020,ボルト・ナット,輸入品
PRCG20_1201150011,18リットル缶,PRCG20_1200950020,ブリキ・クロムめっき鋼板,食缶・18L缶の材料
PRCG20_1201150011,18リットル缶,PRCG20_1200950013,冷延広幅帯鋼,缶胴材
PRCG20_1201150011,18リットル缶,PRCG20_1200950006,熱延広幅帯鋼,ドラム缶・ボンベ材
PRCG20_1201150012,食缶,PRCG20_1200950020,ブリキ・クロムめっき鋼板,食缶・18L缶の材料
PRCG20_1201150012,食缶,PRCG20_1200950013,冷延広幅帯鋼,缶胴材
PRCG20_1201150012,食缶,PRCG20_1200950006,熱延広幅帯鋼,ドラム缶・ボンベ材
PRCG20_1201150013,ボンベ,PRCG20_1200950020,ブリキ・クロムめっき鋼板,食缶・18L缶の材料
PRCG20_1201150013,ボンベ,PRCG20_1200950013,冷延広幅帯鋼,缶胴材
PRCG20_1201150013,ボンベ,PRCG20_1200950006,熱延広幅帯鋼,ドラム缶・ボンベ材
PRCG20_1201150014,ドラム缶,PRCG20_1200950020,ブリキ・クロムめっき鋼板,食缶・18L缶の材料
PRCG20_1201150014,ドラム缶,PRCG20_1200950013,冷延広幅帯鋼,缶胴材
PRCG20_1201150014,ドラム缶,PRCG20_1200950006,熱延広幅帯鋼,ドラム缶・ボンベ材
PRCG20_1201150015,刃物・道具類,PRCG20_1200950011,普通鋼鋼管,管材
PRCG20_1201150015,刃物・道具類,PRCG20_1200950022,機械用銑鉄鋳物,継手鋳物
PRCG20_1201150015,刃物・道具類,PRCG20_1200950007,工具鋼,刃物・道具の母材
PRCG20_1201150015,刃物・道具類,PRCG20_2600350021,刃物・道具類,輸入品
PRCG20_1201150016,金属製管継手,PRCG20_1200950011,普通鋼鋼管,管材
PRCG20_1201150016,金属製管継手,PRCG20_1200950022,機械用銑鉄鋳物,継手鋳物
PRCG20_1201150016,金属製管継手,PRCG20_1200950007,工具鋼,刃物・道具の母材
PRCG20_1201150016,金属製管継手,PRCG20_2600350021,刃物・道具類,輸入品
PRCG20_1201150017,配管工事用附属品,PRCG20_1200950011,普通鋼鋼管,管材
PRCG20_1201150017,配管工事用附属品,PRCG20_1200950022,機械用銑鉄鋳物,継手鋳物
PRCG20_1201150017,配管工事用附属品,PRCG20_1200950007,工具鋼,刃物・道具の母材
PRCG20_1201150017,配管工事用附属品,PRCG20_2600350021,刃物・道具類,輸入品
PRCG20_1201150018,粉末や金製品,PRCG20_1200950011,普通鋼鋼管,管材
PRCG20_1201150018,粉末や金製品,PRCG20_1200950022,機械用銑鉄鋳物,継手鋳物
PRCG20_1201150018,粉末や金製品,PRCG20_1200950007,工具鋼,刃物・道具の母材
PRCG20_1201150018,粉末や金製品,PRCG20_2600350021,刃物・道具類,輸入品
PRCG20_1201150019,錠・かぎ・建築用金物,PRCG20_1200950013,冷延広幅帯鋼,板金材
PRCG20_1201150019,錠・かぎ・建築用金物,PRCG20_1201050012,黄銅伸銅品,金物材
PRCG20_1201150019,錠・かぎ・建築用金物,PRCG20_1200950019,亜鉛めっき鋼板,耐食板材
PRCG20_1201150019,錠・かぎ・建築用金物,PRCG20_1200950018,普通鋼鋼線・特殊鋼鋼線,線材製品の母材
PRCG20_1201150020,架線金物,PRCG20_1200950013,冷延広幅帯鋼,板金材
PRCG20_1201150020,架線金物,PRCG20_1201050012,黄銅伸銅品,金物材
PRCG20_1201150020,架線金物,PRCG20_1200950019,亜鉛めっき鋼板,耐食板材
PRCG20_1201150020,架線金物,PRCG20_1200950018,普通鋼鋼線・特殊鋼鋼線,線材製品の母材
PRCG20_1201150021,アルミニウム製飲料用缶,PRCG20_1200950013,冷延広幅帯鋼,板金材
PRCG20_1201150021,アルミニウム製飲料用缶,PRCG20_1201050012,黄銅伸銅品,金物材
PRCG20_1201150021,アルミニウム製飲料用缶,PRCG20_1200950019,亜鉛めっき鋼板,耐食板材
PRCG20_1201150021,アルミニウム製飲料用缶,PRCG20_1200950018,普通鋼鋼線・特殊鋼鋼線,線材製品の母材
PRCG20_1201150022,金網,PRCG20_1200950013,冷延広幅帯鋼,板金材
PRCG20_1201150022,金網,PRCG20_1201050012,黄銅伸銅品,金物材
PRCG20_1201150022,金網,PRCG20_1200950019,亜鉛めっき鋼板,耐食板材
PRCG20_1201150022,金網,PRCG20_1200950018,普通鋼鋼線・特殊鋼鋼線,線材製品の母材
PRCG20_1201150023,ワイヤロープ・ＰＣ鋼より線,PRCG20_1200950013,冷延広幅帯鋼,板金材
PRCG20_1201150023,ワイヤロープ・ＰＣ鋼より線,PRCG20_1201050012,黄銅伸銅品,金物材
PRCG20_1201150023,ワイヤロープ・ＰＣ鋼より線,PRCG20_1200950019,亜鉛めっき鋼板,耐食板材
PRCG20_1201150023,ワイヤロープ・ＰＣ鋼より線,PRCG20_1200950018,普通鋼鋼線・特殊鋼鋼線,線材製品の母材
PRCG20_1201150024,溶接棒,PRCG20_1200950013,冷延広幅帯鋼,板金材
PRCG20_1201150024,溶接棒,PRCG20_1201050012,黄銅伸銅品,金物材
PRCG20_1201150024,溶接棒,PRCG20_1200950019,亜鉛めっき鋼板,耐食板材
PRCG20_1201150024,溶接棒,PRCG20_1200950018,普通鋼鋼線・特殊鋼鋼線,線材製品の母材
PRCG20_1201150025,金属製パッキン・ガスケット,PRCG20_1200950013,冷延広幅帯鋼,板金材
PRCG20_1201150025,金属製パッキン・ガスケット,PRCG20_1201050012,黄銅伸銅品,金物材
PRCG20_1201150025,金属製パッキン・ガスケット,PRCG20_1200950019,亜鉛めっき鋼板,耐食板材
PRCG20_1201150025,金属製パッキン・ガスケット,PRCG20_1200950018,普通鋼鋼線・特殊鋼鋼線,線材製品の母材
PRCG20_1201250001,ボイラ,PRCG20_1200950005,厚中板,胴・管板材
PRCG20_1201250001,ボイラ,PRCG20_1200950011,普通鋼鋼管,伝熱管
PRCG20_1201250001,ボイラ,PRCG20_1200950008,機械構造用炭素鋼,構造部材
PRCG20_1201250002,タービン,PRCG20_1200950010,特殊用途鋼,耐熱部材
PRCG20_1201250002,タービン,PRCG20_1200950021,鍛造品,ロータ素材
PRCG20_1201250002,タービン,PRCG20_1200950008,機械構造用炭素鋼,構造部材
PRCG20_1201250003,はん用内燃機関,PRCG20_1200950022,機械用銑鉄鋳物,シリンダブロック
PRCG20_1201250003,はん用内燃機関,PRCG20_1200950021,鍛造品,クランク軸素材
PRCG20_1201250003,はん用内燃機関,PRCG20_1200950008,機械構造用炭素鋼,構造部材
PRCG20_1201250004,うず巻ポンプ,PRCG20_1200950022,機械用銑鉄鋳物,ケーシング鋳物
PRCG20_1201250004,うず巻ポンプ,PRCG20_1201650001,電動機,駆動部
PRCG20_1201250004,うず巻ポンプ,PRCG20_1200950008,機械構造用炭素鋼,軸・構造部材
PRCG20_1201250004,うず巻ポンプ,PRCG20_1201250018,玉軸受,軸受部品
PRCG20_1201250005,水中ポンプ,PRCG20_1200950022,機械用銑鉄鋳物,ケーシング鋳物
PRCG20_1201250005,水中ポンプ,PRCG20_1201650001,電動機,駆動部
PRCG20_1201250005,水中ポンプ,PRCG20_1200950008,機械構造用炭素鋼,軸・構造部材
PRCG20_1201250005,水中ポンプ,PRCG20_1201250018,玉軸受,軸受部品
PRCG20_1201250006,圧縮機・送風機,PRCG20_1200950022,機械用銑鉄鋳物,ケーシング鋳物
PRCG20_1201250006,圧縮機・送風機,PRCG20_1201650001,電動機,駆動部
PRCG20_1201250006,圧縮機・送風機,PRCG20_1200950008,機械構造用炭素鋼,軸・構造部材
PRCG20_1201250006,圧縮機・送風機,PRCG20_1201250018,玉軸受,軸受部品
PRCG20_1201250007,油圧モータ,PRCG20_1200950022,機械用銑鉄鋳物,ケーシング鋳物
PRCG20_1201250007,油圧モータ,PRCG20_1201650001,電動機,駆動部
PRCG20_1201250007,油圧モータ,PRCG20_1200950008,機械構造用炭素鋼,軸・構造部材
PRCG20_1201250007,油圧モータ,PRCG20_1201250018,玉軸受,軸受部品
PRCG20_1201250008,油圧シリンダ,PRCG20_1200950022,機械用銑鉄鋳物,ケーシング鋳物
PRCG20_1201250008,油圧シリンダ,PRCG20_1201650001,電動機,駆動部
PRCG20_1201250008,油圧シリンダ,PRCG20_1200950008,機械構造用炭素鋼,軸・構造部材
PRCG20_1201250008,油圧シリンダ,PRCG20_1201250018,玉軸受,軸受部品
PRCG20_1201250009,油圧バルブ,PRCG20_1200950022,機械用銑鉄鋳物,ケーシング鋳物
PRCG20_1201250009,油圧バルブ,PRCG20_1201650001,電動機,駆動部
PRCG20_1201250009,油圧バルブ,PRCG20_1200950008,機械構造用炭素鋼,軸・構造部材
PRCG20_1201250009,油圧バルブ,PRCG20_1201250018,玉軸受,軸受部品
PRCG20_1201250010,空気圧機器,PRCG20_1200950022,機械用銑鉄鋳物,ケーシング鋳物
PRCG20_1201250010,空気圧機器,PRCG20_1201650001,電動機,駆動部
PRCG20_1201250010,空気圧機器,PRCG20_1200950008,機械構造用炭素鋼,軸・構造部材
PRCG20_1201250010,空気圧機器,PRCG20_1201250018,玉軸受,軸受部品
PRCG20_1201250011,エレベータ,PRCG20_1200950002,形鋼,構造材
PRCG20_1201250011,エレベータ,PRCG20_1201650001,電動機,駆動部
PRCG20_1201250011,エレベータ,PRCG20_1201150023,ワイヤロープ・ＰＣ鋼より線,巻上用
PRCG20_1201250011,エレベータ,PRCG20_1201250018,玉軸受,軸受部品
PRCG20_1201250012,クレーン,PRCG20_1200950002,形鋼,構造材
PRCG20_1201250012,クレーン,PRCG20_1201650001,電動機,駆動部
PRCG20_1201250012,クレーン,PRCG20_1201150023,ワイヤロープ・ＰＣ鋼より線,巻上用
PRCG20_1201250012,クレーン,PRCG20_1201250018,玉軸受,軸受部品
PRCG20_1201250013,巻上機,PRCG20_1200950002,形鋼,構造材
PRCG20_1201250013,巻上機,PRCG20_1201650001,電動機,駆動部
PRCG20_1201250013,巻上機,PRCG20_1201150023,ワイヤロープ・ＰＣ鋼より線,巻上用
PRCG20_1201250013,巻上機,PRCG20_1201250018,玉軸受,軸受部品
PRCG20_1201250014,コンベヤ,PRCG20_1200950002,形鋼,構造材
PRCG20_1201250014,コンベヤ,PRCG20_1201650001,電動機,駆動部
PRCG20_1201250014,コンベヤ,PRCG20_1201150023,ワイヤロープ・ＰＣ鋼より線,巻上用
PRCG20_1201250014,コンベヤ,PRCG20_1201250018,玉軸受,軸受部品
PRCG20_1201250015,冷凍機,PRCG20_1201050011,銅伸銅品,熱交換器の銅管
PRCG20_1201250015,冷凍機,PRCG20_1201050013,アルミ圧延製品,フィン材
PRCG20_1201250015,冷凍機,PRCG20_1201250006,圧縮機・送風機,冷凍サイクルの心臓部
PRCG20_1201250015,冷凍機,PRCG20_1201650001,電動機,駆動部
PRCG20_1201250016,冷凍・冷蔵用ショーケース,PRCG20_1201050011,銅伸銅品,熱交換器の銅管
PRCG20_1201250016,冷凍・冷蔵用ショーケース,PRCG20_1201050013,アルミ圧延製品,フィン材
PRCG20_1201250016,冷凍・冷蔵用ショーケース,PRCG20_1201250006,圧縮機・送風機,冷凍サイクルの心臓部
PRCG20_1201250016,冷凍・冷蔵用ショーケース,PRCG20_1201650001,電動機,駆動部
PRCG20_1201250017,業務用エアコン,PRCG20_1201050011,銅伸銅品,熱交換器の銅管
PRCG20_1201250017,業務用エアコン,PRCG20_1201050013,アルミ圧延製品,フィン材
PRCG20_1201250017,業務用エアコン,PRCG20_1201250006,圧縮機・送風機,冷凍サイクルの心臓部
PRCG20_1201250017,業務用エアコン,PRCG20_1201650001,電動機,駆動部
PRCG20_1201250018,玉軸受,PRCG20_1200950009,構造用合金鋼,軸受鋼素材
PRCG20_1201250018,玉軸受,PRCG20_1200950010,特殊用途鋼,高清浄度鋼
PRCG20_1201250018,玉軸受,PRCG20_1202250001,事業用電力,熱処理・研削の電力
PRCG20_1201250019,ころ軸受,PRCG20_1200950009,構造用合金鋼,軸受鋼素材
PRCG20_1201250019,ころ軸受,PRCG20_1200950010,特殊用途鋼,高清浄度鋼
PRCG20_1201250019,ころ軸受,PRCG20_1202250001,事業用電力,熱処理・研削の電力
PRCG20_1201250020,変速機,PRCG20_1200950008,機械構造用炭素鋼,構造部材
PRCG20_1201250020,変速機,PRCG20_1200950022,機械用銑鉄鋳物,本体鋳物
PRCG20_1201250020,変速機,PRCG20_1201050012,黄銅伸銅品,弁類の材料
PRCG20_1201250020,変速機,PRCG20_1202250001,事業用電力,加工の電力
PRCG20_1201250021,歯車,PRCG20_1200950008,機械構造用炭素鋼,構造部材
PRCG20_1201250021,歯車,PRCG20_1200950022,機械用銑鉄鋳物,本体鋳物
PRCG20_1201250021,歯車,PRCG20_1201050012,黄銅伸銅品,弁類の材料
PRCG20_1201250021,歯車,PRCG20_1202250001,事業用電力,加工の電力
PRCG20_1201250022,ローラチェーン,PRCG20_1200950008,機械構造用炭素鋼,構造部材
PRCG20_1201250022,ローラチェーン,PRCG20_1200950022,機械用銑鉄鋳物,本体鋳物
PRCG20_1201250022,ローラチェーン,PRCG20_1201050012,黄銅伸銅品,弁類の材料
PRCG20_1201250022,ローラチェーン,PRCG20_1202250001,事業用電力,加工の電力
PRCG20_1201250023,消火器,PRCG20_1200950008,機械構造用炭素鋼,構造部材
PRCG20_1201250023,消火器,PRCG20_1200950022,機械用銑鉄鋳物,本体鋳物
PRCG20_1201250023,消火器,PRCG20_1201050012,黄銅伸銅品,弁類の材料
PRCG20_1201250023,消火器,PRCG20_1202250001,事業用電力,加工の電力
PRCG20_1201250024,バルブ,PRCG20_1200950008,機械構造用炭素鋼,構造部材
PRCG20_1201250024,バルブ,PRCG20_1200950022,機械用銑鉄鋳物,本体鋳物
PRCG20_1201250024,バルブ,PRCG20_1201050012,黄銅伸銅品,弁類の材料
PRCG20_1201250024,バルブ,PRCG20_1202250001,事業用電力,加工の電力
PRCG20_1201250025,パイプ加工品,PRCG20_1200950008,機械構造用炭素鋼,構造部材
PRCG20_1201250025,パイプ加工品,PRCG20_1200950022,機械用銑鉄鋳物,本体鋳物
PRCG20_1201250025,パイプ加工品,PRCG20_1201050012,黄銅伸銅品,弁類の材料
PRCG20_1201250025,パイプ加工品,PRCG20_1202250001,事業用電力,加工の電力
PRCG20_1201250026,ピストンリング,PRCG20_1200950008,機械構造用炭素鋼,構造部材
PRCG20_1201250026,ピストンリング,PRCG20_1200950022,機械用銑鉄鋳物,本体鋳物
PRCG20_1201250026,ピストンリング,PRCG20_1201050012,黄銅伸銅品,弁類の材料
PRCG20_1201250026,ピストンリング,PRCG20_1202250001,事業用電力,加工の電力
PRCG20_1201350001,農業用トラクタ・耕うん機,PRCG20_1201250003,はん用内燃機関,エンジン
PRCG20_1201350001,農業用トラクタ・耕うん機,PRCG20_1200950006,熱延広幅帯鋼,構体材
PRCG20_1201350001,農業用トラクタ・耕うん機,PRCG20_1200950022,機械用銑鉄鋳物,ミッションケース
PRCG20_1201350001,農業用トラクタ・耕うん機,PRCG20_1201950014,自動車タイヤ,走行部
PRCG20_1201350002,田植機,PRCG20_1201250003,はん用内燃機関,エンジン
PRCG20_1201350002,田植機,PRCG20_1200950006,熱延広幅帯鋼,構体材
PRCG20_1201350002,田植機,PRCG20_1200950022,機械用銑鉄鋳物,ミッションケース
PRCG20_1201350002,田植機,PRCG20_1201950014,自動車タイヤ,走行部
PRCG20_1201350003,コンバイン,PRCG20_1201250003,はん用内燃機関,エンジン
PRCG20_1201350003,コンバイン,PRCG20_1200950006,熱延広幅帯鋼,構体材
PRCG20_1201350003,コンバイン,PRCG20_1200950022,機械用銑鉄鋳物,ミッションケース
PRCG20_1201350003,コンバイン,PRCG20_1201950014,自動車タイヤ,走行部
PRCG20_1201350004,掘さく機,PRCG20_1201250003,はん用内燃機関,エンジン
PRCG20_1201350004,掘さく機,PRCG20_1201250008,油圧シリンダ,作業機駆動
PRCG20_1201350004,掘さく機,PRCG20_1201250007,油圧モータ,走行・旋回駆動
PRCG20_1201350004,掘さく機,PRCG20_1200950005,厚中板,構体・バケット材
PRCG20_1201350004,掘さく機,PRCG20_1200950021,鍛造品,足回り部品
PRCG20_1201350005,建設用クレーン,PRCG20_1201250003,はん用内燃機関,エンジン
PRCG20_1201350005,建設用クレーン,PRCG20_1201250008,油圧シリンダ,作業機駆動
PRCG20_1201350005,建設用クレーン,PRCG20_1201250007,油圧モータ,走行・旋回駆動
PRCG20_1201350005,建設用クレーン,PRCG20_1200950005,厚中板,構体・バケット材
PRCG20_1201350005,建設用クレーン,PRCG20_1200950021,鍛造品,足回り部品
PRCG20_1201350006,コンクリート機械,PRCG20_1201250003,はん用内燃機関,エンジン
PRCG20_1201350006,コンクリート機械,PRCG20_1201250008,油圧シリンダ,作業機駆動
PRCG20_1201350006,コンクリート機械,PRCG20_1201250007,油圧モータ,走行・旋回駆動
PRCG20_1201350006,コンクリート機械,PRCG20_1200950005,厚中板,構体・バケット材
PRCG20_1201350006,コンクリート機械,PRCG20_1200950021,鍛造品,足回り部品
PRCG20_1201350007,建設用トラクタ,PRCG20_1201250003,はん用内燃機関,エンジン
PRCG20_1201350007,建設用トラクタ,PRCG20_1201250008,油圧シリンダ,作業機駆動
PRCG20_1201350007,建設用トラクタ,PRCG20_1201250007,油圧モータ,走行・旋回駆動
PRCG20_1201350007,建設用トラクタ,PRCG20_1200950005,厚中板,構体・バケット材
PRCG20_1201350007,建設用トラクタ,PRCG20_1200950021,鍛造品,足回り部品
PRCG20_1201350008,穀物処理機械,PRCG20_1200950016,ステンレス冷延鋼板,食品機械の接液部材
PRCG20_1201350008,穀物処理機械,PRCG20_1201650001,電動機,駆動部
PRCG20_1201350008,穀物処理機械,PRCG20_1200950008,機械構造用炭素鋼,構造部材
PRCG20_1201350008,穀物処理機械,PRCG20_1201550014,コントロールユニット,制御部
PRCG20_1201350009,製パン・製菓機械,PRCG20_1200950016,ステンレス冷延鋼板,食品機械の接液部材
PRCG20_1201350009,製パン・製菓機械,PRCG20_1201650001,電動機,駆動部
PRCG20_1201350009,製パン・製菓機械,PRCG20_1200950008,機械構造用炭素鋼,構造部材
PRCG20_1201350009,製パン・製菓機械,PRCG20_1201550014,コントロールユニット,制御部
PRCG20_1201350010,肉製品・水産製品製造機械,PRCG20_1200950016,ステンレス冷延鋼板,食品機械の接液部材
PRCG20_1201350010,肉製品・水産製品製造機械,PRCG20_1201650001,電動機,駆動部
PRCG20_1201350010,肉製品・水産製品製造機械,PRCG20_1200950008,機械構造用炭素鋼,構造部材
PRCG20_1201350010,肉製品・水産製品製造機械,PRCG20_1201550014,コントロールユニット,制御部
PRCG20_1201350011,印刷関連機械,PRCG20_1200950016,ステンレス冷延鋼板,食品機械の接液部材
PRCG20_1201350011,印刷関連機械,PRCG20_1201650001,電動機,駆動部
PRCG20_1201350011,印刷関連機械,PRCG20_1200950008,機械構造用炭素鋼,構造部材
PRCG20_1201350011,印刷関連機械,PRCG20_1201550014,コントロールユニット,制御部
PRCG20_1201350012,包装・荷造機械,PRCG20_1200950016,ステンレス冷延鋼板,食品機械の接液部材
PRCG20_1201350012,包装・荷造機械,PRCG20_1201650001,電動機,駆動部
PRCG20_1201350012,包装・荷造機械,PRCG20_1200950008,機械構造用炭素鋼,構造部材
PRCG20_1201350012,包装・荷造機械,PRCG20_1201550014,コントロールユニット,制御部
PRCG20_1201350013,化学機械,PRCG20_1200950016,ステンレス冷延鋼板,耐食槽・配管材
PRCG20_1201350013,化学機械,PRCG20_1200950005,厚中板,圧力容器材
PRCG20_1201350013,化学機械,PRCG20_1200950011,普通鋼鋼管,配管材
PRCG20_1201350013,化学機械,PRCG20_1201650001,電動機,撹拌・搬送駆動
PRCG20_1201350014,鋳造装置,PRCG20_1200950008,機械構造用炭素鋼,型締・射出機構材
PRCG20_1201350014,鋳造装置,PRCG20_1200950022,機械用銑鉄鋳物,フレーム鋳物
PRCG20_1201350014,鋳造装置,PRCG20_1201650001,電動機,駆動部
PRCG20_1201350014,鋳造装置,PRCG20_1201550014,コントロールユニット,制御部
PRCG20_1201350015,プラスチック加工機械,PRCG20_1200950008,機械構造用炭素鋼,型締・射出機構材
PRCG20_1201350015,プラスチック加工機械,PRCG20_1200950022,機械用銑鉄鋳物,フレーム鋳物
PRCG20_1201350015,プラスチック加工機械,PRCG20_1201650001,電動機,駆動部
PRCG20_1201350015,プラスチック加工機械,PRCG20_1201550014,コントロールユニット,制御部
PRCG20_1201350016,旋盤,PRCG20_1200950022,機械用銑鉄鋳物,ベッド・コラム鋳物
PRCG20_1201350016,旋盤,PRCG20_1201550014,コントロールユニット,NC制御装置
PRCG20_1201350016,旋盤,PRCG20_1201650001,電動機,主軸・送り駆動
PRCG20_1201350016,旋盤,PRCG20_1201250018,玉軸受,主軸軸受
PRCG20_1201350016,旋盤,PRCG20_1201250019,ころ軸受,案内軸受
PRCG20_1201350017,研削盤,PRCG20_1200950022,機械用銑鉄鋳物,ベッド・コラム鋳物
PRCG20_1201350017,研削盤,PRCG20_1201550014,コントロールユニット,NC制御装置
PRCG20_1201350017,研削盤,PRCG20_1201650001,電動機,主軸・送り駆動
PRCG20_1201350017,研削盤,PRCG20_1201250018,玉軸受,主軸軸受
PRCG20_1201350017,研削盤,PRCG20_1201250019,ころ軸受,案内軸受
PRCG20_1201350018,マシニングセンタ,PRCG20_1200950022,機械用銑鉄鋳物,ベッド・コラム鋳物
PRCG20_1201350018,マシニングセンタ,PRCG20_1201550014,コントロールユニット,NC制御装置
PRCG20_1201350018,マシニングセンタ,PRCG20_1201650001,電動機,主軸・送り駆動
PRCG20_1201350018,マシニングセンタ,PRCG20_1201250018,玉軸受,主軸軸受
PRCG20_1201350018,マシニングセンタ,PRCG20_1201250019,ころ軸受,案内軸受
PRCG20_1201350019,プレス機械,PRCG20_1200950008,機械構造用炭素鋼,フレーム・金型部材
PRCG20_1201350019,プレス機械,PRCG20_1200950022,機械用銑鉄鋳物,本体鋳物
PRCG20_1201350019,プレス機械,PRCG20_1201650001,電動機,駆動部
PRCG20_1201350019,プレス機械,PRCG20_1201250008,油圧シリンダ,加圧機構
PRCG20_1201350020,ワイヤフォーミングマシン,PRCG20_1200950008,機械構造用炭素鋼,フレーム・金型部材
PRCG20_1201350020,ワイヤフォーミングマシン,PRCG20_1200950022,機械用銑鉄鋳物,本体鋳物
PRCG20_1201350020,ワイヤフォーミングマシン,PRCG20_1201650001,電動機,駆動部
PRCG20_1201350020,ワイヤフォーミングマシン,PRCG20_1201250008,油圧シリンダ,加圧機構
PRCG20_1201350021,金属圧延用ロール,PRCG20_1200950008,機械構造用炭素鋼,フレーム・金型部材
PRCG20_1201350021,金属圧延用ロール,PRCG20_1200950022,機械用銑鉄鋳物,本体鋳物
PRCG20_1201350021,金属圧延用ロール,PRCG20_1201650001,電動機,駆動部
PRCG20_1201350021,金属圧延用ロール,PRCG20_1201250008,油圧シリンダ,加圧機構
PRCG20_1201350022,特殊鋼切削工具,PRCG20_1200950007,工具鋼,刃部素材
PRCG20_1201350022,特殊鋼切削工具,PRCG20_1200950009,構造用合金鋼,シャンク素材
PRCG20_1201350022,特殊鋼切削工具,PRCG20_1202250001,事業用電力,熱処理の電力
PRCG20_1201350023,超硬工具,PRCG20_2600350027,モリブデン鉱,超硬原料のレアメタル
PRCG20_1201350023,超硬工具,PRCG20_2600350015,コバルト地金,結合材
PRCG20_1201350023,超硬工具,PRCG20_1202250001,事業用電力,焼結の電力
PRCG20_1201350024,ダイヤモンド工具,PRCG20_1201150018,粉末や金製品,台金・ボンド材
PRCG20_1201350024,ダイヤモンド工具,PRCG20_1200950008,機械構造用炭素鋼,台金素材
PRCG20_1201350024,ダイヤモンド工具,PRCG20_1202250001,事業用電力,焼結・加工の電力
PRCG20_1201350025,空気動工具・電動工具,PRCG20_1201650001,電動機,駆動部
PRCG20_1201350025,空気動工具・電動工具,PRCG20_1201050015,アルミニウム合金ダイカスト,ハウジング
PRCG20_1201350025,空気動工具・電動工具,PRCG20_1200950008,機械構造用炭素鋼,軸・ギア素材
PRCG20_1201350026,半導体製造装置（除フラットパネルディスプレイ製造装置）,PRCG20_1201550014,コントロールユニット,装置制御部
PRCG20_1201350026,半導体製造装置（除フラットパネルディスプレイ製造装置）,PRCG20_1201550005,集積回路,制御・演算部品
PRCG20_1201350026,半導体製造装置（除フラットパネルディスプレイ製造装置）,PRCG20_1201650001,電動機,搬送・駆動部
PRCG20_1201350026,半導体製造装置（除フラットパネルディスプレイ製造装置）,PRCG20_1200950016,ステンレス冷延鋼板,チャンバ材
PRCG20_1201350027,金型,PRCG20_1200950007,工具鋼,型材の主原料
PRCG20_1201350027,金型,PRCG20_1200950008,機械構造用炭素鋼,型枠部材
PRCG20_1201350027,金型,PRCG20_1201350022,特殊鋼切削工具,型彫り加工用工具
PRCG20_1201350028,真空ポンプ,PRCG20_1200950016,ステンレス冷延鋼板,チャンバ材
PRCG20_1201350028,真空ポンプ,PRCG20_1201650001,電動機,駆動部
PRCG20_1201350028,真空ポンプ,PRCG20_1200950022,機械用銑鉄鋳物,ケーシング
PRCG20_1201350029,ロボット,PRCG20_1201650001,電動機,サーボモータ
PRCG20_1201350029,ロボット,PRCG20_1201550014,コントロールユニット,制御装置
PRCG20_1201350029,ロボット,PRCG20_1201250020,変速機,減速機構
PRCG20_1201350029,ロボット,PRCG20_1201550005,集積回路,制御演算部品
PRCG20_1201350029,ロボット,PRCG20_1201050015,アルミニウム合金ダイカスト,アーム構体
PRCG20_1201450001,自動車整備・サービス機器,PRCG20_1200950013,冷延広幅帯鋼,筐体材
PRCG20_1201450001,自動車整備・サービス機器,PRCG20_1201550005,集積回路,制御部品
PRCG20_1201450001,自動車整備・サービス機器,PRCG20_1201550006,液晶パネル,表示部
PRCG20_1201450001,自動車整備・サービス機器,PRCG20_1201550007,プリント配線板,実装基板
PRCG20_1201450002,娯楽機器,PRCG20_1200950013,冷延広幅帯鋼,筐体材
PRCG20_1201450002,娯楽機器,PRCG20_1201550005,集積回路,制御部品
PRCG20_1201450002,娯楽機器,PRCG20_1201550006,液晶パネル,表示部
PRCG20_1201450002,娯楽機器,PRCG20_1201550007,プリント配線板,実装基板
PRCG20_1201450003,自動販売機,PRCG20_1200950013,冷延広幅帯鋼,筐体材
PRCG20_1201450003,自動販売機,PRCG20_1201550005,集積回路,制御部品
PRCG20_1201450003,自動販売機,PRCG20_1201550006,液晶パネル,表示部
PRCG20_1201450003,自動販売機,PRCG20_1201550007,プリント配線板,実装基板
PRCG20_1201450004,積算体積計,PRCG20_1201550005,集積回路,演算・変換部品
PRCG20_1201450004,積算体積計,PRCG20_1201550007,プリント配線板,実装基板
PRCG20_1201450004,積算体積計,PRCG20_1201550012,接続部品,コネクタ類
PRCG20_1201450004,積算体積計,PRCG20_1201550006,液晶パネル,表示部
PRCG20_1201450005,はかり,PRCG20_1201550005,集積回路,演算・変換部品
PRCG20_1201450005,はかり,PRCG20_1201550007,プリント配線板,実装基板
PRCG20_1201450005,はかり,PRCG20_1201550012,接続部品,コネクタ類
PRCG20_1201450005,はかり,PRCG20_1201550006,液晶パネル,表示部
PRCG20_1201450006,圧力計・流量計,PRCG20_1201550005,集積回路,演算・変換部品
PRCG20_1201450006,圧力計・流量計,PRCG20_1201550007,プリント配線板,実装基板
PRCG20_1201450006,圧力計・流量計,PRCG20_1201550012,接続部品,コネクタ類
PRCG20_1201450006,圧力計・流量計,PRCG20_1201550006,液晶パネル,表示部
PRCG20_1201450007,精密測定器,PRCG20_1201550005,集積回路,演算・変換部品
PRCG20_1201450007,精密測定器,PRCG20_1201550007,プリント配線板,実装基板
PRCG20_1201450007,精密測定器,PRCG20_1201550012,接続部品,コネクタ類
PRCG20_1201450007,精密測定器,PRCG20_1201550006,液晶パネル,表示部
PRCG20_1201450008,分析機器,PRCG20_1201550005,集積回路,演算・変換部品
PRCG20_1201450008,分析機器,PRCG20_1201550007,プリント配線板,実装基板
PRCG20_1201450008,分析機器,PRCG20_1201550012,接続部品,コネクタ類
PRCG20_1201450008,分析機器,PRCG20_1201550006,液晶パネル,表示部
PRCG20_1201450009,試験機,PRCG20_1201550005,集積回路,演算・変換部品
PRCG20_1201450009,試験機,PRCG20_1201550007,プリント配線板,実装基板
PRCG20_1201450009,試験機,PRCG20_1201550012,接続部品,コネクタ類
PRCG20_1201450009,試験機,PRCG20_1201550006,液晶パネル,表示部
PRCG20_1201450010,理化学機器,PRCG20_1201550005,集積回路,演算・変換部品
PRCG20_1201450010,理化学機器,PRCG20_1201550007,プリント配線板,実装基板
PRCG20_1201450010,理化学機器,PRCG20_1201550012,接続部品,コネクタ類
PRCG20_1201450010,理化学機器,PRCG20_1201550006,液晶パネル,表示部
PRCG20_1201450011,医療用機器,PRCG20_1200950016,ステンレス冷延鋼板,器具材料
PRCG20_1201450011,医療用機器,PRCG20_1201550005,集積回路,電子制御部品
PRCG20_1201450011,医療用機器,PRCG20_1201550007,プリント配線板,実装基板
PRCG20_1201450011,医療用機器,PRCG20_1200750018,医療・衛生用プラスチック製品,ディスポ部材
PRCG20_1201450012,病院用器具,PRCG20_1200950016,ステンレス冷延鋼板,器具材料
PRCG20_1201450012,病院用器具,PRCG20_1201550005,集積回路,電子制御部品
PRCG20_1201450012,病院用器具,PRCG20_1201550007,プリント配線板,実装基板
PRCG20_1201450012,病院用器具,PRCG20_1200750018,医療・衛生用プラスチック製品,ディスポ部材
PRCG20_1201450013,歯科用機器,PRCG20_1200950016,ステンレス冷延鋼板,器具材料
PRCG20_1201450013,歯科用機器,PRCG20_1201550005,集積回路,電子制御部品
PRCG20_1201450013,歯科用機器,PRCG20_1201550007,プリント配線板,実装基板
PRCG20_1201450013,歯科用機器,PRCG20_1200750018,医療・衛生用プラスチック製品,ディスポ部材
PRCG20_1201450014,医療用品,PRCG20_1200950016,ステンレス冷延鋼板,器具材料
PRCG20_1201450014,医療用品,PRCG20_1201550005,集積回路,電子制御部品
PRCG20_1201450014,医療用品,PRCG20_1201550007,プリント配線板,実装基板
PRCG20_1201450014,医療用品,PRCG20_1200750018,医療・衛生用プラスチック製品,ディスポ部材
PRCG20_1201450015,歯科材料,PRCG20_1200950016,ステンレス冷延鋼板,器具材料
PRCG20_1201450015,歯科材料,PRCG20_1201550005,集積回路,電子制御部品
PRCG20_1201450015,歯科材料,PRCG20_1201550007,プリント配線板,実装基板
PRCG20_1201450015,歯科材料,PRCG20_1200750018,医療・衛生用プラスチック製品,ディスポ部材
PRCG20_1201450016,カメラ用交換レンズ,PRCG20_1200850006,ガラス製加工素材,光学ガラス素材
PRCG20_1201450016,カメラ用交換レンズ,PRCG20_1201050015,アルミニウム合金ダイカスト,鏡筒材
PRCG20_1201450016,カメラ用交換レンズ,PRCG20_1201650001,電動機,AF駆動部
PRCG20_1201550001,光電変換素子,PRCG20_1201550017,シリコンウエハ,基板材料
PRCG20_1201550001,光電変換素子,PRCG20_2600850015,シリコンウエハ,輸入基板材料
PRCG20_1201550001,光電変換素子,PRCG20_1201050004,金地金,ボンディングワイヤ・電極
PRCG20_1201550001,光電変換素子,PRCG20_1202250001,事業用電力,クリーンルームの大量電力
PRCG20_1201550002,ダイオード・整流素子,PRCG20_1201550017,シリコンウエハ,基板材料
PRCG20_1201550002,ダイオード・整流素子,PRCG20_2600850015,シリコンウエハ,輸入基板材料
PRCG20_1201550002,ダイオード・整流素子,PRCG20_1201050004,金地金,ボンディングワイヤ・電極
PRCG20_1201550002,ダイオード・整流素子,PRCG20_1202250001,事業用電力,クリーンルームの大量電力
PRCG20_1201550003,トランジスタ,PRCG20_1201550017,シリコンウエハ,基板材料
PRCG20_1201550003,トランジスタ,PRCG20_2600850015,シリコンウエハ,輸入基板材料
PRCG20_1201550003,トランジスタ,PRCG20_1201050004,金地金,ボンディングワイヤ・電極
PRCG20_1201550003,トランジスタ,PRCG20_1202250001,事業用電力,クリーンルームの大量電力
PRCG20_1201550004,サーミスタ,PRCG20_1201550017,シリコンウエハ,基板材料
PRCG20_1201550004,サーミスタ,PRCG20_2600850015,シリコンウエハ,輸入基板材料
PRCG20_1201550004,サーミスタ,PRCG20_1201050004,金地金,ボンディングワイヤ・電極
PRCG20_1201550004,サーミスタ,PRCG20_1202250001,事業用電力,クリーンルームの大量電力
PRCG20_1201550005,集積回路,PRCG20_1201550017,シリコンウエハ,基板材料
PRCG20_1201550005,集積回路,PRCG20_2600850015,シリコンウエハ,輸入基板材料
PRCG20_1201550005,集積回路,PRCG20_1201950013,フォトマスク,露光原版
PRCG20_1201550005,集積回路,PRCG20_1201050004,金地金,配線・電極材
PRCG20_1201550005,集積回路,PRCG20_1202250001,事業用電力,クリーンルームの大量電力
PRCG20_1201550006,液晶パネル,PRCG20_1200850006,ガラス製加工素材,基板ガラス
PRCG20_1201550006,液晶パネル,PRCG20_1201550005,集積回路,駆動IC
PRCG20_1201550006,液晶パネル,PRCG20_1200750005,プラスチックフィルム・シート,偏光板等のフィルム
PRCG20_1201550006,液晶パネル,PRCG20_1202250001,事業用電力,製造の電力
PRCG20_1201550007,プリント配線板,PRCG20_1201050011,銅伸銅品,銅箔原料
PRCG20_1201550007,プリント配線板,PRCG20_1200850005,ガラス繊維・同製品,ガラスクロス基材
PRCG20_1201550007,プリント配線板,PRCG20_1200550021,熱硬化性樹脂,エポキシ基板樹脂
PRCG20_1201550007,プリント配線板,PRCG20_1201050004,金地金,端子めっき
PRCG20_1201550008,電子機器用抵抗器,PRCG20_1201050011,銅伸銅品,電極・端子材
PRCG20_1201550008,電子機器用抵抗器,PRCG20_1201050017,貴金属展伸材,接点・電極材
PRCG20_1201550008,電子機器用抵抗器,PRCG20_2600350017,ニッケル地金,電極材料
PRCG20_1201550008,電子機器用抵抗器,PRCG20_1200550027,飽和ポリエステル樹脂,フィルム系部材
PRCG20_1201550008,電子機器用抵抗器,PRCG20_1202250001,事業用電力,製造の電力
PRCG20_1201550009,電子機器用コンデンサ,PRCG20_2600350017,ニッケル地金,内部電極材
PRCG20_1201550009,電子機器用コンデンサ,PRCG20_1201050011,銅伸銅品,端子材
PRCG20_1201550009,電子機器用コンデンサ,PRCG20_1200550027,飽和ポリエステル樹脂,フィルムコンデンサ誘電体
PRCG20_1201550009,電子機器用コンデンサ,PRCG20_1202250001,事業用電力,焼成の電力
PRCG20_1201550010,電子機器用変成器,PRCG20_1201050011,銅伸銅品,電極・端子材
PRCG20_1201550010,電子機器用変成器,PRCG20_1201050017,貴金属展伸材,接点・電極材
PRCG20_1201550010,電子機器用変成器,PRCG20_2600350017,ニッケル地金,電極材料
PRCG20_1201550010,電子機器用変成器,PRCG20_1200550027,飽和ポリエステル樹脂,フィルム系部材
PRCG20_1201550010,電子機器用変成器,PRCG20_1202250001,事業用電力,製造の電力
PRCG20_1201550011,変換部品,PRCG20_1201050011,銅伸銅品,電極・端子材
PRCG20_1201550011,変換部品,PRCG20_1201050017,貴金属展伸材,接点・電極材
PRCG20_1201550011,変換部品,PRCG20_2600350017,ニッケル地金,電極材料
PRCG20_1201550011,変換部品,PRCG20_1200550027,飽和ポリエステル樹脂,フィルム系部材
PRCG20_1201550011,変換部品,PRCG20_1202250001,事業用電力,製造の電力
PRCG20_1201550012,接続部品,PRCG20_1201050011,銅伸銅品,電極・端子材
PRCG20_1201550012,接続部品,PRCG20_1201050017,貴金属展伸材,接点・電極材
PRCG20_1201550012,接続部品,PRCG20_2600350017,ニッケル地金,電極材料
PRCG20_1201550012,接続部品,PRCG20_1200550027,飽和ポリエステル樹脂,フィルム系部材
PRCG20_1201550012,接続部品,PRCG20_1202250001,事業用電力,製造の電力
PRCG20_1201550013,電源・高周波ユニット,PRCG20_1201550007,プリント配線板,実装基板
PRCG20_1201550013,電源・高周波ユニット,PRCG20_1201550005,集積回路,制御IC
PRCG20_1201550013,電源・高周波ユニット,PRCG20_1201550009,電子機器用コンデンサ,平滑部品
PRCG20_1201550013,電源・高周波ユニット,PRCG20_1201550010,電子機器用変成器,トランス部品
PRCG20_1201550014,コントロールユニット,PRCG20_1201550007,プリント配線板,実装基板
PRCG20_1201550014,コントロールユニット,PRCG20_1201550005,集積回路,制御IC
PRCG20_1201550014,コントロールユニット,PRCG20_1201550012,接続部品,コネクタ類
PRCG20_1201550014,コントロールユニット,PRCG20_1201550009,電子機器用コンデンサ,受動部品
PRCG20_1201550015,磁性材部品,PRCG20_2600350024,鉄鉱石,フェライトの鉄源
PRCG20_1201550015,磁性材部品,PRCG20_2600350017,ニッケル地金,合金添加材
PRCG20_1201550015,磁性材部品,PRCG20_1202250001,事業用電力,焼成の電力
PRCG20_1201550016,水晶振動子,PRCG20_1201050017,貴金属展伸材,電極材
PRCG20_1201550016,水晶振動子,PRCG20_1202250001,事業用電力,育成・加工の電力
PRCG20_1201550016,水晶振動子,PRCG20_1200550004,圧縮ガス・液化ガス,封止用ガス
PRCG20_1201550017,シリコンウエハ,PRCG20_2600350018,シリコン,多結晶シリコン原料
PRCG20_1201550017,シリコンウエハ,PRCG20_1202250001,事業用電力,引上げ・加工の大量電力
PRCG20_1201550017,シリコンウエハ,PRCG20_1200550004,圧縮ガス・液化ガス,プロセスガス
PRCG20_1201550018,センサデバイス,PRCG20_1201050011,銅伸銅品,電極・端子材
PRCG20_1201550018,センサデバイス,PRCG20_1201050017,貴金属展伸材,接点・電極材
PRCG20_1201550018,センサデバイス,PRCG20_2600350017,ニッケル地金,電極材料
PRCG20_1201550018,センサデバイス,PRCG20_1200550027,飽和ポリエステル樹脂,フィルム系部材
PRCG20_1201550018,センサデバイス,PRCG20_1202250001,事業用電力,製造の電力
PRCG20_1201650001,電動機,PRCG20_1200950014,冷延電気鋼帯,鉄心材
PRCG20_1201650001,電動機,PRCG20_1201050009,銅巻線,巻線
PRCG20_1201650001,電動機,PRCG20_1201050015,アルミニウム合金ダイカスト,フレーム
PRCG20_1201650001,電動機,PRCG20_1201250018,玉軸受,軸受
PRCG20_1201650001,電動機,PRCG20_1201650038,永久磁石,磁石材
PRCG20_1201650002,変圧器・計器用変成器,PRCG20_1200950014,冷延電気鋼帯,鉄心材
PRCG20_1201650002,変圧器・計器用変成器,PRCG20_1201050009,銅巻線,巻線
PRCG20_1201650002,変圧器・計器用変成器,PRCG20_1201050011,銅伸銅品,導体材
PRCG20_1201650003,継電器,PRCG20_1200950013,冷延広幅帯鋼,盤筐体材
PRCG20_1201650003,継電器,PRCG20_1201050011,銅伸銅品,母線・導体
PRCG20_1201650003,継電器,PRCG20_1201650010,配線器具,内部部品
PRCG20_1201650003,継電器,PRCG20_1201550007,プリント配線板,制御基板
PRCG20_1201650004,遮断器,PRCG20_1200950013,冷延広幅帯鋼,盤筐体材
PRCG20_1201650004,遮断器,PRCG20_1201050011,銅伸銅品,母線・導体
PRCG20_1201650004,遮断器,PRCG20_1201650010,配線器具,内部部品
PRCG20_1201650004,遮断器,PRCG20_1201550007,プリント配線板,制御基板
PRCG20_1201650005,開閉器,PRCG20_1200950013,冷延広幅帯鋼,盤筐体材
PRCG20_1201650005,開閉器,PRCG20_1201050011,銅伸銅品,母線・導体
PRCG20_1201650005,開閉器,PRCG20_1201650010,配線器具,内部部品
PRCG20_1201650005,開閉器,PRCG20_1201550007,プリント配線板,制御基板
PRCG20_1201650006,プログラマブルコントローラ,PRCG20_1200950013,冷延広幅帯鋼,盤筐体材
PRCG20_1201650006,プログラマブルコントローラ,PRCG20_1201050011,銅伸銅品,母線・導体
PRCG20_1201650006,プログラマブルコントローラ,PRCG20_1201650010,配線器具,内部部品
PRCG20_1201650006,プログラマブルコントローラ,PRCG20_1201550007,プリント配線板,制御基板
PRCG20_1201650007,配電盤,PRCG20_1200950013,冷延広幅帯鋼,盤筐体材
PRCG20_1201650007,配電盤,PRCG20_1201050011,銅伸銅品,母線・導体
PRCG20_1201650007,配電盤,PRCG20_1201650010,配線器具,内部部品
PRCG20_1201650007,配電盤,PRCG20_1201550007,プリント配線板,制御基板
PRCG20_1201650008,監視制御装置,PRCG20_1200950013,冷延広幅帯鋼,盤筐体材
PRCG20_1201650008,監視制御装置,PRCG20_1201050011,銅伸銅品,母線・導体
PRCG20_1201650008,監視制御装置,PRCG20_1201650010,配線器具,内部部品
PRCG20_1201650008,監視制御装置,PRCG20_1201550007,プリント配線板,制御基板
PRCG20_1201650009,分電盤,PRCG20_1200950013,冷延広幅帯鋼,盤筐体材
PRCG20_1201650009,分電盤,PRCG20_1201050011,銅伸銅品,母線・導体
PRCG20_1201650009,分電盤,PRCG20_1201650010,配線器具,内部部品
PRCG20_1201650009,分電盤,PRCG20_1201550007,プリント配線板,制御基板
PRCG20_1201650010,配線器具,PRCG20_1201050012,黄銅伸銅品,導電部材
PRCG20_1201650010,配線器具,PRCG20_1200550021,熱硬化性樹脂,絶縁成形材
PRCG20_1201650010,配線器具,PRCG20_1201050011,銅伸銅品,導体材
PRCG20_1201650011,充電発電機,PRCG20_1201050009,銅巻線,コイル巻線
PRCG20_1201650011,充電発電機,PRCG20_1201050015,アルミニウム合金ダイカスト,ハウジング
PRCG20_1201650011,充電発電機,PRCG20_1201650038,永久磁石,界磁部品
PRCG20_1201650012,始動電動機,PRCG20_1201050009,銅巻線,コイル巻線
PRCG20_1201650012,始動電動機,PRCG20_1201050015,アルミニウム合金ダイカスト,ハウジング
PRCG20_1201650012,始動電動機,PRCG20_1201650038,永久磁石,界磁部品
PRCG20_1201650013,イグニッションコイル,PRCG20_1201050009,銅巻線,コイル巻線
PRCG20_1201650013,イグニッションコイル,PRCG20_1200950014,冷延電気鋼帯,鉄心材
PRCG20_1201650013,イグニッションコイル,PRCG20_1200550021,熱硬化性樹脂,封止樹脂
PRCG20_1201650014,ワイヤーハーネス,PRCG20_1201050008,プラスチック被覆銅線,電線
PRCG20_1201650014,ワイヤーハーネス,PRCG20_1201050007,銅裸線,導体原料
PRCG20_1201650014,ワイヤーハーネス,PRCG20_1201550012,接続部品,コネクタ・端子
PRCG20_1201650014,ワイヤーハーネス,PRCG20_2600850018,ワイヤーハーネス,輸入品
PRCG20_1201650015,電力変換装置,PRCG20_1201550005,集積回路,パワー半導体・制御IC
PRCG20_1201650015,電力変換装置,PRCG20_1201550007,プリント配線板,実装基板
PRCG20_1201650015,電力変換装置,PRCG20_1201550009,電子機器用コンデンサ,平滑用部品
PRCG20_1201650015,電力変換装置,PRCG20_1201050011,銅伸銅品,導体材
PRCG20_1201650016,民生用エアコンディショナ,PRCG20_1201050011,銅伸銅品,熱交換器の銅管
PRCG20_1201650016,民生用エアコンディショナ,PRCG20_1201050013,アルミ圧延製品,フィン材
PRCG20_1201650016,民生用エアコンディショナ,PRCG20_1201250006,圧縮機・送風機,コンプレッサ
PRCG20_1201650016,民生用エアコンディショナ,PRCG20_1201650001,電動機,ファンモータ
PRCG20_1201650016,民生用エアコンディショナ,PRCG20_1201550005,集積回路,インバータ制御
PRCG20_1201650016,民生用エアコンディショナ,PRCG20_2600850020,民生用エアコンディショナ,輸入完成品・部品
PRCG20_1201650017,電気がま,PRCG20_1201650001,電動機,駆動モータ
PRCG20_1201650017,電気がま,PRCG20_1201550005,集積回路,制御部品
PRCG20_1201650017,電気がま,PRCG20_1200750008,電気機器用プラスチック製品,筐体・内装部品
PRCG20_1201650017,電気がま,PRCG20_1200950013,冷延広幅帯鋼,筐体板金材
PRCG20_1201650018,電気冷蔵庫,PRCG20_1201250006,圧縮機・送風機,コンプレッサ
PRCG20_1201650018,電気冷蔵庫,PRCG20_1200750011,硬質プラスチック発泡製品,断熱材
PRCG20_1201650018,電気冷蔵庫,PRCG20_1200950013,冷延広幅帯鋼,筐体材
PRCG20_1201650018,電気冷蔵庫,PRCG20_1201550005,集積回路,制御部品
PRCG20_1201650019,クッキングヒーター,PRCG20_1201650001,電動機,駆動モータ
PRCG20_1201650019,クッキングヒーター,PRCG20_1201550005,集積回路,制御部品
PRCG20_1201650019,クッキングヒーター,PRCG20_1200750008,電気機器用プラスチック製品,筐体・内装部品
PRCG20_1201650019,クッキングヒーター,PRCG20_1200950013,冷延広幅帯鋼,筐体板金材
PRCG20_1201650020,換気扇,PRCG20_1201650001,電動機,駆動モータ
PRCG20_1201650020,換気扇,PRCG20_1201550005,集積回路,制御部品
PRCG20_1201650020,換気扇,PRCG20_1200750008,電気機器用プラスチック製品,筐体・内装部品
PRCG20_1201650020,換気扇,PRCG20_1200950013,冷延広幅帯鋼,筐体板金材
PRCG20_1201650021,電気温水器・給湯機,PRCG20_1201050011,銅伸銅品,熱交換器材
PRCG20_1201650021,電気温水器・給湯機,PRCG20_1200950016,ステンレス冷延鋼板,タンク材
PRCG20_1201650021,電気温水器・給湯機,PRCG20_1201250006,圧縮機・送風機,ヒートポンプ部
PRCG20_1201650021,電気温水器・給湯機,PRCG20_1201550005,集積回路,制御部品
PRCG20_1201650022,電気洗濯機,PRCG20_1201650001,電動機,駆動モータ
PRCG20_1201650022,電気洗濯機,PRCG20_1201550005,集積回路,制御部品
PRCG20_1201650022,電気洗濯機,PRCG20_1200750008,電気機器用プラスチック製品,筐体・内装部品
PRCG20_1201650022,電気洗濯機,PRCG20_1200950013,冷延広幅帯鋼,筐体板金材
PRCG20_1201650023,電気掃除機,PRCG20_1201650001,電動機,駆動モータ
PRCG20_1201650023,電気掃除機,PRCG20_1201550005,集積回路,制御部品
PRCG20_1201650023,電気掃除機,PRCG20_1200750008,電気機器用プラスチック製品,筐体・内装部品
PRCG20_1201650023,電気掃除機,PRCG20_1200950013,冷延広幅帯鋼,筐体板金材
PRCG20_1201650024,理容用電気器具,PRCG20_1201650001,電動機,駆動モータ
PRCG20_1201650024,理容用電気器具,PRCG20_1201550005,集積回路,制御部品
PRCG20_1201650024,理容用電気器具,PRCG20_1200750008,電気機器用プラスチック製品,筐体・内装部品
PRCG20_1201650024,理容用電気器具,PRCG20_1200950013,冷延広幅帯鋼,筐体板金材
PRCG20_1201650025,電気温水洗浄便座,PRCG20_1201650001,電動機,駆動モータ
PRCG20_1201650025,電気温水洗浄便座,PRCG20_1201550005,集積回路,制御部品
PRCG20_1201650025,電気温水洗浄便座,PRCG20_1200750008,電気機器用プラスチック製品,筐体・内装部品
PRCG20_1201650025,電気温水洗浄便座,PRCG20_1200950013,冷延広幅帯鋼,筐体板金材
PRCG20_1201650026,Ｘ線装置・医療用電子応用装置,PRCG20_1201550005,集積回路,演算・画像処理部品
PRCG20_1201650026,Ｘ線装置・医療用電子応用装置,PRCG20_1201550007,プリント配線板,実装基板
PRCG20_1201650026,Ｘ線装置・医療用電子応用装置,PRCG20_1201550006,液晶パネル,表示部
PRCG20_1201650027,超音波応用装置,PRCG20_1201550005,集積回路,演算・画像処理部品
PRCG20_1201650027,超音波応用装置,PRCG20_1201550007,プリント配線板,実装基板
PRCG20_1201650027,超音波応用装置,PRCG20_1201550006,液晶パネル,表示部
PRCG20_1201650028,電気計器,PRCG20_1201550005,集積回路,計測・変換部品
PRCG20_1201650028,電気計器,PRCG20_1201550007,プリント配線板,実装基板
PRCG20_1201650028,電気計器,PRCG20_1201550006,液晶パネル,表示部
PRCG20_1201650028,電気計器,PRCG20_1201550012,接続部品,コネクタ類
PRCG20_1201650029,電気測定器,PRCG20_1201550005,集積回路,計測・変換部品
PRCG20_1201650029,電気測定器,PRCG20_1201550007,プリント配線板,実装基板
PRCG20_1201650029,電気測定器,PRCG20_1201550006,液晶パネル,表示部
PRCG20_1201650029,電気測定器,PRCG20_1201550012,接続部品,コネクタ類
PRCG20_1201650030,半導体・ＩＣ測定器,PRCG20_1201550005,集積回路,計測・変換部品
PRCG20_1201650030,半導体・ＩＣ測定器,PRCG20_1201550007,プリント配線板,実装基板
PRCG20_1201650030,半導体・ＩＣ測定器,PRCG20_1201550006,液晶パネル,表示部
PRCG20_1201650030,半導体・ＩＣ測定器,PRCG20_1201550012,接続部品,コネクタ類
PRCG20_1201650031,工業計器,PRCG20_1201550005,集積回路,計測・変換部品
PRCG20_1201650031,工業計器,PRCG20_1201550007,プリント配線板,実装基板
PRCG20_1201650031,工業計器,PRCG20_1201550006,液晶パネル,表示部
PRCG20_1201650031,工業計器,PRCG20_1201550012,接続部品,コネクタ類
PRCG20_1201650032,医療用計測器,PRCG20_1201550005,集積回路,計測・変換部品
PRCG20_1201650032,医療用計測器,PRCG20_1201550007,プリント配線板,実装基板
PRCG20_1201650032,医療用計測器,PRCG20_1201550006,液晶パネル,表示部
PRCG20_1201650032,医療用計測器,PRCG20_1201550012,接続部品,コネクタ類
PRCG20_1201650033,電球類,PRCG20_2600850016,ＬＥＤランプ,LED光源部品
PRCG20_1201650033,電球類,PRCG20_1200850006,ガラス製加工素材,バルブ材
PRCG20_1201650033,電球類,PRCG20_1201550007,プリント配線板,点灯回路基板
PRCG20_1201650034,電気照明器具,PRCG20_2600850016,ＬＥＤランプ,LED光源部品
PRCG20_1201650034,電気照明器具,PRCG20_1201050013,アルミ圧延製品,放熱・反射材
PRCG20_1201650034,電気照明器具,PRCG20_1201550007,プリント配線板,点灯回路基板
PRCG20_1201650034,電気照明器具,PRCG20_2600850032,電気照明器具,輸入器具・部品
PRCG20_1201650035,鉛蓄電池,PRCG20_1201050002,鉛地金・はんだ・減摩合金,電極の鉛
PRCG20_1201650035,鉛蓄電池,PRCG20_1200750017,プラスチック製容器（除中空成形）,電槽
PRCG20_1201650035,鉛蓄電池,PRCG20_1202250001,事業用電力,化成の電力
PRCG20_1201650036,アルカリ・リチウムイオン蓄電池,PRCG20_2600650003,炭酸リチウム,正極リチウム原料
PRCG20_1201650036,アルカリ・リチウムイオン蓄電池,PRCG20_2600350015,コバルト地金,正極材原料
PRCG20_1201650036,アルカリ・リチウムイオン蓄電池,PRCG20_2600350017,ニッケル地金,正極材原料
PRCG20_1201650036,アルカリ・リチウムイオン蓄電池,PRCG20_1200550006,電池用無機化学工業製品,電極材料
PRCG20_1201650036,アルカリ・リチウムイオン蓄電池,PRCG20_1201050011,銅伸銅品,負極集電体
PRCG20_1201650036,アルカリ・リチウムイオン蓄電池,PRCG20_1201050013,アルミ圧延製品,正極集電体
PRCG20_1201650037,乾電池,PRCG20_1200550006,電池用無機化学工業製品,正極・電解材料
PRCG20_1201650037,乾電池,PRCG20_2600350026,亜鉛鉱,負極亜鉛の原料
PRCG20_1201650037,乾電池,PRCG20_1200950013,冷延広幅帯鋼,外装缶材
PRCG20_1201650038,永久磁石,PRCG20_2600350024,鉄鉱石,磁石の鉄源
PRCG20_1201650038,永久磁石,PRCG20_2600350017,ニッケル地金,合金添加材
PRCG20_1201650038,永久磁石,PRCG20_1202250001,事業用電力,焼結・着磁の電力
PRCG20_1201750001,有線電気通信機器,PRCG20_1201550005,集積回路,通信処理LSI
PRCG20_1201750001,有線電気通信機器,PRCG20_1201550007,プリント配線板,実装基板
PRCG20_1201750001,有線電気通信機器,PRCG20_1201550012,接続部品,コネクタ類
PRCG20_1201750001,有線電気通信機器,PRCG20_1201550013,電源・高周波ユニット,電源部
PRCG20_1201750002,固定局通信装置,PRCG20_1201550005,集積回路,通信処理LSI
PRCG20_1201750002,固定局通信装置,PRCG20_1201550007,プリント配線板,実装基板
PRCG20_1201750002,固定局通信装置,PRCG20_1201550013,電源・高周波ユニット,高周波部
PRCG20_1201750002,固定局通信装置,PRCG20_1201550012,接続部品,コネクタ類
PRCG20_1201750003,無線応用装置,PRCG20_1201550005,集積回路,通信処理LSI
PRCG20_1201750003,無線応用装置,PRCG20_1201550007,プリント配線板,実装基板
PRCG20_1201750003,無線応用装置,PRCG20_1201550013,電源・高周波ユニット,高周波部
PRCG20_1201750003,無線応用装置,PRCG20_1201550012,接続部品,コネクタ類
PRCG20_1201750004,交通信号保安装置,PRCG20_1201550005,集積回路,制御LSI
PRCG20_1201750004,交通信号保安装置,PRCG20_1201550007,プリント配線板,実装基板
PRCG20_1201750004,交通信号保安装置,PRCG20_1200950002,形鋼,支柱・架台材
PRCG20_1201750005,ビデオ機器・デジタルカメラ,PRCG20_1201550005,集積回路,画像処理LSI
PRCG20_1201750005,ビデオ機器・デジタルカメラ,PRCG20_1201550001,光電変換素子,撮像センサ
PRCG20_1201750005,ビデオ機器・デジタルカメラ,PRCG20_1201550006,液晶パネル,モニタ部
PRCG20_1201750005,ビデオ機器・デジタルカメラ,PRCG20_1201450016,カメラ用交換レンズ,光学系
PRCG20_1201750006,電気音響機器,PRCG20_1201550005,集積回路,音声処理LSI
PRCG20_1201750006,電気音響機器,PRCG20_1201650038,永久磁石,スピーカ磁石
PRCG20_1201750006,電気音響機器,PRCG20_1201550007,プリント配線板,実装基板
PRCG20_1201750007,パーソナルコンピュータ,PRCG20_1201550005,集積回路,CPU・ロジック
PRCG20_1201750007,パーソナルコンピュータ,PRCG20_2600850005,モス型メモリ集積回路,メモリ
PRCG20_1201750007,パーソナルコンピュータ,PRCG20_1201550006,液晶パネル,ディスプレイ
PRCG20_1201750007,パーソナルコンピュータ,PRCG20_2600850044,外部記憶装置,ストレージ
PRCG20_1201750007,パーソナルコンピュータ,PRCG20_1201550007,プリント配線板,マザーボード
PRCG20_1201750008,外部記憶装置,PRCG20_1201550005,集積回路,制御LSI
PRCG20_1201750008,外部記憶装置,PRCG20_1201550007,プリント配線板,実装基板
PRCG20_1201750008,外部記憶装置,PRCG20_1201650001,電動機,駆動機構
PRCG20_1201750008,外部記憶装置,PRCG20_2600850005,モス型メモリ集積回路,キャッシュ・記憶部品
PRCG20_1201750009,印刷装置,PRCG20_1201550005,集積回路,制御LSI
PRCG20_1201750009,印刷装置,PRCG20_1201550007,プリント配線板,実装基板
PRCG20_1201750009,印刷装置,PRCG20_1201650001,電動機,駆動機構
PRCG20_1201750009,印刷装置,PRCG20_2600850005,モス型メモリ集積回路,キャッシュ・記憶部品
PRCG20_1201750010,表示装置・端末装置,PRCG20_1201550005,集積回路,制御LSI
PRCG20_1201750010,表示装置・端末装置,PRCG20_1201550007,プリント配線板,実装基板
PRCG20_1201750010,表示装置・端末装置,PRCG20_1201650001,電動機,駆動機構
PRCG20_1201750010,表示装置・端末装置,PRCG20_2600850005,モス型メモリ集積回路,キャッシュ・記憶部品
PRCG20_1201850001,乗用車,PRCG20_1200950019,亜鉛めっき鋼板,車体外板
PRCG20_1201850001,乗用車,PRCG20_1201850006,自動車用内燃機関部品,エンジン部品
PRCG20_1201850001,乗用車,PRCG20_1201850007,駆動・伝導・操縦装置部品,駆動系部品
PRCG20_1201850001,乗用車,PRCG20_1201850009,シャシー・車体構成部品,車体部品
PRCG20_1201850001,乗用車,PRCG20_1201950014,自動車タイヤ,タイヤ
PRCG20_1201850001,乗用車,PRCG20_1201650014,ワイヤーハーネス,電装配線
PRCG20_1201850001,乗用車,PRCG20_1200750009,輸送機械用プラスチック製品,内外装樹脂部品
PRCG20_1201850001,乗用車,PRCG20_1201550005,集積回路,車載半導体
PRCG20_1201850002,バス,PRCG20_1200950006,熱延広幅帯鋼,フレーム材
PRCG20_1201850002,バス,PRCG20_1201850006,自動車用内燃機関部品,エンジン部品
PRCG20_1201850002,バス,PRCG20_1201850007,駆動・伝導・操縦装置部品,駆動系部品
PRCG20_1201850002,バス,PRCG20_1201850008,懸架・制動装置部品,足回り部品
PRCG20_1201850002,バス,PRCG20_1201950014,自動車タイヤ,タイヤ
PRCG20_1201850002,バス,PRCG20_1201650014,ワイヤーハーネス,電装配線
PRCG20_1201850003,トラック,PRCG20_1200950006,熱延広幅帯鋼,フレーム材
PRCG20_1201850003,トラック,PRCG20_1201850006,自動車用内燃機関部品,エンジン部品
PRCG20_1201850003,トラック,PRCG20_1201850007,駆動・伝導・操縦装置部品,駆動系部品
PRCG20_1201850003,トラック,PRCG20_1201850008,懸架・制動装置部品,足回り部品
PRCG20_1201850003,トラック,PRCG20_1201950014,自動車タイヤ,タイヤ
PRCG20_1201850003,トラック,PRCG20_1201650014,ワイヤーハーネス,電装配線
PRCG20_1201850004,特別用途車,PRCG20_1200950006,熱延広幅帯鋼,フレーム材
PRCG20_1201850004,特別用途車,PRCG20_1201850006,自動車用内燃機関部品,エンジン部品
PRCG20_1201850004,特別用途車,PRCG20_1201850007,駆動・伝導・操縦装置部品,駆動系部品
PRCG20_1201850004,特別用途車,PRCG20_1201850008,懸架・制動装置部品,足回り部品
PRCG20_1201850004,特別用途車,PRCG20_1201950014,自動車タイヤ,タイヤ
PRCG20_1201850004,特別用途車,PRCG20_1201650014,ワイヤーハーネス,電装配線
PRCG20_1201850005,二輪自動車,PRCG20_1201850006,自動車用内燃機関部品,エンジン部品
PRCG20_1201850005,二輪自動車,PRCG20_1200950011,普通鋼鋼管,フレーム材
PRCG20_1201850005,二輪自動車,PRCG20_1201050015,アルミニウム合金ダイカスト,エンジン・ホイール材
PRCG20_1201850005,二輪自動車,PRCG20_1201950014,自動車タイヤ,タイヤ
PRCG20_1201850006,自動車用内燃機関部品,PRCG20_1200950022,機械用銑鉄鋳物,ブロック鋳物
PRCG20_1201850006,自動車用内燃機関部品,PRCG20_1201050015,アルミニウム合金ダイカスト,軽量化部材
PRCG20_1201850006,自動車用内燃機関部品,PRCG20_1200950021,鍛造品,クランク・コンロッド
PRCG20_1201850006,自動車用内燃機関部品,PRCG20_1201250026,ピストンリング,摺動部品
PRCG20_1201850006,自動車用内燃機関部品,PRCG20_1200950008,機械構造用炭素鋼,軸物素材
PRCG20_1201850007,駆動・伝導・操縦装置部品,PRCG20_1200950013,冷延広幅帯鋼,プレス部品材
PRCG20_1201850007,駆動・伝導・操縦装置部品,PRCG20_1200950019,亜鉛めっき鋼板,防錆板材
PRCG20_1201850007,駆動・伝導・操縦装置部品,PRCG20_1200950021,鍛造品,強度部品素材
PRCG20_1201850007,駆動・伝導・操縦装置部品,PRCG20_1200950022,機械用銑鉄鋳物,鋳物部品
PRCG20_1201850007,駆動・伝導・操縦装置部品,PRCG20_1201150009,ばね,懸架部品
PRCG20_1201850007,駆動・伝導・操縦装置部品,PRCG20_1200750009,輸送機械用プラスチック製品,樹脂部品
PRCG20_1201850008,懸架・制動装置部品,PRCG20_1200950013,冷延広幅帯鋼,プレス部品材
PRCG20_1201850008,懸架・制動装置部品,PRCG20_1200950019,亜鉛めっき鋼板,防錆板材
PRCG20_1201850008,懸架・制動装置部品,PRCG20_1200950021,鍛造品,強度部品素材
PRCG20_1201850008,懸架・制動装置部品,PRCG20_1200950022,機械用銑鉄鋳物,鋳物部品
PRCG20_1201850008,懸架・制動装置部品,PRCG20_1201150009,ばね,懸架部品
PRCG20_1201850008,懸架・制動装置部品,PRCG20_1200750009,輸送機械用プラスチック製品,樹脂部品
PRCG20_1201850009,シャシー・車体構成部品,PRCG20_1200950013,冷延広幅帯鋼,プレス部品材
PRCG20_1201850009,シャシー・車体構成部品,PRCG20_1200950019,亜鉛めっき鋼板,防錆板材
PRCG20_1201850009,シャシー・車体構成部品,PRCG20_1200950021,鍛造品,強度部品素材
PRCG20_1201850009,シャシー・車体構成部品,PRCG20_1200950022,機械用銑鉄鋳物,鋳物部品
PRCG20_1201850009,シャシー・車体構成部品,PRCG20_1201150009,ばね,懸架部品
PRCG20_1201850009,シャシー・車体構成部品,PRCG20_1200750009,輸送機械用プラスチック製品,樹脂部品
PRCG20_1201850010,カーエアコン・同部品,PRCG20_1200950013,冷延広幅帯鋼,プレス部品材
PRCG20_1201850010,カーエアコン・同部品,PRCG20_1200950019,亜鉛めっき鋼板,防錆板材
PRCG20_1201850010,カーエアコン・同部品,PRCG20_1200950021,鍛造品,強度部品素材
PRCG20_1201850010,カーエアコン・同部品,PRCG20_1200950022,機械用銑鉄鋳物,鋳物部品
PRCG20_1201850010,カーエアコン・同部品,PRCG20_1201150009,ばね,懸架部品
PRCG20_1201850010,カーエアコン・同部品,PRCG20_1200750009,輸送機械用プラスチック製品,樹脂部品
PRCG20_1201850011,舶用ディーゼル機関,PRCG20_1200950022,機械用銑鉄鋳物,シリンダ・台板鋳物
PRCG20_1201850011,舶用ディーゼル機関,PRCG20_1200950005,厚中板,構造材
PRCG20_1201850011,舶用ディーゼル機関,PRCG20_1200950021,鍛造品,クランク軸素材
PRCG20_1201850012,鉄道車両,PRCG20_1200950016,ステンレス冷延鋼板,車体構体材
PRCG20_1201850012,鉄道車両,PRCG20_1201050013,アルミ圧延製品,車体構体材
PRCG20_1201850012,鉄道車両,PRCG20_1201650001,電動機,主電動機
PRCG20_1201850012,鉄道車両,PRCG20_1201650015,電力変換装置,推進制御装置
PRCG20_1201850012,鉄道車両,PRCG20_1201250018,玉軸受,台車軸受
PRCG20_1201850013,航空機部品,PRCG20_1201050013,アルミ圧延製品,機体構造材
PRCG20_1201850013,航空機部品,PRCG20_1200950010,特殊用途鋼,耐熱・高強度部材
PRCG20_1201850013,航空機部品,PRCG20_2600350010,アルミニウム合金・同二次合金地金,軽合金素材
PRCG20_1201850014,自転車（除車いす・自転車部品）,PRCG20_1200950011,普通鋼鋼管,フレーム材
PRCG20_1201850014,自転車（除車いす・自転車部品）,PRCG20_1201050013,アルミ圧延製品,フレーム・リム材
PRCG20_1201850014,自転車（除車いす・自転車部品）,PRCG20_1201850015,自転車部品,組付部品
PRCG20_1201850015,自転車部品,PRCG20_1200950011,普通鋼鋼管,フレーム・部品材
PRCG20_1201850015,自転車部品,PRCG20_1201050013,アルミ圧延製品,リム・部品材
PRCG20_1201850015,自転車部品,PRCG20_1200950008,機械構造用炭素鋼,軸・ギア素材
PRCG20_1201850016,フォークリフトトラック・同部品,PRCG20_1201250003,はん用内燃機関,エンジン
PRCG20_1201850016,フォークリフトトラック・同部品,PRCG20_1201650035,鉛蓄電池,電動車のバッテリー
PRCG20_1201850016,フォークリフトトラック・同部品,PRCG20_1201250008,油圧シリンダ,荷役機構
PRCG20_1201850016,フォークリフトトラック・同部品,PRCG20_1201850007,駆動・伝導・操縦装置部品,駆動系部品
PRCG20_1201950001,木製机・いす,PRCG20_1200350005,普通合板,基材
PRCG20_1201950001,木製机・いす,PRCG20_1200350006,特殊合板,化粧板材
PRCG20_1201950001,木製机・いす,PRCG20_1200350007,集成材,構造材
PRCG20_1201950001,木製机・いす,PRCG20_2600450005,繊維板,MDF基材
PRCG20_1201950001,木製机・いす,PRCG20_2601050012,木製家具,輸入完成品・部材
PRCG20_1201950002,木製流し台セット,PRCG20_1200350005,普通合板,基材
PRCG20_1201950002,木製流し台セット,PRCG20_1200350006,特殊合板,化粧板材
PRCG20_1201950002,木製流し台セット,PRCG20_1200350007,集成材,構造材
PRCG20_1201950002,木製流し台セット,PRCG20_2600450005,繊維板,MDF基材
PRCG20_1201950002,木製流し台セット,PRCG20_2601050012,木製家具,輸入完成品・部材
PRCG20_1201950003,木製棚,PRCG20_1200350005,普通合板,基材
PRCG20_1201950003,木製棚,PRCG20_1200350006,特殊合板,化粧板材
PRCG20_1201950003,木製棚,PRCG20_1200350007,集成材,構造材
PRCG20_1201950003,木製棚,PRCG20_2600450005,繊維板,MDF基材
PRCG20_1201950003,木製棚,PRCG20_2601050012,木製家具,輸入完成品・部材
PRCG20_1201950004,スチール机・いす,PRCG20_1200950013,冷延広幅帯鋼,本体板金材
PRCG20_1201950004,スチール机・いす,PRCG20_1200950015,軽量形鋼,フレーム材
PRCG20_1201950004,スチール机・いす,PRCG20_1200950019,亜鉛めっき鋼板,耐食板材
PRCG20_1201950005,金属製棚,PRCG20_1200950013,冷延広幅帯鋼,本体板金材
PRCG20_1201950005,金属製棚,PRCG20_1200950015,軽量形鋼,フレーム材
PRCG20_1201950005,金属製棚,PRCG20_1200950019,亜鉛めっき鋼板,耐食板材
PRCG20_1201950006,木製建具,PRCG20_1200350005,普通合板,基材
PRCG20_1201950006,木製建具,PRCG20_1200350009,造作材,枠・框材
PRCG20_1201950006,木製建具,PRCG20_2600450005,繊維板,フラッシュ戸芯材
PRCG20_1201950007,事務所用・店舗用装備品,PRCG20_1200350005,普通合板,基材
PRCG20_1201950007,事務所用・店舗用装備品,PRCG20_1200950013,冷延広幅帯鋼,什器フレーム材
PRCG20_1201950007,事務所用・店舗用装備品,PRCG20_1201050013,アルミ圧延製品,ブラインド・部材
PRCG20_1201950007,事務所用・店舗用装備品,PRCG20_1200250002,織物,張地・幕材
PRCG20_1201950008,窓・扉用日よけ,PRCG20_1200350005,普通合板,基材
PRCG20_1201950008,窓・扉用日よけ,PRCG20_1200950013,冷延広幅帯鋼,什器フレーム材
PRCG20_1201950008,窓・扉用日よけ,PRCG20_1201050013,アルミ圧延製品,ブラインド・部材
PRCG20_1201950008,窓・扉用日よけ,PRCG20_1200250002,織物,張地・幕材
PRCG20_1201950009,平版印刷物,PRCG20_1200450003,塗工印刷用紙,印刷用紙
PRCG20_1201950009,平版印刷物,PRCG20_1200450002,非塗工印刷用紙,印刷用紙
PRCG20_1201950009,平版印刷物,PRCG20_1200550044,印刷インキ,インキ
PRCG20_1201950009,平版印刷物,PRCG20_1202250001,事業用電力,印刷機の電力
PRCG20_1201950010,凸版印刷物,PRCG20_1200450003,塗工印刷用紙,印刷用紙
PRCG20_1201950010,凸版印刷物,PRCG20_1200450002,非塗工印刷用紙,印刷用紙
PRCG20_1201950010,凸版印刷物,PRCG20_1200550044,印刷インキ,インキ
PRCG20_1201950010,凸版印刷物,PRCG20_1202250001,事業用電力,印刷機の電力
PRCG20_1201950011,おう版印刷物,PRCG20_1200450003,塗工印刷用紙,印刷用紙
PRCG20_1201950011,おう版印刷物,PRCG20_1200450002,非塗工印刷用紙,印刷用紙
PRCG20_1201950011,おう版印刷物,PRCG20_1200550044,印刷インキ,インキ
PRCG20_1201950011,おう版印刷物,PRCG20_1202250001,事業用電力,印刷機の電力
PRCG20_1201950012,特殊印刷物,PRCG20_1200450003,塗工印刷用紙,印刷用紙
PRCG20_1201950012,特殊印刷物,PRCG20_1200450002,非塗工印刷用紙,印刷用紙
PRCG20_1201950012,特殊印刷物,PRCG20_1200550044,印刷インキ,インキ
PRCG20_1201950012,特殊印刷物,PRCG20_1202250001,事業用電力,印刷機の電力
PRCG20_1201950013,フォトマスク,PRCG20_1200850006,ガラス製加工素材,石英基板
PRCG20_1201950013,フォトマスク,PRCG20_1202250001,事業用電力,描画・検査の電力
PRCG20_1201950013,フォトマスク,PRCG20_1200550004,圧縮ガス・液化ガス,プロセスガス
PRCG20_1201950014,自動車タイヤ,PRCG20_2601050028,天然ゴム,主原料
PRCG20_1201950014,自動車タイヤ,PRCG20_1200550020,合成ゴム,主原料
PRCG20_1201950014,自動車タイヤ,PRCG20_1200950018,普通鋼鋼線・特殊鋼鋼線,スチールコード
PRCG20_1201950014,自動車タイヤ,PRCG20_1200550032,化学繊維,タイヤコード
PRCG20_1201950014,自動車タイヤ,PRCG20_2600650008,有機ゴム薬品,加硫促進剤等
PRCG20_1201950015,ゴムベルト,PRCG20_1200550020,合成ゴム,主原料
PRCG20_1201950015,ゴムベルト,PRCG20_2601050028,天然ゴム,主原料
PRCG20_1201950015,ゴムベルト,PRCG20_1201950022,ゴム練生地,中間素材
PRCG20_1201950015,ゴムベルト,PRCG20_2600650008,有機ゴム薬品,加硫促進剤等
PRCG20_1201950016,ゴムホース,PRCG20_1200550020,合成ゴム,主原料
PRCG20_1201950016,ゴムホース,PRCG20_2601050028,天然ゴム,主原料
PRCG20_1201950016,ゴムホース,PRCG20_1201950022,ゴム練生地,中間素材
PRCG20_1201950016,ゴムホース,PRCG20_2600650008,有機ゴム薬品,加硫促進剤等
PRCG20_1201950017,防振ゴム,PRCG20_1200550020,合成ゴム,主原料
PRCG20_1201950017,防振ゴム,PRCG20_2601050028,天然ゴム,主原料
PRCG20_1201950017,防振ゴム,PRCG20_1201950022,ゴム練生地,中間素材
PRCG20_1201950017,防振ゴム,PRCG20_2600650008,有機ゴム薬品,加硫促進剤等
PRCG20_1201950018,ゴムロール,PRCG20_1200550020,合成ゴム,主原料
PRCG20_1201950018,ゴムロール,PRCG20_2601050028,天然ゴム,主原料
PRCG20_1201950018,ゴムロール,PRCG20_1201950022,ゴム練生地,中間素材
PRCG20_1201950018,ゴムロール,PRCG20_2600650008,有機ゴム薬品,加硫促進剤等
PRCG20_1201950019,ゴム製パッキン,PRCG20_1200550020,合成ゴム,主原料
PRCG20_1201950019,ゴム製パッキン,PRCG20_2601050028,天然ゴム,主原料
PRCG20_1201950019,ゴム製パッキン,PRCG20_1201950022,ゴム練生地,中間素材
PRCG20_1201950019,ゴム製パッキン,PRCG20_2600650008,有機ゴム薬品,加硫促進剤等
PRCG20_1201950020,工業用スポンジ製品,PRCG20_1200550020,合成ゴム,主原料
PRCG20_1201950020,工業用スポンジ製品,PRCG20_2601050028,天然ゴム,主原料
PRCG20_1201950020,工業用スポンジ製品,PRCG20_1201950022,ゴム練生地,中間素材
PRCG20_1201950020,工業用スポンジ製品,PRCG20_2600650008,有機ゴム薬品,加硫促進剤等
PRCG20_1201950021,医療・衛生用ゴム製品,PRCG20_2601050028,天然ゴム,ラテックス原料
PRCG20_1201950021,医療・衛生用ゴム製品,PRCG20_1200550020,合成ゴム,合成ラテックス原料
PRCG20_1201950021,医療・衛生用ゴム製品,PRCG20_1202250001,事業用電力,加硫の電力
PRCG20_1201950022,ゴム練生地,PRCG20_1200550020,合成ゴム,主原料
PRCG20_1201950022,ゴム練生地,PRCG20_2601050028,天然ゴム,主原料
PRCG20_1201950022,ゴム練生地,PRCG20_2600650008,有機ゴム薬品,配合薬品
PRCG20_1201950023,革製履物,PRCG20_1200750007,合成皮革,甲・裏材
PRCG20_1201950023,革製履物,PRCG20_1200550046,接着剤,製靴用接着剤
PRCG20_1201950023,革製履物,PRCG20_2601050018,革製履物,輸入半製品・部材
PRCG20_1201950024,かばん・袋物,PRCG20_1200750007,合成皮革,外装材
PRCG20_1201950024,かばん・袋物,PRCG20_1200250002,織物,内装・裏地材
PRCG20_1201950024,かばん・袋物,PRCG20_2601050019,かばん・袋物,輸入半製品・部材
PRCG20_1201950025,がん具,PRCG20_1200550022,ポリエチレン,成形樹脂
PRCG20_1201950025,がん具,PRCG20_1200550024,ポリプロピレン,成形樹脂
PRCG20_1201950025,がん具,PRCG20_1201550005,集積回路,電子玩具の部品
PRCG20_1201950025,がん具,PRCG20_2601050020,がん具,輸入完成品・部材
PRCG20_1201950026,運動用品,PRCG20_1200550020,合成ゴム,ボール・グリップ材
PRCG20_1201950026,運動用品,PRCG20_1201050013,アルミ圧延製品,シャフト・フレーム材
PRCG20_1201950026,運動用品,PRCG20_2601050021,運動用品,輸入完成品・部材
PRCG20_1201950027,ジュエリー,PRCG20_1201050004,金地金,貴金属素材
PRCG20_1201950027,ジュエリー,PRCG20_1201050005,銀地金,貴金属素材
PRCG20_1201950027,ジュエリー,PRCG20_2600350013,白金地金,貴金属素材
PRCG20_1201950027,ジュエリー,PRCG20_2601050029,真珠,宝飾素材
PRCG20_1201950028,筆記具・文具,PRCG20_1200550024,ポリプロピレン,軸・成形材
PRCG20_1201950028,筆記具・文具,PRCG20_1201050012,黄銅伸銅品,ペン先・金具材
PRCG20_1201950028,筆記具・文具,PRCG20_2601050024,筆記具・文具,輸入完成品・部材
PRCG20_1201950029,看板・標識機,PRCG20_1201050013,アルミ圧延製品,板・枠材
PRCG20_1201950029,看板・標識機,PRCG20_1200750001,プラスチック板,表示面材
PRCG20_1201950029,看板・標識機,PRCG20_2600850016,ＬＥＤランプ,光源部品
PRCG20_1201950030,電光表示器,PRCG20_2600850016,ＬＥＤランプ,LED素子
PRCG20_1201950030,電光表示器,PRCG20_1201550005,集積回路,駆動IC
PRCG20_1201950030,電光表示器,PRCG20_1201550007,プリント配線板,実装基板
PRCG20_1201950031,パレット,PRCG20_1200350004,梱包用材,木製パレット材
PRCG20_1201950031,パレット,PRCG20_1200550024,ポリプロピレン,樹脂パレット材
PRCG20_1201950031,パレット,PRCG20_1200350001,板,木材原料
PRCG20_1201950032,眼鏡枠・レンズ,PRCG20_1200550028,ポリカーボネート,レンズ樹脂
PRCG20_1201950032,眼鏡枠・レンズ,PRCG20_1200550030,メタクリル樹脂,レンズ樹脂
PRCG20_1201950032,眼鏡枠・レンズ,PRCG20_2601050026,眼鏡枠・レンズ,輸入完成品・部材
PRCG20_1201950033,人体安全保護具・救命具,PRCG20_1200550028,ポリカーボネート,ヘルメット・シールド材
PRCG20_1201950033,人体安全保護具・救命具,PRCG20_1200250003,フェルト生地・不織布,マスク等の基材
PRCG20_1201950033,人体安全保護具・救命具,PRCG20_1200550022,ポリエチレン,成形材
PRCG20_1201950034,ルームユニット,PRCG20_1200750012,強化プラスチック管板類,浴槽・防水パン材
PRCG20_1201950034,ルームユニット,PRCG20_1200850017,衛生陶器,衛生設備
PRCG20_1201950034,ルームユニット,PRCG20_1201050013,アルミ圧延製品,枠・パネル材
PRCG20_1202050001,玄米,PRCG20_1200550001,化学肥料,施肥コスト
PRCG20_1202050001,玄米,PRCG20_1200550045,農薬,防除コスト
PRCG20_1202050001,玄米,PRCG20_1200650005,軽油,農機燃料
PRCG20_1202050002,精米,PRCG20_1202050001,玄米,主原料
PRCG20_1202050002,精米,PRCG20_1202250001,事業用電力,精米の電力
PRCG20_1202050002,精米,PRCG20_1200650005,軽油,輸送用燃料
PRCG20_1202050003,てん菜,PRCG20_1200550001,化学肥料,施肥コスト
PRCG20_1202050003,てん菜,PRCG20_1200550045,農薬,防除コスト
PRCG20_1202050003,てん菜,PRCG20_1200650005,軽油,農機燃料
PRCG20_1202050004,葉たばこ,PRCG20_1200550001,化学肥料,施肥コスト
PRCG20_1202050004,葉たばこ,PRCG20_1200550045,農薬,防除コスト
PRCG20_1202050004,葉たばこ,PRCG20_1200650005,軽油,農機燃料
PRCG20_1202050005,原乳,PRCG20_1200150083,配合飼料,飼料コスト
PRCG20_1202050005,原乳,PRCG20_2600150027,飼料作物,粗飼料・穀物
PRCG20_1202050005,原乳,PRCG20_1200650005,軽油,農機・搾乳の燃料
PRCG20_1202050006,鶏卵,PRCG20_1200150083,配合飼料,飼料コスト
PRCG20_1202050006,鶏卵,PRCG20_2600150027,飼料作物,穀物飼料
PRCG20_1202050006,鶏卵,PRCG20_1202250001,事業用電力,鶏舎の空調電力
PRCG20_1202050007,牛肉,PRCG20_1200150083,配合飼料,肥育の飼料コスト
PRCG20_1202050007,牛肉,PRCG20_2600150027,飼料作物,穀物飼料
PRCG20_1202050007,牛肉,PRCG20_1202250001,事業用電力,畜舎・処理の電力
PRCG20_1202050008,豚肉,PRCG20_1200150083,配合飼料,肥育の飼料コスト
PRCG20_1202050008,豚肉,PRCG20_2600150027,飼料作物,穀物飼料
PRCG20_1202050008,豚肉,PRCG20_1202250001,事業用電力,畜舎・処理の電力
PRCG20_1202050009,鶏肉,PRCG20_1200150083,配合飼料,肥育の飼料コスト
PRCG20_1202050009,鶏肉,PRCG20_2600150027,飼料作物,穀物飼料
PRCG20_1202050009,鶏肉,PRCG20_1202250001,事業用電力,畜舎・処理の電力
PRCG20_1202050010,丸太,PRCG20_1200650005,軽油,伐出機械の燃料
PRCG20_1202050010,丸太,PRCG20_1200650001,ガソリン,チェンソー等の燃料
PRCG20_1202050010,丸太,PRCG20_1200550001,化学肥料,育林資材
PRCG20_1202050011,干のり,PRCG20_1200650006,Ａ重油,乾燥・船舶燃料
PRCG20_1202050011,干のり,PRCG20_1202250001,事業用電力,加工・冷蔵の電力
PRCG20_1202050011,干のり,PRCG20_1200650005,軽油,船舶燃料
PRCG20_1202050012,塩干・塩蔵品,PRCG20_1200550005,塩,塩蔵の副原料
PRCG20_1202050012,塩干・塩蔵品,PRCG20_1200650006,Ａ重油,漁船・乾燥燃料
PRCG20_1202050012,塩干・塩蔵品,PRCG20_1202250001,事業用電力,冷蔵の電力
PRCG20_1202050013,しらす干し,PRCG20_1200550005,塩,塩蔵の副原料
PRCG20_1202050013,しらす干し,PRCG20_1200650006,Ａ重油,漁船・乾燥燃料
PRCG20_1202050013,しらす干し,PRCG20_1202250001,事業用電力,冷蔵の電力
PRCG20_1202150001,天然ガス,PRCG20_2600550011,液化天然ガス,輸入LNG価格に連動
PRCG20_1202150001,天然ガス,PRCG20_1202250001,事業用電力,採掘・処理の電力
PRCG20_1202150001,天然ガス,PRCG20_1200650005,軽油,掘削機械の燃料
PRCG20_1202150002,砂利,PRCG20_1200650005,軽油,重機・ダンプの燃料
PRCG20_1202150002,砂利,PRCG20_1202250001,事業用電力,選別・洗浄の電力
PRCG20_1202150002,砂利,PRCG20_1200650007,Ｂ重油・Ｃ重油,プラント燃料
PRCG20_1202150003,砕石,PRCG20_1200650005,軽油,重機・ダンプの燃料
PRCG20_1202150003,砕石,PRCG20_1202250001,事業用電力,破砕プラントの電力
PRCG20_1202150003,砕石,PRCG20_1200650007,Ｂ重油・Ｃ重油,プラント燃料
PRCG20_1202150004,石灰石,PRCG20_1200650005,軽油,採掘重機の燃料
PRCG20_1202150004,石灰石,PRCG20_1202250001,事業用電力,破砕・選別の電力
PRCG20_1202150004,石灰石,PRCG20_1200650007,Ｂ重油・Ｃ重油,プラント燃料
PRCG20_1202250001,事業用電力,PRCG20_2600550011,液化天然ガス,LNG火力の燃料
PRCG20_1202250001,事業用電力,PRCG20_2600550009,一般炭,石炭火力の燃料
PRCG20_1202250001,事業用電力,PRCG20_2600550010,原油,石油火力の燃料
PRCG20_1202250001,事業用電力,PRCG20_1200650007,Ｂ重油・Ｃ重油,石油火力の燃料
PRCG20_1202250002,都市ガス,PRCG20_2600550011,液化天然ガス,主原料のLNG
PRCG20_1202250002,都市ガス,PRCG20_2600550006,液化石油ガス,熱量調整用LPG
PRCG20_1202250002,都市ガス,PRCG20_1200650010,液化石油ガス,熱量調整用LPG
PRCG20_1202250003,上水道,PRCG20_1202250001,事業用電力,取水・送水ポンプの電力
PRCG20_1202250003,上水道,PRCG20_1200550002,ソーダ工業製品,浄水用薬品
PRCG20_1202250003,上水道,PRCG20_1200650005,軽油,施設維持の燃料
PRCG20_1202250004,工業用水,PRCG20_1202250001,事業用電力,送水ポンプの電力
PRCG20_1202250004,工業用水,PRCG20_1200550002,ソーダ工業製品,水処理薬品
PRCG20_1202250004,工業用水,PRCG20_1200650005,軽油,施設維持の燃料
PRCG20_1202350001,古紙,PRCG20_1200650005,軽油,回収・輸送の燃料
PRCG20_1202350001,古紙,PRCG20_1202250001,事業用電力,選別・圧縮の電力
PRCG20_1202350001,古紙,PRCG20_2600450004,木材チップ,代替パルプ原料の価格連動
PRCG20_1202350002,鉄屑,PRCG20_1200650005,軽油,回収・輸送の燃料
PRCG20_1202350002,鉄屑,PRCG20_2600350024,鉄鉱石,代替鉄源の価格連動
PRCG20_1202350002,鉄屑,PRCG20_1202250001,事業用電力,シュレッダーの電力
PRCG20_1202350003,銅・アルミニウム屑,PRCG20_2600350008,銅,銅建値に連動
PRCG20_1202350003,銅・アルミニウム屑,PRCG20_2600350009,アルミニウム地金,アルミ相場に連動
PRCG20_1202350003,銅・アルミニウム屑,PRCG20_1200650005,軽油,回収・輸送の燃料
