code,kind,level,depth,name,has_link,group_path
PRCG20_2200000000,domestic_tax,総平均,0,総平均,False,
PRCG20_2200010001,domestic_tax,大類別,0,工業製品,False,
PRCG20_2200120001,domestic_tax,類別,1,飲食料品,False,工業製品
PRCG20_2200130001,domestic_tax,小類別,2,食料品,False,工業製品>飲食料品
PRCG20_2200140001,domestic_tax,商品群,3,酪農品,False,工業製品>飲食料品>食料品
PRCG20_2200150001,domestic_tax,品目,4,処理牛乳,True,工業製品>飲食料品>食料品>酪農品
PRCG20_2200150002,domestic_tax,品目,4,乳飲料・乳酸菌飲料,False,工業製品>飲食料品>食料品>酪農品
PRCG20_2200150003,domestic_tax,品目,4,粉乳,True,工業製品>飲食料品>食料品>酪農品
PRCG20_2200150004,domestic_tax,品目,4,バター,True,工業製品>飲食料品>食料品>酪農品
PRCG20_2200150005,domestic_tax,品目,4,チーズ,True,工業製品>飲食料品>食料品>酪農品
PRCG20_2200150006,domestic_tax,品目,4,生クリーム,True,工業製品>飲食料品>食料品>酪農品
PRCG20_2200150007,domestic_tax,品目,4,アイスクリーム,True,工業製品>飲食料品>食料品>酪農品
PRCG20_2200150008,domestic_tax,品目,4,ヨーグルト,True,工業製品>飲食料品>食料品>酪農品
PRCG20_2200140002,domestic_tax,商品群,3,その他の畜産食料品,False,工業製品>飲食料品>食料品
PRCG20_2200150009,domestic_tax,品目,4,肉製品,True,工業製品>飲食料品>食料品>その他の畜産食料品
PRCG20_2200140003,domestic_tax,商品群,3,水産びん・かん詰,False,工業製品>飲食料品>食料品
PRCG20_2200150010,domestic_tax,品目,4,水産びん・かん詰,True,工業製品>飲食料品>食料品>水産びん・かん詰
PRCG20_2200140004,domestic_tax,商品群,3,ねり製品,False,工業製品>飲食料品>食料品
PRCG20_2200150011,domestic_tax,品目,4,ねり製品,False,工業製品>飲食料品>食料品>ねり製品
PRCG20_2200140005,domestic_tax,商品群,3,その他の水産食料品,False,工業製品>飲食料品>食料品
PRCG20_2200150012,domestic_tax,品目,4,かつおパック,False,工業製品>飲食料品>食料品>その他の水産食料品
PRCG20_2200150013,domestic_tax,品目,4,水産物漬物,False,工業製品>飲食料品>食料品>その他の水産食料品
PRCG20_2200150014,domestic_tax,品目,4,つくだ煮,True,工業製品>飲食料品>食料品>その他の水産食料品
PRCG20_2200140006,domestic_tax,商品群,3,製粉,False,工業製品>飲食料品>食料品
PRCG20_2200150015,domestic_tax,品目,4,小麦粉,True,工業製品>飲食料品>食料品>製粉
PRCG20_2200140007,domestic_tax,商品群,3,めん類,False,工業製品>飲食料品>食料品
PRCG20_2200150016,domestic_tax,品目,4,即席めん,True,工業製品>飲食料品>食料品>めん類
PRCG20_2200150017,domestic_tax,品目,4,和風めん,True,工業製品>飲食料品>食料品>めん類
PRCG20_2200150018,domestic_tax,品目,4,中華めん,True,工業製品>飲食料品>食料品>めん類
PRCG20_2200150019,domestic_tax,品目,4,洋風めん,True,工業製品>飲食料品>食料品>めん類
PRCG20_2200140008,domestic_tax,商品群,3,パン類,False,工業製品>飲食料品>食料品
PRCG20_2200150020,domestic_tax,品目,4,食パン,True,工業製品>飲食料品>食料品>パン類
PRCG20_2200150021,domestic_tax,品目,4,菓子パン,True,工業製品>飲食料品>食料品>パン類
PRCG20_2200150022,domestic_tax,品目,4,調理パン・サンドイッチ,True,工業製品>飲食料品>食料品>パン類
PRCG20_2200140009,domestic_tax,商品群,3,菓子類,False,工業製品>飲食料品>食料品
PRCG20_2200150023,domestic_tax,品目,4,洋生菓子,True,工業製品>飲食料品>食料品>菓子類
PRCG20_2200150024,domestic_tax,品目,4,和生菓子,True,工業製品>飲食料品>食料品>菓子類
PRCG20_2200150025,domestic_tax,品目,4,ビスケット類,True,工業製品>飲食料品>食料品>菓子類
PRCG20_2200150026,domestic_tax,品目,4,米菓,True,工業製品>飲食料品>食料品>菓子類
PRCG20_2200150027,domestic_tax,品目,4,キャンデー,True,工業製品>飲食料品>食料品>菓子類
PRCG20_2200150028,domestic_tax,品目,4,チョコレート,True,工業製品>飲食料品>食料品>菓子類
PRCG20_2200150029,domestic_tax,品目,4,チューインガム,True,工業製品>飲食料品>食料品>菓子類
PRCG20_2200150030,domestic_tax,品目,4,スナック菓子,True,工業製品>飲食料品>食料品>菓子類
PRCG20_2200150031,domestic_tax,品目,4,氷菓,True,工業製品>飲食料品>食料品>菓子類
PRCG20_2200150032,domestic_tax,品目,4,豆菓子,True,工業製品>飲食料品>食料品>菓子類
PRCG20_2200150033,domestic_tax,品目,4,シリアル,True,工業製品>飲食料品>食料品>菓子類
PRCG20_2200140010,domestic_tax,商品群,3,農産保存食料品,False,工業製品>飲食料品>食料品
PRCG20_2200150034,domestic_tax,品目,4,果実・野菜缶詰,False,工業製品>飲食料品>食料品>農産保存食料品
PRCG20_2200150035,domestic_tax,品目,4,漬物,True,工業製品>飲食料品>食料品>農産保存食料品
PRCG20_2200140011,domestic_tax,商品群,3,砂糖,False,工業製品>飲食料品>食料品
PRCG20_2200150036,domestic_tax,品目,4,砂糖,False,工業製品>飲食料品>食料品>砂糖
PRCG20_2200140012,domestic_tax,商品群,3,でん粉,False,工業製品>飲食料品>食料品
PRCG20_2200150037,domestic_tax,品目,4,でん粉,True,工業製品>飲食料品>食料品>でん粉
PRCG20_2200140013,domestic_tax,商品群,3,ぶどう糖・水あめ・異性化糖,False,工業製品>飲食料品>食料品
PRCG20_2200150038,domestic_tax,品目,4,ぶどう糖・水あめ,True,工業製品>飲食料品>食料品>ぶどう糖・水あめ・異性化糖
PRCG20_2200150039,domestic_tax,品目,4,異性化糖,True,工業製品>飲食料品>食料品>ぶどう糖・水あめ・異性化糖
PRCG20_2200140014,domestic_tax,商品群,3,動植物油脂,False,工業製品>飲食料品>食料品
PRCG20_2200150040,domestic_tax,品目,4,植物油脂（除混合植物油脂）,True,工業製品>飲食料品>食料品>動植物油脂
PRCG20_2200150041,domestic_tax,品目,4,混合植物油脂,True,工業製品>飲食料品>食料品>動植物油脂
PRCG20_2200150042,domestic_tax,品目,4,植物油搾かす,False,工業製品>飲食料品>食料品>動植物油脂
PRCG20_2200150043,domestic_tax,品目,4,ショートニング,True,工業製品>飲食料品>食料品>動植物油脂
PRCG20_2200150044,domestic_tax,品目,4,マーガリン,True,工業製品>飲食料品>食料品>動植物油脂
PRCG20_2200140015,domestic_tax,商品群,3,調味料,False,工業製品>飲食料品>食料品
PRCG20_2200150045,domestic_tax,品目,4,みそ,True,工業製品>飲食料品>食料品>調味料
PRCG20_2200150046,domestic_tax,品目,4,しょう油,True,工業製品>飲食料品>食料品>調味料
PRCG20_2200150047,domestic_tax,品目,4,ソース,False,工業製品>飲食料品>食料品>調味料
PRCG20_2200150048,domestic_tax,品目,4,食酢,True,工業製品>飲食料品>食料品>調味料
PRCG20_2200150049,domestic_tax,品目,4,香辛料,True,工業製品>飲食料品>食料品>調味料
PRCG20_2200150050,domestic_tax,品目,4,ルウ,True,工業製品>飲食料品>食料品>調味料
PRCG20_2200150051,domestic_tax,品目,4,うま味・風味調味料,True,工業製品>飲食料品>食料品>調味料
PRCG20_2200150052,domestic_tax,品目,4,たれ・めんつゆ,False,工業製品>飲食料品>食料品>調味料
PRCG20_2200140016,domestic_tax,商品群,3,冷凍調理食品,False,工業製品>飲食料品>食料品
PRCG20_2200150053,domestic_tax,品目,4,冷凍調理食品,True,工業製品>飲食料品>食料品>冷凍調理食品
PRCG20_2200140017,domestic_tax,商品群,3,レトルト食品,False,工業製品>飲食料品>食料品
PRCG20_2200150054,domestic_tax,品目,4,レトルト食品,True,工業製品>飲食料品>食料品>レトルト食品
PRCG20_2200140018,domestic_tax,商品群,3,そう菜・すし・弁当,False,工業製品>飲食料品>食料品
PRCG20_2200150055,domestic_tax,品目,4,そう菜,True,工業製品>飲食料品>食料品>そう菜・すし・弁当
PRCG20_2200150056,domestic_tax,品目,4,すし・弁当・おにぎり,True,工業製品>飲食料品>食料品>そう菜・すし・弁当
PRCG20_2200140019,domestic_tax,商品群,3,その他の食料品,False,工業製品>飲食料品>食料品
PRCG20_2200150057,domestic_tax,品目,4,豆腐・しみ豆腐・油揚げ類,False,工業製品>飲食料品>食料品>その他の食料品
PRCG20_2200150058,domestic_tax,品目,4,あん,True,工業製品>飲食料品>食料品>その他の食料品
PRCG20_2200150059,domestic_tax,品目,4,サプリメント,True,工業製品>飲食料品>食料品>その他の食料品
PRCG20_2200150060,domestic_tax,品目,4,こんにゃく,True,工業製品>飲食料品>食料品>その他の食料品
PRCG20_2200150061,domestic_tax,品目,4,即席みそ汁・インスタントスープ,True,工業製品>飲食料品>食料品>その他の食料品
PRCG20_2200150062,domestic_tax,品目,4,茶づけ・ふりかけ,True,工業製品>飲食料品>食料品>その他の食料品
PRCG20_2200150063,domestic_tax,品目,4,納豆,True,工業製品>飲食料品>食料品>その他の食料品
PRCG20_2200150064,domestic_tax,品目,4,パン粉,True,工業製品>飲食料品>食料品>その他の食料品
PRCG20_2200130002,domestic_tax,小類別,2,飲料,False,工業製品>飲食料品
PRCG20_2200140020,domestic_tax,商品群,3,清酒,False,工業製品>飲食料品>飲料
PRCG20_2200150065,domestic_tax,品目,4,清酒,False,工業製品>飲食料品>飲料>清酒
PRCG20_2200140021,domestic_tax,商品群,3,ビール類,False,工業製品>飲食料品>飲料
PRCG20_2200150066,domestic_tax,品目,4,ビール,True,工業製品>飲食料品>飲料>ビール類
PRCG20_2200150067,domestic_tax,品目,4,発泡酒・新ジャンル,False,工業製品>飲食料品>飲料>ビール類
PRCG20_2200140022,domestic_tax,商品群,3,ウイスキー類,False,工業製品>飲食料品>飲料
PRCG20_2200150068,domestic_tax,品目,4,ウイスキー,True,工業製品>飲食料品>飲料>ウイスキー類
PRCG20_2200140023,domestic_tax,商品群,3,その他の酒類,False,工業製品>飲食料品>飲料
PRCG20_2200150069,domestic_tax,品目,4,果実酒・チューハイ,False,工業製品>飲食料品>飲料>その他の酒類
PRCG20_2200150070,domestic_tax,品目,4,焼ちゅう,True,工業製品>飲食料品>飲料>その他の酒類
PRCG20_2200140024,domestic_tax,商品群,3,茶・コーヒー,False,工業製品>飲食料品>飲料
PRCG20_2200150071,domestic_tax,品目,4,荒茶,True,工業製品>飲食料品>飲料>茶・コーヒー
PRCG20_2200150072,domestic_tax,品目,4,緑茶,True,工業製品>飲食料品>飲料>茶・コーヒー
PRCG20_2200150073,domestic_tax,品目,4,コーヒー,False,工業製品>飲食料品>飲料>茶・コーヒー
PRCG20_2200140025,domestic_tax,商品群,3,清涼飲料,False,工業製品>飲食料品>飲料
PRCG20_2200150074,domestic_tax,品目,4,炭酸飲料,True,工業製品>飲食料品>飲料>清涼飲料
PRCG20_2200150075,domestic_tax,品目,4,ジュース,False,工業製品>飲食料品>飲料>清涼飲料
PRCG20_2200150076,domestic_tax,品目,4,コーヒー飲料,True,工業製品>飲食料品>飲料>清涼飲料
PRCG20_2200150077,domestic_tax,品目,4,茶飲料,True,工業製品>飲食料品>飲料>清涼飲料
PRCG20_2200150078,domestic_tax,品目,4,ミネラルウォーター,True,工業製品>飲食料品>飲料>清涼飲料
PRCG20_2200150079,domestic_tax,品目,4,スポーツドリンク,True,工業製品>飲食料品>飲料>清涼飲料
PRCG20_2200150080,domestic_tax,品目,4,豆乳飲料,True,工業製品>飲食料品>飲料>清涼飲料
PRCG20_2200150081,domestic_tax,品目,4,ノンアルコール飲料,True,工業製品>飲食料品>飲料>清涼飲料
PRCG20_2200140026,domestic_tax,商品群,3,製氷,False,工業製品>飲食料品>飲料
PRCG20_2200150082,domestic_tax,品目,4,人造氷,True,工業製品>飲食料品>飲料>製氷
PRCG20_2200130003,domestic_tax,小類別,2,飼料・有機質肥料,False,工業製品>飲食料品
PRCG20_2200140027,domestic_tax,商品群,3,飼料,False,工業製品>飲食料品>飼料・有機質肥料
PRCG20_2200150083,domestic_tax,品目,4,配合飼料,True,工業製品>飲食料品>飼料・有機質肥料>飼料
PRCG20_2200150084,domestic_tax,品目,4,ペットフード,True,工業製品>飲食料品>飼料・有機質肥料>飼料
PRCG20_2200130004,domestic_tax,小類別,2,たばこ,False,工業製品>飲食料品
PRCG20_2200140028,domestic_tax,商品群,3,たばこ,False,工業製品>飲食料品>たばこ
PRCG20_2200150085,domestic_tax,品目,4,たばこ,True,工業製品>飲食料品>たばこ>たばこ
PRCG20_2200220001,domestic_tax,類別,1,繊維製品,False,工業製品
PRCG20_2200230001,domestic_tax,小類別,2,繊維工業製品,False,工業製品>繊維製品
PRCG20_2200240001,domestic_tax,商品群,3,紡績糸,False,工業製品>繊維製品>繊維工業製品
PRCG20_2200250001,domestic_tax,品目,4,紡績糸,False,工業製品>繊維製品>繊維工業製品>紡績糸
PRCG20_2200240002,domestic_tax,商品群,3,織物,False,工業製品>繊維製品>繊維工業製品
PRCG20_2200250002,domestic_tax,品目,4,織物,False,工業製品>繊維製品>繊維工業製品>織物
PRCG20_2200240003,domestic_tax,商品群,3,その他の繊維工業製品,False,工業製品>繊維製品>繊維工業製品
PRCG20_2200250003,domestic_tax,品目,4,フェルト生地・不織布,True,工業製品>繊維製品>繊維工業製品>その他の繊維工業製品
PRCG20_2200230002,domestic_tax,小類別,2,衣服・その他繊維既製品,False,工業製品>繊維製品
PRCG20_2200240004,domestic_tax,商品群,3,織物製・ニット製衣服,False,工業製品>繊維製品>衣服・その他繊維既製品
PRCG20_2200250004,domestic_tax,品目,4,外衣・シャツ,False,工業製品>繊維製品>衣服・その他繊維既製品>織物製・ニット製衣服
PRCG20_2200250005,domestic_tax,品目,4,下着類,True,工業製品>繊維製品>衣服・その他繊維既製品>織物製・ニット製衣服
PRCG20_2200240005,domestic_tax,商品群,3,その他の衣服・身の回り品,False,工業製品>繊維製品>衣服・その他繊維既製品
PRCG20_2200250006,domestic_tax,品目,4,繊維製身の回り品,False,工業製品>繊維製品>衣服・その他繊維既製品>その他の衣服・身の回り品
PRCG20_2200240006,domestic_tax,商品群,3,その他の繊維既製品,False,工業製品>繊維製品>衣服・その他繊維既製品
PRCG20_2200250007,domestic_tax,品目,4,寝具,True,工業製品>繊維製品>衣服・その他繊維既製品>その他の繊維既製品
PRCG20_2200250008,domestic_tax,品目,4,敷物,True,工業製品>繊維製品>衣服・その他繊維既製品>その他の繊維既製品
PRCG20_2200250009,domestic_tax,品目,4,繊維製帆布,True,工業製品>繊維製品>衣服・その他繊維既製品>その他の繊維既製品
PRCG20_2200250010,domestic_tax,品目,4,タオル,True,工業製品>繊維製品>衣服・その他繊維既製品>その他の繊維既製品
PRCG20_2200250011,domestic_tax,品目,4,衛生材料,True,工業製品>繊維製品>衣服・その他繊維既製品>その他の繊維既製品
PRCG20_2200320001,domestic_tax,類別,1,木材・木製品,False,工業製品
PRCG20_2200330001,domestic_tax,小類別,2,木材・木製品,False,工業製品>木材・木製品
PRCG20_2200340001,domestic_tax,商品群,3,製材,False,工業製品>木材・木製品>木材・木製品
PRCG20_2200350001,domestic_tax,品目,4,板,True,工業製品>木材・木製品>木材・木製品>製材
PRCG20_2200350002,domestic_tax,品目,4,ひき割,True,工業製品>木材・木製品>木材・木製品>製材
PRCG20_2200350003,domestic_tax,品目,4,ひき角,True,工業製品>木材・木製品>木材・木製品>製材
PRCG20_2200350004,domestic_tax,品目,4,梱包用材,True,工業製品>木材・木製品>木材・木製品>製材
PRCG20_2200340002,domestic_tax,商品群,3,合板・集成材,False,工業製品>木材・木製品>木材・木製品
PRCG20_2200350005,domestic_tax,品目,4,普通合板,True,工業製品>木材・木製品>木材・木製品>合板・集成材
PRCG20_2200350006,domestic_tax,品目,4,特殊合板,True,工業製品>木材・木製品>木材・木製品>合板・集成材
PRCG20_2200350007,domestic_tax,品目,4,集成材,True,工業製品>木材・木製品>木材・木製品>合板・集成材
PRCG20_2200340003,domestic_tax,商品群,3,木材チップ,False,工業製品>木材・木製品>木材・木製品
PRCG20_2200350008,domestic_tax,品目,4,木材チップ,True,工業製品>木材・木製品>木材・木製品>木材チップ
PRCG20_2200340004,domestic_tax,商品群,3,その他の木製品,False,工業製品>木材・木製品>木材・木製品
PRCG20_2200350009,domestic_tax,品目,4,造作材,True,工業製品>木材・木製品>木材・木製品>その他の木製品
PRCG20_2200350010,domestic_tax,品目,4,住宅建築用木製組立材料,True,工業製品>木材・木製品>木材・木製品>その他の木製品
PRCG20_2200350011,domestic_tax,品目,4,床板,True,工業製品>木材・木製品>木材・木製品>その他の木製品
PRCG20_2200350012,domestic_tax,品目,4,木箱,True,工業製品>木材・木製品>木材・木製品>その他の木製品
PRCG20_2200420001,domestic_tax,類別,1,パルプ・紙・同製品,False,工業製品
PRCG20_2200430001,domestic_tax,小類別,2,パルプ・紙・板紙・加工紙,False,工業製品>パルプ・紙・同製品
PRCG20_2200440001,domestic_tax,商品群,3,洋紙・和紙,False,工業製品>パルプ・紙・同製品>パルプ・紙・板紙・加工紙
PRCG20_2200450001,domestic_tax,品目,4,新聞用紙,True,工業製品>パルプ・紙・同製品>パルプ・紙・板紙・加工紙>洋紙・和紙
PRCG20_2200450002,domestic_tax,品目,4,非塗工印刷用紙,False,工業製品>パルプ・紙・同製品>パルプ・紙・板紙・加工紙>洋紙・和紙
PRCG20_2200450003,domestic_tax,品目,4,塗工印刷用紙,False,工業製品>パルプ・紙・同製品>パルプ・紙・板紙・加工紙>洋紙・和紙
PRCG20_2200450004,domestic_tax,品目,4,情報用紙,True,工業製品>パルプ・紙・同製品>パルプ・紙・板紙・加工紙>洋紙・和紙
PRCG20_2200450005,domestic_tax,品目,4,クラフト紙,True,工業製品>パルプ・紙・同製品>パルプ・紙・板紙・加工紙>洋紙・和紙
PRCG20_2200450006,domestic_tax,品目,4,加工原紙,True,工業製品>パルプ・紙・同製品>パルプ・紙・板紙・加工紙>洋紙・和紙
PRCG20_2200440002,domestic_tax,商品群,3,板紙,False,工業製品>パルプ・紙・同製品>パルプ・紙・板紙・加工紙
PRCG20_2200450007,domestic_tax,品目,4,ライナー,True,工業製品>パルプ・紙・同製品>パルプ・紙・板紙・加工紙>板紙
PRCG20_2200450008,domestic_tax,品目,4,中しん原紙,True,工業製品>パルプ・紙・同製品>パルプ・紙・板紙・加工紙>板紙
PRCG20_2200450009,domestic_tax,品目,4,白板紙,True,工業製品>パルプ・紙・同製品>パルプ・紙・板紙・加工紙>板紙
PRCG20_2200440003,domestic_tax,商品群,3,段ボール,False,工業製品>パルプ・紙・同製品>パルプ・紙・板紙・加工紙
PRCG20_2200450010,domestic_tax,品目,4,段ボール,True,工業製品>パルプ・紙・同製品>パルプ・紙・板紙・加工紙>段ボール
PRCG20_2200440004,domestic_tax,商品群,3,塗工紙・建設用加工紙,False,工業製品>パルプ・紙・同製品>パルプ・紙・板紙・加工紙
PRCG20_2200450011,domestic_tax,品目,4,アスファルト塗工紙,True,工業製品>パルプ・紙・同製品>パルプ・紙・板紙・加工紙>塗工紙・建設用加工紙
PRCG20_2200450012,domestic_tax,品目,4,ノーカーボン紙・粘着紙,True,工業製品>パルプ・紙・同製品>パルプ・紙・板紙・加工紙>塗工紙・建設用加工紙
PRCG20_2200450013,domestic_tax,品目,4,壁紙・ふすま紙,True,工業製品>パルプ・紙・同製品>パルプ・紙・板紙・加工紙>塗工紙・建設用加工紙
PRCG20_2200430002,domestic_tax,小類別,2,紙加工品,False,工業製品>パルプ・紙・同製品
PRCG20_2200440005,domestic_tax,商品群,3,段ボール箱,False,工業製品>パルプ・紙・同製品>紙加工品
PRCG20_2200450014,domestic_tax,品目,4,段ボール箱,True,工業製品>パルプ・紙・同製品>紙加工品>段ボール箱
PRCG20_2200440006,domestic_tax,商品群,3,その他の紙製容器,False,工業製品>パルプ・紙・同製品>紙加工品
PRCG20_2200450015,domestic_tax,品目,4,重包装紙袋,True,工業製品>パルプ・紙・同製品>紙加工品>その他の紙製容器
PRCG20_2200450016,domestic_tax,品目,4,軽包装紙袋,True,工業製品>パルプ・紙・同製品>紙加工品>その他の紙製容器
PRCG20_2200450017,domestic_tax,品目,4,紙箱,True,工業製品>パルプ・紙・同製品>紙加工品>その他の紙製容器
PRCG20_2200440007,domestic_tax,商品群,3,紙製衛生材料・用品,False,工業製品>パルプ・紙・同製品>紙加工品
PRCG20_2200450018,domestic_tax,品目,4,大人用紙おむつ,True,工業製品>パルプ・紙・同製品>紙加工品>紙製衛生材料・用品
PRCG20_2200450019,domestic_tax,品目,4,子供用紙おむつ,True,工業製品>パルプ・紙・同製品>紙加工品>紙製衛生材料・用品
PRCG20_2200450020,domestic_tax,品目,4,ティッシュペーパー,True,工業製品>パルプ・紙・同製品>紙加工品>紙製衛生材料・用品
PRCG20_2200450021,domestic_tax,品目,4,トイレットペーパー,True,工業製品>パルプ・紙・同製品>紙加工品>紙製衛生材料・用品
PRCG20_2200450022,domestic_tax,品目,4,生理用品,True,工業製品>パルプ・紙・同製品>紙加工品>紙製衛生材料・用品
PRCG20_2200440008,domestic_tax,商品群,3,その他のパルプ・紙・紙加工品,False,工業製品>パルプ・紙・同製品>紙加工品
PRCG20_2200450023,domestic_tax,品目,4,封筒,True,工業製品>パルプ・紙・同製品>紙加工品>その他のパルプ・紙・紙加工品
PRCG20_2200450024,domestic_tax,品目,4,日用紙製品,True,工業製品>パルプ・紙・同製品>紙加工品>その他のパルプ・紙・紙加工品
PRCG20_2200450025,domestic_tax,品目,4,紙管,True,工業製品>パルプ・紙・同製品>紙加工品>その他のパルプ・紙・紙加工品
PRCG20_2200520001,domestic_tax,類別,1,化学製品,False,工業製品
PRCG20_2200530001,domestic_tax,小類別,2,化学肥料,False,工業製品>化学製品
PRCG20_2200540001,domestic_tax,商品群,3,化学肥料,False,工業製品>化学製品>化学肥料
PRCG20_2200550001,domestic_tax,品目,4,化学肥料,True,工業製品>化学製品>化学肥料>化学肥料
PRCG20_2200530002,domestic_tax,小類別,2,無機化学工業製品,False,工業製品>化学製品
PRCG20_2200540002,domestic_tax,商品群,3,ソーダ工業製品,False,工業製品>化学製品>無機化学工業製品
PRCG20_2200550002,domestic_tax,品目,4,ソーダ工業製品,True,工業製品>化学製品>無機化学工業製品>ソーダ工業製品
PRCG20_2200540003,domestic_tax,商品群,3,無機顔料,False,工業製品>化学製品>無機化学工業製品
PRCG20_2200550003,domestic_tax,品目,4,無機顔料,True,工業製品>化学製品>無機化学工業製品>無機顔料
PRCG20_2200540004,domestic_tax,商品群,3,圧縮ガス・液化ガス,False,工業製品>化学製品>無機化学工業製品
PRCG20_2200550004,domestic_tax,品目,4,圧縮ガス・液化ガス,True,工業製品>化学製品>無機化学工業製品>圧縮ガス・液化ガス
PRCG20_2200540005,domestic_tax,商品群,3,塩,False,工業製品>化学製品>無機化学工業製品
PRCG20_2200550005,domestic_tax,品目,4,塩,True,工業製品>化学製品>無機化学工業製品>塩
PRCG20_2200540006,domestic_tax,商品群,3,その他の無機化学工業製品,False,工業製品>化学製品>無機化学工業製品
PRCG20_2200550006,domestic_tax,品目,4,電池用無機化学工業製品,True,工業製品>化学製品>無機化学工業製品>その他の無機化学工業製品
PRCG20_2200530003,domestic_tax,小類別,2,石油化学系基礎製品,False,工業製品>化学製品
PRCG20_2200540007,domestic_tax,商品群,3,石油化学基礎製品,False,工業製品>化学製品>石油化学系基礎製品
PRCG20_2200550007,domestic_tax,品目,4,エチレン,True,工業製品>化学製品>石油化学系基礎製品>石油化学基礎製品
PRCG20_2200550008,domestic_tax,品目,4,プロピレン,True,工業製品>化学製品>石油化学系基礎製品>石油化学基礎製品
PRCG20_2200550009,domestic_tax,品目,4,ブタン・ブチレン・ブタジエン,False,工業製品>化学製品>石油化学系基礎製品>石油化学基礎製品
PRCG20_2200540008,domestic_tax,商品群,3,石油化学系芳香族製品,False,工業製品>化学製品>石油化学系基礎製品
PRCG20_2200550010,domestic_tax,品目,4,ベンゼン,True,工業製品>化学製品>石油化学系基礎製品>石油化学系芳香族製品
PRCG20_2200550011,domestic_tax,品目,4,キシレン,True,工業製品>化学製品>石油化学系基礎製品>石油化学系芳香族製品
PRCG20_2200530004,domestic_tax,小類別,2,有機化学工業製品,False,工業製品>化学製品
PRCG20_2200540009,domestic_tax,商品群,3,脂肪族中間物,False,工業製品>化学製品>有機化学工業製品
PRCG20_2200550012,domestic_tax,品目,4,合成アセトン,True,工業製品>化学製品>有機化学工業製品>脂肪族中間物
PRCG20_2200550013,domestic_tax,品目,4,酸化エチレン・エチレングリコール,False,工業製品>化学製品>有機化学工業製品>脂肪族中間物
PRCG20_2200550014,domestic_tax,品目,4,酸化プロピレン・ポリプロピレングリコール,False,工業製品>化学製品>有機化学工業製品>脂肪族中間物
PRCG20_2200550015,domestic_tax,品目,4,塩化ビニルモノマー,True,工業製品>化学製品>有機化学工業製品>脂肪族中間物
PRCG20_2200550016,domestic_tax,品目,4,アクリロニトリル,True,工業製品>化学製品>有機化学工業製品>脂肪族中間物
PRCG20_2200540010,domestic_tax,商品群,3,環式中間物・合成染料・有機顔料,False,工業製品>化学製品>有機化学工業製品
PRCG20_2200550017,domestic_tax,品目,4,スチレンモノマー,True,工業製品>化学製品>有機化学工業製品>環式中間物・合成染料・有機顔料
PRCG20_2200550018,domestic_tax,品目,4,フェノール・ビスフェノールＡ,False,工業製品>化学製品>有機化学工業製品>環式中間物・合成染料・有機顔料
PRCG20_2200550019,domestic_tax,品目,4,合成染料,True,工業製品>化学製品>有機化学工業製品>環式中間物・合成染料・有機顔料
PRCG20_2200540011,domestic_tax,商品群,3,合成ゴム,False,工業製品>化学製品>有機化学工業製品
PRCG20_2200550020,domestic_tax,品目,4,合成ゴム,True,工業製品>化学製品>有機化学工業製品>合成ゴム
PRCG20_2200530005,domestic_tax,小類別,2,合成樹脂,False,工業製品>化学製品
PRCG20_2200540012,domestic_tax,商品群,3,熱硬化性樹脂,False,工業製品>化学製品>合成樹脂
PRCG20_2200550021,domestic_tax,品目,4,熱硬化性樹脂,False,工業製品>化学製品>合成樹脂>熱硬化性樹脂
PRCG20_2200540013,domestic_tax,商品群,3,熱可塑性樹脂,False,工業製品>化学製品>合成樹脂
PRCG20_2200550022,domestic_tax,品目,4,ポリエチレン,False,工業製品>化学製品>合成樹脂>熱可塑性樹脂
PRCG20_2200550023,domestic_tax,品目,4,ポリスチレン,False,工業製品>化学製品>合成樹脂>熱可塑性樹脂
PRCG20_2200550024,domestic_tax,品目,4,ポリプロピレン,True,工業製品>化学製品>合成樹脂>熱可塑性樹脂
PRCG20_2200550025,domestic_tax,品目,4,塩化ビニル樹脂,True,工業製品>化学製品>合成樹脂>熱可塑性樹脂
PRCG20_2200540014,domestic_tax,商品群,3,高機能性樹脂,False,工業製品>化学製品>合成樹脂
PRCG20_2200550026,domestic_tax,品目,4,ポリアミド樹脂,True,工業製品>化学製品>合成樹脂>高機能性樹脂
PRCG20_2200550027,domestic_tax,品目,4,飽和ポリエステル樹脂,True,工業製品>化学製品>合成樹脂>高機能性樹脂
PRCG20_2200550028,domestic_tax,品目,4,ポリカーボネート,True,工業製品>化学製品>合成樹脂>高機能性樹脂
PRCG20_2200550029,domestic_tax,品目,4,ポリフェニレンサルファイド,True,工業製品>化学製品>合成樹脂>高機能性樹脂
PRCG20_2200540015,domestic_tax,商品群,3,その他の合成樹脂,False,工業製品>化学製品>合成樹脂
PRCG20_2200550030,domestic_tax,品目,4,メタクリル樹脂,True,工業製品>化学製品>合成樹脂>その他の合成樹脂
PRCG20_2200550031,domestic_tax,品目,4,フッ素樹脂,True,工業製品>化学製品>合成樹脂>その他の合成樹脂
PRCG20_2200530006,domestic_tax,小類別,2,化学繊維,False,工業製品>化学製品
PRCG20_2200540016,domestic_tax,商品群,3,化学繊維,False,工業製品>化学製品>化学繊維
PRCG20_2200550032,domestic_tax,品目,4,化学繊維,True,工業製品>化学製品>化学繊維>化学繊維
PRCG20_2200530007,domestic_tax,小類別,2,医薬品,False,工業製品>化学製品
PRCG20_2200540017,domestic_tax,商品群,3,医薬品,False,工業製品>化学製品>医薬品
PRCG20_2200550033,domestic_tax,品目,4,医薬品（除動物用）,True,工業製品>化学製品>医薬品>医薬品
PRCG20_2200530008,domestic_tax,小類別,2,化学最終製品,False,工業製品>化学製品
PRCG20_2200540018,domestic_tax,商品群,3,油脂加工製品・界面活性剤,False,工業製品>化学製品>化学最終製品
PRCG20_2200550034,domestic_tax,品目,4,石けん・身体洗浄剤,True,工業製品>化学製品>化学最終製品>油脂加工製品・界面活性剤
PRCG20_2200550035,domestic_tax,品目,4,家庭用合成洗剤,True,工業製品>化学製品>化学最終製品>油脂加工製品・界面活性剤
PRCG20_2200550036,domestic_tax,品目,4,柔軟仕上げ剤,True,工業製品>化学製品>化学最終製品>油脂加工製品・界面活性剤
PRCG20_2200550037,domestic_tax,品目,4,界面活性剤,True,工業製品>化学製品>化学最終製品>油脂加工製品・界面活性剤
PRCG20_2200540019,domestic_tax,商品群,3,化粧品・歯磨,False,工業製品>化学製品>化学最終製品
PRCG20_2200550038,domestic_tax,品目,4,仕上用・皮膚用化粧品,False,工業製品>化学製品>化学最終製品>化粧品・歯磨
PRCG20_2200550039,domestic_tax,品目,4,頭髪用化粧品,True,工業製品>化学製品>化学最終製品>化粧品・歯磨
PRCG20_2200550040,domestic_tax,品目,4,歯磨,True,工業製品>化学製品>化学最終製品>化粧品・歯磨
PRCG20_2200540020,domestic_tax,商品群,3,塗料,False,工業製品>化学製品>化学最終製品
PRCG20_2200550041,domestic_tax,品目,4,電気絶縁塗料,True,工業製品>化学製品>化学最終製品>塗料
PRCG20_2200550042,domestic_tax,品目,4,合成樹脂塗料,True,工業製品>化学製品>化学最終製品>塗料
PRCG20_2200550043,domestic_tax,品目,4,シンナー,True,工業製品>化学製品>化学最終製品>塗料
PRCG20_2200540021,domestic_tax,商品群,3,印刷インキ,False,工業製品>化学製品>化学最終製品
PRCG20_2200550044,domestic_tax,品目,4,印刷インキ,True,工業製品>化学製品>化学最終製品>印刷インキ
PRCG20_2200540022,domestic_tax,商品群,3,農薬,False,工業製品>化学製品>化学最終製品
PRCG20_2200550045,domestic_tax,品目,4,農薬,True,工業製品>化学製品>化学最終製品>農薬
PRCG20_2200540023,domestic_tax,商品群,3,ゼラチン・接着剤,False,工業製品>化学製品>化学最終製品
PRCG20_2200550046,domestic_tax,品目,4,接着剤,True,工業製品>化学製品>化学最終製品>ゼラチン・接着剤
PRCG20_2200540024,domestic_tax,商品群,3,写真感光材料,False,工業製品>化学製品>化学最終製品
PRCG20_2200550047,domestic_tax,品目,4,写真感光材料,True,工業製品>化学製品>化学最終製品>写真感光材料
PRCG20_2200540025,domestic_tax,商品群,3,その他の化学最終製品,False,工業製品>化学製品>化学最終製品
PRCG20_2200550048,domestic_tax,品目,4,触媒,True,工業製品>化学製品>化学最終製品>その他の化学最終製品
PRCG20_2200550049,domestic_tax,品目,4,香料,True,工業製品>化学製品>化学最終製品>その他の化学最終製品
PRCG20_2200550050,domestic_tax,品目,4,漂白剤,True,工業製品>化学製品>化学最終製品>その他の化学最終製品
PRCG20_2200620001,domestic_tax,類別,1,石油・石炭製品,False,工業製品
PRCG20_2200630001,domestic_tax,小類別,2,石油製品,False,工業製品>石油・石炭製品
PRCG20_2200640001,domestic_tax,商品群,3,石油製品,False,工業製品>石油・石炭製品>石油製品
PRCG20_2200650001,domestic_tax,品目,4,ガソリン,True,工業製品>石油・石炭製品>石油製品>石油製品
PRCG20_2200650002,domestic_tax,品目,4,ナフサ,True,工業製品>石油・石炭製品>石油製品>石油製品
PRCG20_2200650003,domestic_tax,品目,4,ジェット燃料油,True,工業製品>石油・石炭製品>石油製品>石油製品
PRCG20_2200650004,domestic_tax,品目,4,灯油,True,工業製品>石油・石炭製品>石油製品>石油製品
PRCG20_2200650005,domestic_tax,品目,4,軽油,True,工業製品>石油・石炭製品>石油製品>石油製品
PRCG20_2200650006,domestic_tax,品目,4,Ａ重油,True,工業製品>石油・石炭製品>石油製品>石油製品
PRCG20_2200650007,domestic_tax,品目,4,Ｂ重油・Ｃ重油,True,工業製品>石油・石炭製品>石油製品>石油製品
PRCG20_2200650008,domestic_tax,品目,4,潤滑油,True,工業製品>石油・石炭製品>石油製品>石油製品
PRCG20_2200650009,domestic_tax,品目,4,アスファルト,True,工業製品>石油・石炭製品>石油製品>石油製品
PRCG20_2200650010,domestic_tax,品目,4,液化石油ガス,True,工業製品>石油・石炭製品>石油製品>石油製品
PRCG20_2200630002,domestic_tax,小類別,2,石炭製品・舗装材料,False,工業製品>石油・石炭製品
PRCG20_2200640002,domestic_tax,商品群,3,石炭製品,False,工業製品>石油・石炭製品>石炭製品・舗装材料
PRCG20_2200650011,domestic_tax,品目,4,石炭コークス,True,工業製品>石油・石炭製品>石炭製品・舗装材料>石炭製品
PRCG20_2200640003,domestic_tax,商品群,3,舗装材料,False,工業製品>石油・石炭製品>石炭製品・舗装材料
PRCG20_2200650012,domestic_tax,品目,4,舗装材料,True,工業製品>石油・石炭製品>石炭製品・舗装材料>舗装材料
PRCG20_2200720001,domestic_tax,類別,1,プラスチック製品,False,工業製品
PRCG20_2200730001,domestic_tax,小類別,2,プラスチック製品,False,工業製品>プラスチック製品
PRCG20_2200740001,domestic_tax,商品群,3,プラスチック製品,False,工業製品>プラスチック製品>プラスチック製品
PRCG20_2200750001,domestic_tax,品目,4,プラスチック板,True,工業製品>プラスチック製品>プラスチック製品>プラスチック製品
PRCG20_2200750002,domestic_tax,品目,4,プラスチック管,True,工業製品>プラスチック製品>プラスチック製品>プラスチック製品
PRCG20_2200750003,domestic_tax,品目,4,プラスチック継手,True,工業製品>プラスチック製品>プラスチック製品>プラスチック製品
PRCG20_2200750004,domestic_tax,品目,4,プラスチック雨どい,True,工業製品>プラスチック製品>プラスチック製品>プラスチック製品
PRCG20_2200750005,domestic_tax,品目,4,プラスチックフィルム・シート,True,工業製品>プラスチック製品>プラスチック製品>プラスチック製品
PRCG20_2200750006,domestic_tax,品目,4,プラスチック床材,True,工業製品>プラスチック製品>プラスチック製品>プラスチック製品
PRCG20_2200750007,domestic_tax,品目,4,合成皮革,True,工業製品>プラスチック製品>プラスチック製品>プラスチック製品
PRCG20_2200750008,domestic_tax,品目,4,電気機器用プラスチック製品,True,工業製品>プラスチック製品>プラスチック製品>プラスチック製品
PRCG20_2200750009,domestic_tax,品目,4,輸送機械用プラスチック製品,True,工業製品>プラスチック製品>プラスチック製品>プラスチック製品
PRCG20_2200750010,domestic_tax,品目,4,軟質プラスチック発泡製品,True,工業製品>プラスチック製品>プラスチック製品>プラスチック製品
PRCG20_2200750011,domestic_tax,品目,4,硬質プラスチック発泡製品,True,工業製品>プラスチック製品>プラスチック製品>プラスチック製品
PRCG20_2200750012,domestic_tax,品目,4,強化プラスチック管板類,True,工業製品>プラスチック製品>プラスチック製品>プラスチック製品
PRCG20_2200750013,domestic_tax,品目,4,再生プラスチック成形材料,True,工業製品>プラスチック製品>プラスチック製品>プラスチック製品
PRCG20_2200750014,domestic_tax,品目,4,プラスチック製日用品,True,工業製品>プラスチック製品>プラスチック製品>プラスチック製品
PRCG20_2200750015,domestic_tax,品目,4,プラスチック製中空成形容器,True,工業製品>プラスチック製品>プラスチック製品>プラスチック製品
PRCG20_2200750016,domestic_tax,品目,4,飲料用プラスチックボトル,True,工業製品>プラスチック製品>プラスチック製品>プラスチック製品
PRCG20_2200750017,domestic_tax,品目,4,プラスチック製容器（除中空成形）,True,工業製品>プラスチック製品>プラスチック製品>プラスチック製品
PRCG20_2200750018,domestic_tax,品目,4,医療・衛生用プラスチック製品,True,工業製品>プラスチック製品>プラスチック製品>プラスチック製品
PRCG20_2200820001,domestic_tax,類別,1,窯業・土石製品,False,工業製品
PRCG20_2200830001,domestic_tax,小類別,2,ガラス・ガラス製品,False,工業製品>窯業・土石製品
PRCG20_2200840001,domestic_tax,商品群,3,板ガラス・安全ガラス,False,工業製品>窯業・土石製品>ガラス・ガラス製品
PRCG20_2200850001,domestic_tax,品目,4,板ガラス,False,工業製品>窯業・土石製品>ガラス・ガラス製品>板ガラス・安全ガラス
PRCG20_2200850002,domestic_tax,品目,4,合わせガラス,True,工業製品>窯業・土石製品>ガラス・ガラス製品>板ガラス・安全ガラス
PRCG20_2200850003,domestic_tax,品目,4,強化ガラス,True,工業製品>窯業・土石製品>ガラス・ガラス製品>板ガラス・安全ガラス
PRCG20_2200850004,domestic_tax,品目,4,複層ガラス,True,工業製品>窯業・土石製品>ガラス・ガラス製品>板ガラス・安全ガラス
PRCG20_2200840002,domestic_tax,商品群,3,ガラス繊維・同製品,False,工業製品>窯業・土石製品>ガラス・ガラス製品
PRCG20_2200850005,domestic_tax,品目,4,ガラス繊維・同製品,False,工業製品>窯業・土石製品>ガラス・ガラス製品>ガラス繊維・同製品
PRCG20_2200840003,domestic_tax,商品群,3,その他のガラス製品,False,工業製品>窯業・土石製品>ガラス・ガラス製品
PRCG20_2200850006,domestic_tax,品目,4,ガラス製加工素材,True,工業製品>窯業・土石製品>ガラス・ガラス製品>その他のガラス製品
PRCG20_2200850007,domestic_tax,品目,4,ガラス容器,True,工業製品>窯業・土石製品>ガラス・ガラス製品>その他のガラス製品
PRCG20_2200830002,domestic_tax,小類別,2,セメント・セメント製品,False,工業製品>窯業・土石製品
PRCG20_2200840004,domestic_tax,商品群,3,セメント,False,工業製品>窯業・土石製品>セメント・セメント製品
PRCG20_2200850008,domestic_tax,品目,4,ポルトランドセメント,True,工業製品>窯業・土石製品>セメント・セメント製品>セメント
PRCG20_2200850009,domestic_tax,品目,4,高炉セメント,True,工業製品>窯業・土石製品>セメント・セメント製品>セメント
PRCG20_2200840005,domestic_tax,商品群,3,生コンクリート,False,工業製品>窯業・土石製品>セメント・セメント製品
PRCG20_2200850010,domestic_tax,品目,4,生コンクリート,True,工業製品>窯業・土石製品>セメント・セメント製品>生コンクリート
PRCG20_2200840006,domestic_tax,商品群,3,セメント製品,False,工業製品>窯業・土石製品>セメント・セメント製品
PRCG20_2200850011,domestic_tax,品目,4,コンクリート管・ポール・パイル,False,工業製品>窯業・土石製品>セメント・セメント製品>セメント製品
PRCG20_2200850012,domestic_tax,品目,4,コンクリートブロック,False,工業製品>窯業・土石製品>セメント・セメント製品>セメント製品
PRCG20_2200850013,domestic_tax,品目,4,道路用コンクリート製品,True,工業製品>窯業・土石製品>セメント・セメント製品>セメント製品
PRCG20_2200850014,domestic_tax,品目,4,プレストレストコンクリート製品,True,工業製品>窯業・土石製品>セメント・セメント製品>セメント製品
PRCG20_2200850015,domestic_tax,品目,4,窯業外装材,True,工業製品>窯業・土石製品>セメント・セメント製品>セメント製品
PRCG20_2200850016,domestic_tax,品目,4,気泡コンクリート製品,True,工業製品>窯業・土石製品>セメント・セメント製品>セメント製品
PRCG20_2200830003,domestic_tax,小類別,2,陶磁器,False,工業製品>窯業・土石製品
PRCG20_2200840007,domestic_tax,商品群,3,陶磁器,False,工業製品>窯業・土石製品>陶磁器
PRCG20_2200850017,domestic_tax,品目,4,衛生陶器,True,工業製品>窯業・土石製品>陶磁器>陶磁器
PRCG20_2200850018,domestic_tax,品目,4,陶磁器製食器,True,工業製品>窯業・土石製品>陶磁器>陶磁器
PRCG20_2200850019,domestic_tax,品目,4,電気用陶磁器,True,工業製品>窯業・土石製品>陶磁器>陶磁器
PRCG20_2200830004,domestic_tax,小類別,2,その他窯業・土石製品,False,工業製品>窯業・土石製品
PRCG20_2200840008,domestic_tax,商品群,3,耐火物,False,工業製品>窯業・土石製品>その他窯業・土石製品
PRCG20_2200850020,domestic_tax,品目,4,耐火物,True,工業製品>窯業・土石製品>その他窯業・土石製品>耐火物
PRCG20_2200840009,domestic_tax,商品群,3,その他の建設用土石製品,False,工業製品>窯業・土石製品>その他窯業・土石製品
PRCG20_2200850021,domestic_tax,品目,4,石こうボード・粘土かわら,False,工業製品>窯業・土石製品>その他窯業・土石製品>その他の建設用土石製品
PRCG20_2200840010,domestic_tax,商品群,3,炭素・黒鉛製品,False,工業製品>窯業・土石製品>その他窯業・土石製品
PRCG20_2200850022,domestic_tax,品目,4,炭素・黒鉛製品,False,工業製品>窯業・土石製品>その他窯業・土石製品>炭素・黒鉛製品
PRCG20_2200840011,domestic_tax,商品群,3,研磨材,False,工業製品>窯業・土石製品>その他窯業・土石製品
PRCG20_2200850023,domestic_tax,品目,4,研磨材,True,工業製品>窯業・土石製品>その他窯業・土石製品>研磨材
PRCG20_2200840012,domestic_tax,商品群,3,その他の窯業・土石製品,False,工業製品>窯業・土石製品>その他窯業・土石製品
PRCG20_2200850024,domestic_tax,品目,4,石工品,True,工業製品>窯業・土石製品>その他窯業・土石製品>その他の窯業・土石製品
PRCG20_2200850025,domestic_tax,品目,4,生石灰,True,工業製品>窯業・土石製品>その他窯業・土石製品>その他の窯業・土石製品
PRCG20_2200920001,domestic_tax,類別,1,鉄鋼,False,工業製品
PRCG20_2200930001,domestic_tax,小類別,2,銑鉄・粗鋼,False,工業製品>鉄鋼
PRCG20_2200940001,domestic_tax,商品群,3,フェロアロイ,False,工業製品>鉄鋼>銑鉄・粗鋼
PRCG20_2200950001,domestic_tax,品目,4,フェロマンガン,True,工業製品>鉄鋼>銑鉄・粗鋼>フェロアロイ
PRCG20_2200930002,domestic_tax,小類別,2,鋼材,False,工業製品>鉄鋼
PRCG20_2200940002,domestic_tax,商品群,3,熱間圧延鋼材,False,工業製品>鉄鋼>鋼材
PRCG20_2200950002,domestic_tax,品目,4,形鋼,True,工業製品>鉄鋼>鋼材>熱間圧延鋼材
PRCG20_2200950003,domestic_tax,品目,4,小形棒鋼,True,工業製品>鉄鋼>鋼材>熱間圧延鋼材
PRCG20_2200950004,domestic_tax,品目,4,線材,True,工業製品>鉄鋼>鋼材>熱間圧延鋼材
PRCG20_2200950005,domestic_tax,品目,4,厚中板,True,工業製品>鉄鋼>鋼材>熱間圧延鋼材
PRCG20_2200950006,domestic_tax,品目,4,熱延広幅帯鋼,True,工業製品>鉄鋼>鋼材>熱間圧延鋼材
PRCG20_2200950007,domestic_tax,品目,4,工具鋼,True,工業製品>鉄鋼>鋼材>熱間圧延鋼材
PRCG20_2200950008,domestic_tax,品目,4,機械構造用炭素鋼,True,工業製品>鉄鋼>鋼材>熱間圧延鋼材
PRCG20_2200950009,domestic_tax,品目,4,構造用合金鋼,True,工業製品>鉄鋼>鋼材>熱間圧延鋼材
PRCG20_2200950010,domestic_tax,品目,4,特殊用途鋼,True,工業製品>鉄鋼>鋼材>熱間圧延鋼材
PRCG20_2200940003,domestic_tax,商品群,3,鋼管,False,工業製品>鉄鋼>鋼材
PRCG20_2200950011,domestic_tax,品目,4,普通鋼鋼管,True,工業製品>鉄鋼>鋼材>鋼管
PRCG20_2200950012,domestic_tax,品目,4,ステンレス鋼管,True,工業製品>鉄鋼>鋼材>鋼管
PRCG20_2200940004,domestic_tax,商品群,3,冷間仕上鋼材,False,工業製品>鉄鋼>鋼材
PRCG20_2200950013,domestic_tax,品目,4,冷延広幅帯鋼,True,工業製品>鉄鋼>鋼材>冷間仕上鋼材
PRCG20_2200950014,domestic_tax,品目,4,冷延電気鋼帯,True,工業製品>鉄鋼>鋼材>冷間仕上鋼材
PRCG20_2200950015,domestic_tax,品目,4,軽量形鋼,True,工業製品>鉄鋼>鋼材>冷間仕上鋼材
PRCG20_2200950016,domestic_tax,品目,4,ステンレス冷延鋼板,True,工業製品>鉄鋼>鋼材>冷間仕上鋼材
PRCG20_2200950017,domestic_tax,品目,4,磨棒鋼,True,工業製品>鉄鋼>鋼材>冷間仕上鋼材
PRCG20_2200950018,domestic_tax,品目,4,普通鋼鋼線・特殊鋼鋼線,True,工業製品>鉄鋼>鋼材>冷間仕上鋼材
PRCG20_2200940005,domestic_tax,商品群,3,めっき鋼材,False,工業製品>鉄鋼>鋼材
PRCG20_2200950019,domestic_tax,品目,4,亜鉛めっき鋼板,False,工業製品>鉄鋼>鋼材>めっき鋼材
PRCG20_2200950020,domestic_tax,品目,4,ブリキ・クロムめっき鋼板,True,工業製品>鉄鋼>鋼材>めっき鋼材
PRCG20_2200930003,domestic_tax,小類別,2,鋳鍛造品,False,工業製品>鉄鋼
PRCG20_2200940006,domestic_tax,商品群,3,鋳鍛鋼・鋳鉄品・鍛工品,False,工業製品>鉄鋼>鋳鍛造品
PRCG20_2200950021,domestic_tax,品目,4,鍛造品,True,工業製品>鉄鋼>鋳鍛造品>鋳鍛鋼・鋳鉄品・鍛工品
PRCG20_2200950022,domestic_tax,品目,4,機械用銑鉄鋳物,True,工業製品>鉄鋼>鋳鍛造品>鋳鍛鋼・鋳鉄品・鍛工品
PRCG20_2200940007,domestic_tax,商品群,3,鋳鉄管,False,工業製品>鉄鋼>鋳鍛造品
PRCG20_2200950023,domestic_tax,品目,4,鋳鉄管,True,工業製品>鉄鋼>鋳鍛造品>鋳鉄管
PRCG20_2200930004,domestic_tax,小類別,2,その他鉄鋼製品,False,工業製品>鉄鋼
PRCG20_2200940008,domestic_tax,商品群,3,鉄鋼シャースリット,False,工業製品>鉄鋼>その他鉄鋼製品
PRCG20_2200950024,domestic_tax,品目,4,鉄鋼シャースリット,True,工業製品>鉄鋼>その他鉄鋼製品>鉄鋼シャースリット
PRCG20_2201020001,domestic_tax,類別,1,非鉄金属,False,工業製品
PRCG20_2201030001,domestic_tax,小類別,2,非鉄金属製錬・精製,False,工業製品>非鉄金属
PRCG20_2201040001,domestic_tax,商品群,3,銅,False,工業製品>非鉄金属>非鉄金属製錬・精製
PRCG20_2201050001,domestic_tax,品目,4,銅,True,工業製品>非鉄金属>非鉄金属製錬・精製>銅
PRCG20_2201040002,domestic_tax,商品群,3,鉛・亜鉛,False,工業製品>非鉄金属>非鉄金属製錬・精製
PRCG20_2201050002,domestic_tax,品目,4,鉛地金・はんだ・減摩合金,False,工業製品>非鉄金属>非鉄金属製錬・精製>鉛・亜鉛
PRCG20_2201040003,domestic_tax,商品群,3,アルミニウム,False,工業製品>非鉄金属>非鉄金属製錬・精製
PRCG20_2201050003,domestic_tax,品目,4,アルミニウム合金・同二次合金地金,True,工業製品>非鉄金属>非鉄金属製錬・精製>アルミニウム
PRCG20_2201040004,domestic_tax,商品群,3,その他の非鉄金属地金,False,工業製品>非鉄金属>非鉄金属製錬・精製
PRCG20_2201050004,domestic_tax,品目,4,金地金,True,工業製品>非鉄金属>非鉄金属製錬・精製>その他の非鉄金属地金
PRCG20_2201050005,domestic_tax,品目,4,銀地金,True,工業製品>非鉄金属>非鉄金属製錬・精製>その他の非鉄金属地金
PRCG20_2201030002,domestic_tax,小類別,2,非鉄金属加工製品,False,工業製品>非鉄金属
PRCG20_2201040005,domestic_tax,商品群,3,電線・ケーブル,False,工業製品>非鉄金属>非鉄金属加工製品
PRCG20_2201050006,domestic_tax,品目,4,銅荒引線,True,工業製品>非鉄金属>非鉄金属加工製品>電線・ケーブル
PRCG20_2201050007,domestic_tax,品目,4,銅裸線,True,工業製品>非鉄金属>非鉄金属加工製品>電線・ケーブル
PRCG20_2201050008,domestic_tax,品目,4,プラスチック被覆銅線,True,工業製品>非鉄金属>非鉄金属加工製品>電線・ケーブル
PRCG20_2201050009,domestic_tax,品目,4,銅巻線,True,工業製品>非鉄金属>非鉄金属加工製品>電線・ケーブル
PRCG20_2201050010,domestic_tax,品目,4,電力・通信用メタルケーブル,True,工業製品>非鉄金属>非鉄金属加工製品>電線・ケーブル
PRCG20_2201040006,domestic_tax,商品群,3,伸銅品,False,工業製品>非鉄金属>非鉄金属加工製品
PRCG20_2201050011,domestic_tax,品目,4,銅伸銅品,True,工業製品>非鉄金属>非鉄金属加工製品>伸銅品
PRCG20_2201050012,domestic_tax,品目,4,黄銅伸銅品,True,工業製品>非鉄金属>非鉄金属加工製品>伸銅品
PRCG20_2201040007,domestic_tax,商品群,3,アルミ圧延製品,False,工業製品>非鉄金属>非鉄金属加工製品
PRCG20_2201050013,domestic_tax,品目,4,アルミ圧延製品,True,工業製品>非鉄金属>非鉄金属加工製品>アルミ圧延製品
PRCG20_2201040008,domestic_tax,商品群,3,非鉄金属素形材,False,工業製品>非鉄金属>非鉄金属加工製品
PRCG20_2201050014,domestic_tax,品目,4,銅・アルミニウム鋳物,True,工業製品>非鉄金属>非鉄金属加工製品>非鉄金属素形材
PRCG20_2201050015,domestic_tax,品目,4,アルミニウム合金ダイカスト,True,工業製品>非鉄金属>非鉄金属加工製品>非鉄金属素形材
PRCG20_2201050016,domestic_tax,品目,4,アルミニウム鍛造品,True,工業製品>非鉄金属>非鉄金属加工製品>非鉄金属素形材
PRCG20_2201040009,domestic_tax,商品群,3,その他の非鉄金属製品,False,工業製品>非鉄金属>非鉄金属加工製品
PRCG20_2201050017,domestic_tax,品目,4,貴金属展伸材,True,工業製品>非鉄金属>非鉄金属加工製品>その他の非鉄金属製品
PRCG20_2201120001,domestic_tax,類別,1,金属製品,False,工業製品
PRCG20_2201130001,domestic_tax,小類別,2,建設用・建築用金属製品,False,工業製品>金属製品
PRCG20_2201140001,domestic_tax,商品群,3,建設用金属製品,False,工業製品>金属製品>建設用・建築用金属製品
PRCG20_2201150001,domestic_tax,品目,4,鉄骨,True,工業製品>金属製品>建設用・建築用金属製品>建設用金属製品
PRCG20_2201150002,domestic_tax,品目,4,橋りょう,True,工業製品>金属製品>建設用・建築用金属製品>建設用金属製品
PRCG20_2201140002,domestic_tax,商品群,3,建築用金属製品,False,工業製品>金属製品>建設用・建築用金属製品
PRCG20_2201150003,domestic_tax,品目,4,アルミニウムサッシ,True,工業製品>金属製品>建設用・建築用金属製品>建築用金属製品
PRCG20_2201150004,domestic_tax,品目,4,金属製サッシ・ドア（除アルミニウムサッシ）,False,工業製品>金属製品>建設用・建築用金属製品>建築用金属製品
PRCG20_2201150005,domestic_tax,品目,4,シャッター,True,工業製品>金属製品>建設用・建築用金属製品>建築用金属製品
PRCG20_2201150006,domestic_tax,品目,4,建築用板金製品,True,工業製品>金属製品>建設用・建築用金属製品>建築用金属製品
PRCG20_2201130002,domestic_tax,小類別,2,その他金属製品,False,工業製品>金属製品
PRCG20_2201140003,domestic_tax,商品群,3,ガス・石油機器・暖房・調理装置,False,工業製品>金属製品>その他金属製品
PRCG20_2201150007,domestic_tax,品目,4,ガス暖房・調理装置,True,工業製品>金属製品>その他金属製品>ガス・石油機器・暖房・調理装置
PRCG20_2201150008,domestic_tax,品目,4,石油暖房装置,True,工業製品>金属製品>その他金属製品>ガス・石油機器・暖房・調理装置
PRCG20_2201140004,domestic_tax,商品群,3,ボルト・ナット・リベット・スプリング,False,工業製品>金属製品>その他金属製品
PRCG20_2201150009,domestic_tax,品目,4,ばね,True,工業製品>金属製品>その他金属製品>ボルト・ナット・リベット・スプリング
PRCG20_2201150010,domestic_tax,品目,4,ボルト・ナット,True,工業製品>金属製品>その他金属製品>ボルト・ナット・リベット・スプリング
PRCG20_2201140005,domestic_tax,商品群,3,金属製容器・製缶板金製品,False,工業製品>金属製品>その他金属製品
PRCG20_2201150011,domestic_tax,品目,4,18リットル缶,True,工業製品>金属製品>その他金属製品>金属製容器・製缶板金製品
PRCG20_2201150012,domestic_tax,品目,4,食缶,True,工業製品>金属製品>その他金属製品>金属製容器・製缶板金製品
PRCG20_2201150013,domestic_tax,品目,4,ボンベ,True,工業製品>金属製品>その他金属製品>金属製容器・製缶板金製品
PRCG20_2201150014,domestic_tax,品目,4,ドラム缶,True,工業製品>金属製品>その他金属製品>金属製容器・製缶板金製品
PRCG20_2201140006,domestic_tax,商品群,3,配管工事附属品・粉末や金製品・道具類,False,工業製品>金属製品>その他金属製品
PRCG20_2201150015,domestic_tax,品目,4,刃物・道具類,False,工業製品>金属製品>その他金属製品>配管工事附属品・粉末や金製品・道具類
PRCG20_2201150016,domestic_tax,品目,4,金属製管継手,True,工業製品>金属製品>その他金属製品>配管工事附属品・粉末や金製品・道具類
PRCG20_2201150017,domestic_tax,品目,4,配管工事用附属品,True,工業製品>金属製品>その他金属製品>配管工事附属品・粉末や金製品・道具類
PRCG20_2201150018,domestic_tax,品目,4,粉末や金製品,True,工業製品>金属製品>その他金属製品>配管工事附属品・粉末や金製品・道具類
PRCG20_2201140007,domestic_tax,商品群,3,その他の金属製品,False,工業製品>金属製品>その他金属製品
PRCG20_2201150019,domestic_tax,品目,4,錠・かぎ・建築用金物,True,工業製品>金属製品>その他金属製品>その他の金属製品
PRCG20_2201150020,domestic_tax,品目,4,架線金物,True,工業製品>金属製品>その他金属製品>その他の金属製品
PRCG20_2201150021,domestic_tax,品目,4,アルミニウム製飲料用缶,True,工業製品>金属製品>その他金属製品>その他の金属製品
PRCG20_2201150022,domestic_tax,品目,4,金網,True,工業製品>金属製品>その他金属製品>その他の金属製品
PRCG20_2201150023,domestic_tax,品目,4,ワイヤロープ・ＰＣ鋼より線,True,工業製品>金属製品>その他金属製品>その他の金属製品
PRCG20_2201150024,domestic_tax,品目,4,溶接棒,True,工業製品>金属製品>その他金属製品>その他の金属製品
PRCG20_2201150025,domestic_tax,品目,4,金属製パッキン・ガスケット,True,工業製品>金属製品>その他金属製品>その他の金属製品
PRCG20_2201220001,domestic_tax,類別,1,はん用機器,False,工業製品
PRCG20_2201230001,domestic_tax,小類別,2,はん用機器,False,工業製品>はん用機器
PRCG20_2201240001,domestic_tax,商品群,3,ボイラ,False,工業製品>はん用機器>はん用機器
PRCG20_2201250001,domestic_tax,品目,4,ボイラ,True,工業製品>はん用機器>はん用機器>ボイラ
PRCG20_2201240002,domestic_tax,商品群,3,タービン,False,工業製品>はん用機器>はん用機器
PRCG20_2201250002,domestic_tax,品目,4,タービン,True,工業製品>はん用機器>はん用機器>タービン
PRCG20_2201240003,domestic_tax,商品群,3,原動機,False,工業製品>はん用機器>はん用機器
PRCG20_2201250003,domestic_tax,品目,4,はん用内燃機関,True,工業製品>はん用機器>はん用機器>原動機
PRCG20_2201240004,domestic_tax,商品群,3,ポンプ・圧縮機,False,工業製品>はん用機器>はん用機器
PRCG20_2201250004,domestic_tax,品目,4,うず巻ポンプ,True,工業製品>はん用機器>はん用機器>ポンプ・圧縮機
PRCG20_2201250005,domestic_tax,品目,4,水中ポンプ,True,工業製品>はん用機器>はん用機器>ポンプ・圧縮機
PRCG20_2201250006,domestic_tax,品目,4,圧縮機・送風機,True,工業製品>はん用機器>はん用機器>ポンプ・圧縮機
PRCG20_2201250007,domestic_tax,品目,4,油圧モータ,True,工業製品>はん用機器>はん用機器>ポンプ・圧縮機
PRCG20_2201250008,domestic_tax,品目,4,油圧シリンダ,True,工業製品>はん用機器>はん用機器>ポンプ・圧縮機
PRCG20_2201250009,domestic_tax,品目,4,油圧バルブ,True,工業製品>はん用機器>はん用機器>ポンプ・圧縮機
PRCG20_2201250010,domestic_tax,品目,4,空気圧機器,False,工業製品>はん用機器>はん用機器>ポンプ・圧縮機
PRCG20_2201240005,domestic_tax,商品群,3,運搬機械,False,工業製品>はん用機器>はん用機器
PRCG20_2201250011,domestic_tax,品目,4,エレベータ,True,工業製品>はん用機器>はん用機器>運搬機械
PRCG20_2201250012,domestic_tax,品目,4,クレーン,True,工業製品>はん用機器>はん用機器>運搬機械
PRCG20_2201250013,domestic_tax,品目,4,巻上機,True,工業製品>はん用機器>はん用機器>運搬機械
PRCG20_2201250014,domestic_tax,品目,4,コンベヤ,True,工業製品>はん用機器>はん用機器>運搬機械
PRCG20_2201240006,domestic_tax,商品群,3,冷凍機・温湿調整装置,False,工業製品>はん用機器>はん用機器
PRCG20_2201250015,domestic_tax,品目,4,冷凍機,True,工業製品>はん用機器>はん用機器>冷凍機・温湿調整装置
PRCG20_2201250016,domestic_tax,品目,4,冷凍・冷蔵用ショーケース,True,工業製品>はん用機器>はん用機器>冷凍機・温湿調整装置
PRCG20_2201250017,domestic_tax,品目,4,業務用エアコン,True,工業製品>はん用機器>はん用機器>冷凍機・温湿調整装置
PRCG20_2201240007,domestic_tax,商品群,3,ベアリング,False,工業製品>はん用機器>はん用機器
PRCG20_2201250018,domestic_tax,品目,4,玉軸受,True,工業製品>はん用機器>はん用機器>ベアリング
PRCG20_2201250019,domestic_tax,品目,4,ころ軸受,True,工業製品>はん用機器>はん用機器>ベアリング
PRCG20_2201240008,domestic_tax,商品群,3,その他のはん用機械,False,工業製品>はん用機器>はん用機器
PRCG20_2201250020,domestic_tax,品目,4,変速機,True,工業製品>はん用機器>はん用機器>その他のはん用機械
PRCG20_2201250021,domestic_tax,品目,4,歯車,True,工業製品>はん用機器>はん用機器>その他のはん用機械
PRCG20_2201250022,domestic_tax,品目,4,ローラチェーン,True,工業製品>はん用機器>はん用機器>その他のはん用機械
PRCG20_2201250023,domestic_tax,品目,4,消火器,True,工業製品>はん用機器>はん用機器>その他のはん用機械
PRCG20_2201250024,domestic_tax,品目,4,バルブ,True,工業製品>はん用機器>はん用機器>その他のはん用機械
PRCG20_2201250025,domestic_tax,品目,4,パイプ加工品,True,工業製品>はん用機器>はん用機器>その他のはん用機械
PRCG20_2201250026,domestic_tax,品目,4,ピストンリング,True,工業製品>はん用機器>はん用機器>その他のはん用機械
PRCG20_2201320001,domestic_tax,類別,1,生産用機器,False,工業製品
PRCG20_2201330001,domestic_tax,小類別,2,生産用機器,False,工業製品>生産用機器
PRCG20_2201340001,domestic_tax,商品群,3,農業用機械,False,工業製品>生産用機器>生産用機器
PRCG20_2201350001,domestic_tax,品目,4,農業用トラクタ・耕うん機,True,工業製品>生産用機器>生産用機器>農業用機械
PRCG20_2201350002,domestic_tax,品目,4,田植機,True,工業製品>生産用機器>生産用機器>農業用機械
PRCG20_2201350003,domestic_tax,品目,4,コンバイン,True,工業製品>生産用機器>生産用機器>農業用機械
PRCG20_2201340002,domestic_tax,商品群,3,建設・鉱山機械,False,工業製品>生産用機器>生産用機器
PRCG20_2201350004,domestic_tax,品目,4,掘さく機,True,工業製品>生産用機器>生産用機器>建設・鉱山機械
PRCG20_2201350005,domestic_tax,品目,4,建設用クレーン,True,工業製品>生産用機器>生産用機器>建設・鉱山機械
PRCG20_2201350006,domestic_tax,品目,4,コンクリート機械,True,工業製品>生産用機器>生産用機器>建設・鉱山機械
PRCG20_2201350007,domestic_tax,品目,4,建設用トラクタ,True,工業製品>生産用機器>生産用機器>建設・鉱山機械
PRCG20_2201340003,domestic_tax,商品群,3,生活関連産業用機械,False,工業製品>生産用機器>生産用機器
PRCG20_2201350008,domestic_tax,品目,4,穀物処理機械,True,工業製品>生産用機器>生産用機器>生活関連産業用機械
PRCG20_2201350009,domestic_tax,品目,4,製パン・製菓機械,True,工業製品>生産用機器>生産用機器>生活関連産業用機械
PRCG20_2201350010,domestic_tax,品目,4,肉製品・水産製品製造機械,True,工業製品>生産用機器>生産用機器>生活関連産業用機械
PRCG20_2201350011,domestic_tax,品目,4,印刷関連機械,True,工業製品>生産用機器>生産用機器>生活関連産業用機械
PRCG20_2201350012,domestic_tax,品目,4,包装・荷造機械,True,工業製品>生産用機器>生産用機器>生活関連産業用機械
PRCG20_2201340004,domestic_tax,商品群,3,化学機械,False,工業製品>生産用機器>生産用機器
PRCG20_2201350013,domestic_tax,品目,4,化学機械,True,工業製品>生産用機器>生産用機器>化学機械
PRCG20_2201340005,domestic_tax,商品群,3,鋳造装置・プラスチック加工機械,False,工業製品>生産用機器>生産用機器
PRCG20_2201350014,domestic_tax,品目,4,鋳造装置,True,工業製品>生産用機器>生産用機器>鋳造装置・プラスチック加工機械
PRCG20_2201350015,domestic_tax,品目,4,プラスチック加工機械,True,工業製品>生産用機器>生産用機器>鋳造装置・プラスチック加工機械
PRCG20_2201340006,domestic_tax,商品群,3,金属工作機械,False,工業製品>生産用機器>生産用機器
PRCG20_2201350016,domestic_tax,品目,4,旋盤,True,工業製品>生産用機器>生産用機器>金属工作機械
PRCG20_2201350017,domestic_tax,品目,4,研削盤,True,工業製品>生産用機器>生産用機器>金属工作機械
PRCG20_2201350018,domestic_tax,品目,4,マシニングセンタ,True,工業製品>生産用機器>生産用機器>金属工作機械
PRCG20_2201340007,domestic_tax,商品群,3,金属加工機械,False,工業製品>生産用機器>生産用機器
PRCG20_2201350019,domestic_tax,品目,4,プレス機械,True,工業製品>生産用機器>生産用機器>金属加工機械
PRCG20_2201350020,domestic_tax,品目,4,ワイヤフォーミングマシン,True,工業製品>生産用機器>生産用機器>金属加工機械
PRCG20_2201350021,domestic_tax,品目,4,金属圧延用ロール,True,工業製品>生産用機器>生産用機器>金属加工機械
PRCG20_2201340008,domestic_tax,商品群,3,機械工具,False,工業製品>生産用機器>生産用機器
PRCG20_2201350022,domestic_tax,品目,4,特殊鋼切削工具,True,工業製品>生産用機器>生産用機器>機械工具
PRCG20_2201350023,domestic_tax,品目,4,超硬工具,True,工業製品>生産用機器>生産用機器>機械工具
PRCG20_2201350024,domestic_tax,品目,4,ダイヤモンド工具,True,工業製品>生産用機器>生産用機器>機械工具
PRCG20_2201350025,domestic_tax,品目,4,空気動工具・電動工具,True,工業製品>生産用機器>生産用機器>機械工具
PRCG20_2201340009,domestic_tax,商品群,3,半導体製造装置,False,工業製品>生産用機器>生産用機器
PRCG20_2201350026,domestic_tax,品目,4,半導体製造装置（除フラットパネルディスプレイ製造装置）,True,工業製品>生産用機器>生産用機器>半導体製造装置
PRCG20_2201340010,domestic_tax,商品群,3,金型,False,工業製品>生産用機器>生産用機器
PRCG20_2201350027,domestic_tax,品目,4,金型,True,工業製品>生産用機器>生産用機器>金型
PRCG20_2201340011,domestic_tax,商品群,3,真空装置・真空機器,False,工業製品>生産用機器>生産用機器
PRCG20_2201350028,domestic_tax,品目,4,真空ポンプ,True,工業製品>生産用機器>生産用機器>真空装置・真空機器
PRCG20_2201340012,domestic_tax,商品群,3,ロボット,False,工業製品>生産用機器>生産用機器
PRCG20_2201350029,domestic_tax,品目,4,ロボット,True,工業製品>生産用機器>生産用機器>ロボット
PRCG20_2201420001,domestic_tax,類別,1,業務用機器,False,工業製品
PRCG20_2201430001,domestic_tax,小類別,2,業務用機器,False,工業製品>業務用機器
PRCG20_2201440001,domestic_tax,商品群,3,サービス用・娯楽用機器,False,工業製品>業務用機器>業務用機器
PRCG20_2201450001,domestic_tax,品目,4,自動車整備・サービス機器,True,工業製品>業務用機器>業務用機器>サービス用・娯楽用機器
PRCG20_2201450002,domestic_tax,品目,4,娯楽機器,True,工業製品>業務用機器>業務用機器>サービス用・娯楽用機器
PRCG20_2201450003,domestic_tax,品目,4,自動販売機,True,工業製品>業務用機器>業務用機器>サービス用・娯楽用機器
PRCG20_2201440002,domestic_tax,商品群,3,計測機器,False,工業製品>業務用機器>業務用機器
PRCG20_2201450004,domestic_tax,品目,4,積算体積計,True,工業製品>業務用機器>業務用機器>計測機器
PRCG20_2201450005,domestic_tax,品目,4,はかり,True,工業製品>業務用機器>業務用機器>計測機器
PRCG20_2201450006,domestic_tax,品目,4,圧力計・流量計,True,工業製品>業務用機器>業務用機器>計測機器
PRCG20_2201450007,domestic_tax,品目,4,精密測定器,True,工業製品>業務用機器>業務用機器>計測機器
PRCG20_2201450008,domestic_tax,品目,4,分析機器,True,工業製品>業務用機器>業務用機器>計測機器
PRCG20_2201450009,domestic_tax,品目,4,試験機,True,工業製品>業務用機器>業務用機器>計測機器
PRCG20_2201450010,domestic_tax,品目,4,理化学機器,True,工業製品>業務用機器>業務用機器>計測機器
PRCG20_2201440003,domestic_tax,商品群,3,医療用機械器具,False,工業製品>業務用機器>業務用機器
PRCG20_2201450011,domestic_tax,品目,4,医療用機器,True,工業製品>業務用機器>業務用機器>医療用機械器具
PRCG20_2201450012,domestic_tax,品目,4,病院用器具,True,工業製品>業務用機器>業務用機器>医療用機械器具
PRCG20_2201450013,domestic_tax,品目,4,歯科用機器,True,工業製品>業務用機器>業務用機器>医療用機械器具
PRCG20_2201450014,domestic_tax,品目,4,医療用品,True,工業製品>業務用機器>業務用機器>医療用機械器具
PRCG20_2201450015,domestic_tax,品目,4,歯科材料,True,工業製品>業務用機器>業務用機器>医療用機械器具
PRCG20_2201440004,domestic_tax,商品群,3,光学機械・レンズ,False,工業製品>業務用機器>業務用機器
PRCG20_2201450016,domestic_tax,品目,4,カメラ用交換レンズ,True,工業製品>業務用機器>業務用機器>光学機械・レンズ
PRCG20_2201520001,domestic_tax,類別,1,電子部品・デバイス,False,工業製品
PRCG20_2201530001,domestic_tax,小類別,2,電子デバイス,False,工業製品>電子部品・デバイス
PRCG20_2201540001,domestic_tax,商品群,3,半導体素子,False,工業製品>電子部品・デバイス>電子デバイス
PRCG20_2201550001,domestic_tax,品目,4,光電変換素子,True,工業製品>電子部品・デバイス>電子デバイス>半導体素子
PRCG20_2201550002,domestic_tax,品目,4,ダイオード・整流素子,True,工業製品>電子部品・デバイス>電子デバイス>半導体素子
PRCG20_2201550003,domestic_tax,品目,4,トランジスタ,True,工業製品>電子部品・デバイス>電子デバイス>半導体素子
PRCG20_2201550004,domestic_tax,品目,4,サーミスタ,True,工業製品>電子部品・デバイス>電子デバイス>半導体素子
PRCG20_2201540002,domestic_tax,商品群,3,集積回路,False,工業製品>電子部品・デバイス>電子デバイス
PRCG20_2201550005,domestic_tax,品目,4,集積回路,True,工業製品>電子部品・デバイス>電子デバイス>集積回路
PRCG20_2201540003,domestic_tax,商品群,3,液晶パネル,False,工業製品>電子部品・デバイス>電子デバイス
PRCG20_2201550006,domestic_tax,品目,4,液晶パネル,True,工業製品>電子部品・デバイス>電子デバイス>液晶パネル
PRCG20_2201530002,domestic_tax,小類別,2,その他電子部品,False,工業製品>電子部品・デバイス
PRCG20_2201540004,domestic_tax,商品群,3,電子回路,False,工業製品>電子部品・デバイス>その他電子部品
PRCG20_2201550007,domestic_tax,品目,4,プリント配線板,True,工業製品>電子部品・デバイス>その他電子部品>電子回路
PRCG20_2201540005,domestic_tax,商品群,3,その他の電子部品,False,工業製品>電子部品・デバイス>その他電子部品
PRCG20_2201550008,domestic_tax,品目,4,電子機器用抵抗器,True,工業製品>電子部品・デバイス>その他電子部品>その他の電子部品
PRCG20_2201550009,domestic_tax,品目,4,電子機器用コンデンサ,True,工業製品>電子部品・デバイス>その他電子部品>その他の電子部品
PRCG20_2201550010,domestic_tax,品目,4,電子機器用変成器,True,工業製品>電子部品・デバイス>その他電子部品>その他の電子部品
PRCG20_2201550011,domestic_tax,品目,4,変換部品,True,工業製品>電子部品・デバイス>その他電子部品>その他の電子部品
PRCG20_2201550012,domestic_tax,品目,4,接続部品,True,工業製品>電子部品・デバイス>その他電子部品>その他の電子部品
PRCG20_2201550013,domestic_tax,品目,4,電源・高周波ユニット,False,工業製品>電子部品・デバイス>その他電子部品>その他の電子部品
PRCG20_2201550014,domestic_tax,品目,4,コントロールユニット,True,工業製品>電子部品・デバイス>その他電子部品>その他の電子部品
PRCG20_2201550015,domestic_tax,品目,4,磁性材部品,True,工業製品>電子部品・デバイス>その他電子部品>その他の電子部品
PRCG20_2201550016,domestic_tax,品目,4,水晶振動子,True,工業製品>電子部品・デバイス>その他電子部品>その他の電子部品
PRCG20_2201550017,domestic_tax,品目,4,シリコンウエハ,True,工業製品>電子部品・デバイス>その他電子部品>その他の電子部品
PRCG20_2201550018,domestic_tax,品目,4,センサデバイス,False,工業製品>電子部品・デバイス>その他電子部品>その他の電子部品
PRCG20_2201620001,domestic_tax,類別,1,電気機器,False,工業製品
PRCG20_2201630001,domestic_tax,小類別,2,産業用電気機器,False,工業製品>電気機器
PRCG20_2201640001,domestic_tax,商品群,3,回転電気機械,False,工業製品>電気機器>産業用電気機器
PRCG20_2201650001,domestic_tax,品目,4,電動機,True,工業製品>電気機器>産業用電気機器>回転電気機械
PRCG20_2201640002,domestic_tax,商品群,3,変圧器・変成器,False,工業製品>電気機器>産業用電気機器
PRCG20_2201650002,domestic_tax,品目,4,変圧器・計器用変成器,True,工業製品>電気機器>産業用電気機器>変圧器・変成器
PRCG20_2201640003,domestic_tax,商品群,3,開閉制御装置・配電盤,False,工業製品>電気機器>産業用電気機器
PRCG20_2201650003,domestic_tax,品目,4,継電器,True,工業製品>電気機器>産業用電気機器>開閉制御装置・配電盤
PRCG20_2201650004,domestic_tax,品目,4,遮断器,True,工業製品>電気機器>産業用電気機器>開閉制御装置・配電盤
PRCG20_2201650005,domestic_tax,品目,4,開閉器,True,工業製品>電気機器>産業用電気機器>開閉制御装置・配電盤
PRCG20_2201650006,domestic_tax,品目,4,プログラマブルコントローラ,True,工業製品>電気機器>産業用電気機器>開閉制御装置・配電盤
PRCG20_2201650007,domestic_tax,品目,4,配電盤,True,工業製品>電気機器>産業用電気機器>開閉制御装置・配電盤
PRCG20_2201650008,domestic_tax,品目,4,監視制御装置,True,工業製品>電気機器>産業用電気機器>開閉制御装置・配電盤
PRCG20_2201650009,domestic_tax,品目,4,分電盤,True,工業製品>電気機器>産業用電気機器>開閉制御装置・配電盤
PRCG20_2201640004,domestic_tax,商品群,3,配線器具,False,工業製品>電気機器>産業用電気機器
PRCG20_2201650010,domestic_tax,品目,4,配線器具,True,工業製品>電気機器>産業用電気機器>配線器具
PRCG20_2201640005,domestic_tax,商品群,3,内燃機関電装品,False,工業製品>電気機器>産業用電気機器
PRCG20_2201650011,domestic_tax,品目,4,充電発電機,True,工業製品>電気機器>産業用電気機器>内燃機関電装品
PRCG20_2201650012,domestic_tax,品目,4,始動電動機,True,工業製品>電気機器>産業用電気機器>内燃機関電装品
PRCG20_2201650013,domestic_tax,品目,4,イグニッションコイル,True,工業製品>電気機器>産業用電気機器>内燃機関電装品
PRCG20_2201650014,domestic_tax,品目,4,ワイヤーハーネス,True,工業製品>電気機器>産業用電気機器>内燃機関電装品
PRCG20_2201640006,domestic_tax,商品群,3,その他の産業用電気機器,False,工業製品>電気機器>産業用電気機器
PRCG20_2201650015,domestic_tax,品目,4,電力変換装置,True,工業製品>電気機器>産業用電気機器>その他の産業用電気機器
PRCG20_2201630002,domestic_tax,小類別,2,民生用電気機器,False,工業製品>電気機器
PRCG20_2201640007,domestic_tax,商品群,3,民生用エアコンディショナ,False,工業製品>電気機器>民生用電気機器
PRCG20_2201650016,domestic_tax,品目,4,民生用エアコンディショナ,True,工業製品>電気機器>民生用電気機器>民生用エアコンディショナ
PRCG20_2201640008,domestic_tax,商品群,3,民生用電気機器（除民生用エアコンディショナ）,False,工業製品>電気機器>民生用電気機器
PRCG20_2201650017,domestic_tax,品目,4,電気がま,True,工業製品>電気機器>民生用電気機器>民生用電気機器（除民生用エアコンディショナ）
PRCG20_2201650018,domestic_tax,品目,4,電気冷蔵庫,True,工業製品>電気機器>民生用電気機器>民生用電気機器（除民生用エアコンディショナ）
PRCG20_2201650019,domestic_tax,品目,4,クッキングヒーター,True,工業製品>電気機器>民生用電気機器>民生用電気機器（除民生用エアコンディショナ）
PRCG20_2201650020,domestic_tax,品目,4,換気扇,True,工業製品>電気機器>民生用電気機器>民生用電気機器（除民生用エアコンディショナ）
PRCG20_2201650021,domestic_tax,品目,4,電気温水器・給湯機,True,工業製品>電気機器>民生用電気機器>民生用電気機器（除民生用エアコンディショナ）
PRCG20_2201650022,domestic_tax,品目,4,電気洗濯機,True,工業製品>電気機器>民生用電気機器>民生用電気機器（除民生用エアコンディショナ）
PRCG20_2201650023,domestic_tax,品目,4,電気掃除機,True,工業製品>電気機器>民生用電気機器>民生用電気機器（除民生用エアコンディショナ）
PRCG20_2201650024,domestic_tax,品目,4,理容用電気器具,True,工業製品>電気機器>民生用電気機器>民生用電気機器（除民生用エアコンディショナ）
PRCG20_2201650025,domestic_tax,品目,4,電気温水洗浄便座,True,工業製品>電気機器>民生用電気機器>民生用電気機器（除民生用エアコンディショナ）
PRCG20_2201630003,domestic_tax,小類別,2,電子応用装置・電気計測器,False,工業製品>電気機器
PRCG20_2201640009,domestic_tax,商品群,3,電子応用装置,False,工業製品>電気機器>電子応用装置・電気計測器
PRCG20_2201650026,domestic_tax,品目,4,Ｘ線装置・医療用電子応用装置,False,工業製品>電気機器>電子応用装置・電気計測器>電子応用装置
PRCG20_2201650027,domestic_tax,品目,4,超音波応用装置,True,工業製品>電気機器>電子応用装置・電気計測器>電子応用装置
PRCG20_2201640010,domestic_tax,商品群,3,電気計測器,False,工業製品>電気機器>電子応用装置・電気計測器
PRCG20_2201650028,domestic_tax,品目,4,電気計器,True,工業製品>電気機器>電子応用装置・電気計測器>電気計測器
PRCG20_2201650029,domestic_tax,品目,4,電気測定器,True,工業製品>電気機器>電子応用装置・電気計測器>電気計測器
PRCG20_2201650030,domestic_tax,品目,4,半導体・ＩＣ測定器,True,工業製品>電気機器>電子応用装置・電気計測器>電気計測器
PRCG20_2201650031,domestic_tax,品目,4,工業計器,True,工業製品>電気機器>電子応用装置・電気計測器>電気計測器
PRCG20_2201650032,domestic_tax,品目,4,医療用計測器,True,工業製品>電気機器>電子応用装置・電気計測器>電気計測器
PRCG20_2201630004,domestic_tax,小類別,2,その他電気機械,False,工業製品>電気機器
PRCG20_2201640011,domestic_tax,商品群,3,電球類,False,工業製品>電気機器>その他電気機械
PRCG20_2201650033,domestic_tax,品目,4,電球類,True,工業製品>電気機器>その他電気機械>電球類
PRCG20_2201640012,domestic_tax,商品群,3,電気照明器具,False,工業製品>電気機器>その他電気機械
PRCG20_2201650034,domestic_tax,品目,4,電気照明器具,True,工業製品>電気機器>その他電気機械>電気照明器具
PRCG20_2201640013,domestic_tax,商品群,3,電池,False,工業製品>電気機器>その他電気機械
PRCG20_2201650035,domestic_tax,品目,4,鉛蓄電池,True,工業製品>電気機器>その他電気機械>電池
PRCG20_2201650036,domestic_tax,品目,4,アルカリ・リチウムイオン蓄電池,False,工業製品>電気機器>その他電気機械>電池
PRCG20_2201650037,domestic_tax,品目,4,乾電池,True,工業製品>電気機器>その他電気機械>電池
PRCG20_2201640014,domestic_tax,商品群,3,その他の電気機械器具,False,工業製品>電気機器>その他電気機械
PRCG20_2201650038,domestic_tax,品目,4,永久磁石,True,工業製品>電気機器>その他電気機械>その他の電気機械器具
PRCG20_2201720001,domestic_tax,類別,1,情報通信機器,False,工業製品
PRCG20_2201730001,domestic_tax,小類別,2,通信・映像・音響機器,False,工業製品>情報通信機器
PRCG20_2201740001,domestic_tax,商品群,3,有線電気通信機器,False,工業製品>情報通信機器>通信・映像・音響機器
PRCG20_2201750001,domestic_tax,品目,4,有線電気通信機器,True,工業製品>情報通信機器>通信・映像・音響機器>有線電気通信機器
PRCG20_2201740002,domestic_tax,商品群,3,無線電気通信機器,False,工業製品>情報通信機器>通信・映像・音響機器
PRCG20_2201750002,domestic_tax,品目,4,固定局通信装置,True,工業製品>情報通信機器>通信・映像・音響機器>無線電気通信機器
PRCG20_2201750003,domestic_tax,品目,4,無線応用装置,False,工業製品>情報通信機器>通信・映像・音響機器>無線電気通信機器
PRCG20_2201740003,domestic_tax,商品群,3,その他の電気通信機器,False,工業製品>情報通信機器>通信・映像・音響機器
PRCG20_2201750004,domestic_tax,品目,4,交通信号保安装置,True,工業製品>情報通信機器>通信・映像・音響機器>その他の電気通信機器
PRCG20_2201740004,domestic_tax,商品群,3,ビデオ機器・デジタルカメラ,False,工業製品>情報通信機器>通信・映像・音響機器
PRCG20_2201750005,domestic_tax,品目,4,ビデオ機器・デジタルカメラ,True,工業製品>情報通信機器>通信・映像・音響機器>ビデオ機器・デジタルカメラ
PRCG20_2201740005,domestic_tax,商品群,3,電気音響機器,False,工業製品>情報通信機器>通信・映像・音響機器
PRCG20_2201750006,domestic_tax,品目,4,電気音響機器,True,工業製品>情報通信機器>通信・映像・音響機器>電気音響機器
PRCG20_2201730002,domestic_tax,小類別,2,電子計算機・同附属装置,False,工業製品>情報通信機器
PRCG20_2201740006,domestic_tax,商品群,3,パーソナルコンピュータ,False,工業製品>情報通信機器>電子計算機・同附属装置
PRCG20_2201750007,domestic_tax,品目,4,パーソナルコンピュータ,True,工業製品>情報通信機器>電子計算機・同附属装置>パーソナルコンピュータ
PRCG20_2201740007,domestic_tax,商品群,3,電子計算機附属装置,False,工業製品>情報通信機器>電子計算機・同附属装置
PRCG20_2201750008,domestic_tax,品目,4,外部記憶装置,True,工業製品>情報通信機器>電子計算機・同附属装置>電子計算機附属装置
PRCG20_2201750009,domestic_tax,品目,4,印刷装置,True,工業製品>情報通信機器>電子計算機・同附属装置>電子計算機附属装置
PRCG20_2201750010,domestic_tax,品目,4,表示装置・端末装置,False,工業製品>情報通信機器>電子計算機・同附属装置>電子計算機附属装置
PRCG20_2201820001,domestic_tax,類別,1,輸送用機器,False,工業製品
PRCG20_2201830001,domestic_tax,小類別,2,乗用車,False,工業製品>輸送用機器
PRCG20_2201840001,domestic_tax,商品群,3,乗用車,False,工業製品>輸送用機器>乗用車
PRCG20_2201850001,domestic_tax,品目,4,乗用車,True,工業製品>輸送用機器>乗用車>乗用車
PRCG20_2201830002,domestic_tax,小類別,2,その他自動車,False,工業製品>輸送用機器
PRCG20_2201840002,domestic_tax,商品群,3,トラック・バス・その他の自動車,False,工業製品>輸送用機器>その他自動車
PRCG20_2201850002,domestic_tax,品目,4,バス,True,工業製品>輸送用機器>その他自動車>トラック・バス・その他の自動車
PRCG20_2201850003,domestic_tax,品目,4,トラック,True,工業製品>輸送用機器>その他自動車>トラック・バス・その他の自動車
PRCG20_2201850004,domestic_tax,品目,4,特別用途車,True,工業製品>輸送用機器>その他自動車>トラック・バス・その他の自動車
PRCG20_2201840003,domestic_tax,商品群,3,二輪自動車,False,工業製品>輸送用機器>その他自動車
PRCG20_2201850005,domestic_tax,品目,4,二輪自動車,True,工業製品>輸送用機器>その他自動車>二輪自動車
PRCG20_2201830003,domestic_tax,小類別,2,自動車部品・同附属品,False,工業製品>輸送用機器
PRCG20_2201840004,domestic_tax,商品群,3,自動車用内燃機関,False,工業製品>輸送用機器>自動車部品・同附属品
PRCG20_2201850006,domestic_tax,品目,4,自動車用内燃機関部品,True,工業製品>輸送用機器>自動車部品・同附属品>自動車用内燃機関
PRCG20_2201840005,domestic_tax,商品群,3,自動車部品,False,工業製品>輸送用機器>自動車部品・同附属品
PRCG20_2201850007,domestic_tax,品目,4,駆動・伝導・操縦装置部品,True,工業製品>輸送用機器>自動車部品・同附属品>自動車部品
PRCG20_2201850008,domestic_tax,品目,4,懸架・制動装置部品,True,工業製品>輸送用機器>自動車部品・同附属品>自動車部品
PRCG20_2201850009,domestic_tax,品目,4,シャシー・車体構成部品,True,工業製品>輸送用機器>自動車部品・同附属品>自動車部品
PRCG20_2201850010,domestic_tax,品目,4,カーエアコン・同部品,True,工業製品>輸送用機器>自動車部品・同附属品>自動車部品
PRCG20_2201830004,domestic_tax,小類別,2,船舶,False,工業製品>輸送用機器
PRCG20_2201840006,domestic_tax,商品群,3,舶用内燃機関,False,工業製品>輸送用機器>船舶
PRCG20_2201850011,domestic_tax,品目,4,舶用ディーゼル機関,True,工業製品>輸送用機器>船舶>舶用内燃機関
PRCG20_2201830005,domestic_tax,小類別,2,その他輸送機械,False,工業製品>輸送用機器
PRCG20_2201840007,domestic_tax,商品群,3,鉄道車両,False,工業製品>輸送用機器>その他輸送機械
PRCG20_2201850012,domestic_tax,品目,4,鉄道車両,True,工業製品>輸送用機器>その他輸送機械>鉄道車両
PRCG20_2201840008,domestic_tax,商品群,3,航空機,False,工業製品>輸送用機器>その他輸送機械
PRCG20_2201850013,domestic_tax,品目,4,航空機部品,True,工業製品>輸送用機器>その他輸送機械>航空機
PRCG20_2201840009,domestic_tax,商品群,3,自転車,False,工業製品>輸送用機器>その他輸送機械
PRCG20_2201850014,domestic_tax,品目,4,自転車（除車いす・自転車部品）,True,工業製品>輸送用機器>その他輸送機械>自転車
PRCG20_2201850015,domestic_tax,品目,4,自転車部品,True,工業製品>輸送用機器>その他輸送機械>自転車
PRCG20_2201840010,domestic_tax,商品群,3,その他の輸送機械,False,工業製品>輸送用機器>その他輸送機械
PRCG20_2201850016,domestic_tax,品目,4,フォークリフトトラック・同部品,True,工業製品>輸送用機器>その他輸送機械>その他の輸送機械
PRCG20_2201920001,domestic_tax,類別,1,その他工業製品,False,工業製品
PRCG20_2201930001,domestic_tax,小類別,2,家具・装備品,False,工業製品>その他工業製品
PRCG20_2201940001,domestic_tax,商品群,3,木製家具,False,工業製品>その他工業製品>家具・装備品
PRCG20_2201950001,domestic_tax,品目,4,木製机・いす,True,工業製品>その他工業製品>家具・装備品>木製家具
PRCG20_2201950002,domestic_tax,品目,4,木製流し台セット,True,工業製品>その他工業製品>家具・装備品>木製家具
PRCG20_2201950003,domestic_tax,品目,4,木製棚,True,工業製品>その他工業製品>家具・装備品>木製家具
PRCG20_2201940002,domestic_tax,商品群,3,金属製家具,False,工業製品>その他工業製品>家具・装備品
PRCG20_2201950004,domestic_tax,品目,4,スチール机・いす,True,工業製品>その他工業製品>家具・装備品>金属製家具
PRCG20_2201950005,domestic_tax,品目,4,金属製棚,True,工業製品>その他工業製品>家具・装備品>金属製家具
PRCG20_2201940003,domestic_tax,商品群,3,木製建具,False,工業製品>その他工業製品>家具・装備品
PRCG20_2201950006,domestic_tax,品目,4,木製建具,True,工業製品>その他工業製品>家具・装備品>木製建具
PRCG20_2201940004,domestic_tax,商品群,3,その他の家具・装備品,False,工業製品>その他工業製品>家具・装備品
PRCG20_2201950007,domestic_tax,品目,4,事務所用・店舗用装備品,True,工業製品>その他工業製品>家具・装備品>その他の家具・装備品
PRCG20_2201950008,domestic_tax,品目,4,窓・扉用日よけ,True,工業製品>その他工業製品>家具・装備品>その他の家具・装備品
PRCG20_2201930002,domestic_tax,小類別,2,印刷・製版・製本,False,工業製品>その他工業製品
PRCG20_2201940005,domestic_tax,商品群,3,印刷・製版・製本,False,工業製品>その他工業製品>印刷・製版・製本
PRCG20_2201950009,domestic_tax,品目,4,平版印刷物,True,工業製品>その他工業製品>印刷・製版・製本>印刷・製版・製本
PRCG20_2201950010,domestic_tax,品目,4,凸版印刷物,True,工業製品>その他工業製品>印刷・製版・製本>印刷・製版・製本
PRCG20_2201950011,domestic_tax,品目,4,おう版印刷物,True,工業製品>その他工業製品>印刷・製版・製本>印刷・製版・製本
PRCG20_2201950012,domestic_tax,品目,4,特殊印刷物,True,工業製品>その他工業製品>印刷・製版・製本>印刷・製版・製本
PRCG20_2201950013,domestic_tax,品目,4,フォトマスク,True,工業製品>その他工業製品>印刷・製版・製本>印刷・製版・製本
PRCG20_2201930003,domestic_tax,小類別,2,ゴム製品,False,工業製品>その他工業製品
PRCG20_2201940006,domestic_tax,商品群,3,タイヤ・チューブ,False,工業製品>その他工業製品>ゴム製品
PRCG20_2201950014,domestic_tax,品目,4,自動車タイヤ,True,工業製品>その他工業製品>ゴム製品>タイヤ・チューブ
PRCG20_2201940007,domestic_tax,商品群,3,その他のゴム製品,False,工業製品>その他工業製品>ゴム製品
PRCG20_2201950015,domestic_tax,品目,4,ゴムベルト,True,工業製品>その他工業製品>ゴム製品>その他のゴム製品
PRCG20_2201950016,domestic_tax,品目,4,ゴムホース,True,工業製品>その他工業製品>ゴム製品>その他のゴム製品
PRCG20_2201950017,domestic_tax,品目,4,防振ゴム,True,工業製品>その他工業製品>ゴム製品>その他のゴム製品
PRCG20_2201950018,domestic_tax,品目,4,ゴムロール,True,工業製品>その他工業製品>ゴム製品>その他のゴム製品
PRCG20_2201950019,domestic_tax,品目,4,ゴム製パッキン,True,工業製品>その他工業製品>ゴム製品>その他のゴム製品
PRCG20_2201950020,domestic_tax,品目,4,工業用スポンジ製品,True,工業製品>その他工業製品>ゴム製品>その他のゴム製品
PRCG20_2201950021,domestic_tax,品目,4,医療・衛生用ゴム製品,True,工業製品>その他工業製品>ゴム製品>その他のゴム製品
PRCG20_2201950022,domestic_tax,品目,4,ゴム練生地,True,工業製品>その他工業製品>ゴム製品>その他のゴム製品
PRCG20_2201930004,domestic_tax,小類別,2,革製履物・なめし革・革製品・毛皮,False,工業製品>その他工業製品
PRCG20_2201940008,domestic_tax,商品群,3,革製履物,False,工業製品>その他工業製品>革製履物・なめし革・革製品・毛皮
PRCG20_2201950023,domestic_tax,品目,4,革製履物,True,工業製品>その他工業製品>革製履物・なめし革・革製品・毛皮>革製履物
PRCG20_2201940009,domestic_tax,商品群,3,なめし革・革製品・毛皮,False,工業製品>その他工業製品>革製履物・なめし革・革製品・毛皮
PRCG20_2201950024,domestic_tax,品目,4,かばん・袋物,True,工業製品>その他工業製品>革製履物・なめし革・革製品・毛皮>なめし革・革製品・毛皮
PRCG20_2201930005,domestic_tax,小類別,2,その他製造工業製品,False,工業製品>その他工業製品
PRCG20_2201940010,domestic_tax,商品群,3,がん具,False,工業製品>その他工業製品>その他製造工業製品
PRCG20_2201950025,domestic_tax,品目,4,がん具,True,工業製品>その他工業製品>その他製造工業製品>がん具
PRCG20_2201940011,domestic_tax,商品群,3,運動用品,False,工業製品>その他工業製品>その他製造工業製品
PRCG20_2201950026,domestic_tax,品目,4,運動用品,False,工業製品>その他工業製品>その他製造工業製品>運動用品
PRCG20_2201940012,domestic_tax,商品群,3,身辺細貨品,False,工業製品>その他工業製品>その他製造工業製品
PRCG20_2201950027,domestic_tax,品目,4,ジュエリー,True,工業製品>その他工業製品>その他製造工業製品>身辺細貨品
PRCG20_2201940013,domestic_tax,商品群,3,筆記具・文具,False,工業製品>その他工業製品>その他製造工業製品
PRCG20_2201950028,domestic_tax,品目,4,筆記具・文具,True,工業製品>その他工業製品>その他製造工業製品>筆記具・文具
PRCG20_2201940014,domestic_tax,商品群,3,その他の製造工業製品,False,工業製品>その他工業製品>その他製造工業製品
PRCG20_2201950029,domestic_tax,品目,4,看板・標識機,True,工業製品>その他工業製品>その他製造工業製品>その他の製造工業製品
PRCG20_2201950030,domestic_tax,品目,4,電光表示器,True,工業製品>その他工業製品>その他製造工業製品>その他の製造工業製品
PRCG20_2201950031,domestic_tax,品目,4,パレット,True,工業製品>その他工業製品>その他製造工業製品>その他の製造工業製品
PRCG20_2201950032,domestic_tax,品目,4,眼鏡枠・レンズ,False,工業製品>その他工業製品>その他製造工業製品>その他の製造工業製品
PRCG20_2201950033,domestic_tax,品目,4,人体安全保護具・救命具,True,工業製品>その他工業製品>その他製造工業製品>その他の製造工業製品
PRCG20_2201950034,domestic_tax,品目,4,ルームユニット,True,工業製品>その他工業製品>その他製造工業製品>その他の製造工業製品
PRCG20_2202010001,domestic_tax,大類別,0,農林水産物,False,
PRCG20_2202020001,domestic_tax,類別,1,農林水産物,False,農林水産物
PRCG20_2202030001,domestic_tax,小類別,2,耕種農業,False,農林水産物>農林水産物
PRCG20_2202040001,domestic_tax,商品群,3,米,False,農林水産物>農林水産物>耕種農業
PRCG20_2202050001,domestic_tax,品目,4,玄米,True,農林水産物>農林水産物>耕種農業>米
PRCG20_2202040002,domestic_tax,商品群,3,精穀,False,農林水産物>農林水産物>耕種農業
PRCG20_2202050002,domestic_tax,品目,4,精米,True,農林水産物>農林水産物>耕種農業>精穀
PRCG20_2202040003,domestic_tax,商品群,3,砂糖原料作物,False,農林水産物>農林水産物>耕種農業
PRCG20_2202050003,domestic_tax,品目,4,てん菜,True,農林水産物>農林水産物>耕種農業>砂糖原料作物
PRCG20_2202040004,domestic_tax,商品群,3,その他の非食用耕種作物,False,農林水産物>農林水産物>耕種農業
PRCG20_2202050004,domestic_tax,品目,4,葉たばこ,True,農林水産物>農林水産物>耕種農業>その他の非食用耕種作物
PRCG20_2202030002,domestic_tax,小類別,2,畜産,False,農林水産物>農林水産物
PRCG20_2202040005,domestic_tax,商品群,3,酪農,False,農林水産物>農林水産物>畜産
PRCG20_2202050005,domestic_tax,品目,4,原乳,True,農林水産物>農林水産物>畜産>酪農
PRCG20_2202040006,domestic_tax,商品群,3,鶏卵,False,農林水産物>農林水産物>畜産
PRCG20_2202050006,domestic_tax,品目,4,鶏卵,True,農林水産物>農林水産物>畜産>鶏卵
PRCG20_2202040007,domestic_tax,商品群,3,食肉,False,農林水産物>農林水産物>畜産
PRCG20_2202050007,domestic_tax,品目,4,牛肉,True,農林水産物>農林水産物>畜産>食肉
PRCG20_2202050008,domestic_tax,品目,4,豚肉,True,農林水産物>農林水産物>畜産>食肉
PRCG20_2202050009,domestic_tax,品目,4,鶏肉,True,農林水産物>農林水産物>畜産>食肉
PRCG20_2202030003,domestic_tax,小類別,2,林業,False,農林水産物>農林水産物
PRCG20_2202040008,domestic_tax,商品群,3,素材,False,農林水産物>農林水産物>林業
PRCG20_2202050010,domestic_tax,品目,4,丸太,True,農林水産物>農林水産物>林業>素材
PRCG20_2202030004,domestic_tax,小類別,2,漁業,False,農林水産物>農林水産物
PRCG20_2202040009,domestic_tax,商品群,3,海面養殖業,False,農林水産物>農林水産物>漁業
PRCG20_2202050011,domestic_tax,品目,4,干のり,True,農林水産物>農林水産物>漁業>海面養殖業
PRCG20_2202040010,domestic_tax,商品群,3,塩・干・くん製品,False,農林水産物>農林水産物>漁業
PRCG20_2202050012,domestic_tax,品目,4,塩干・塩蔵品,False,農林水産物>農林水産物>漁業>塩・干・くん製品
PRCG20_2202050013,domestic_tax,品目,4,しらす干し,True,農林水産物>農林水産物>漁業>塩・干・くん製品
PRCG20_2202110001,domestic_tax,大類別,0,鉱産物,False,
PRCG20_2202120001,domestic_tax,類別,1,鉱産物,False,鉱産物
PRCG20_2202130001,domestic_tax,小類別,2,石炭・原油・天然ガス,False,鉱産物>鉱産物
PRCG20_2202140001,domestic_tax,商品群,3,石炭・原油・天然ガス,False,鉱産物>鉱産物>石炭・原油・天然ガス
PRCG20_2202150001,domestic_tax,品目,4,天然ガス,True,鉱産物>鉱産物>石炭・原油・天然ガス>石炭・原油・天然ガス
PRCG20_2202130002,domestic_tax,小類別,2,その他の鉱業,False,鉱産物>鉱産物
PRCG20_2202140002,domestic_tax,商品群,3,砂利・採石,False,鉱産物>鉱産物>その他の鉱業
PRCG20_2202150002,domestic_tax,品目,4,砂利,True,鉱産物>鉱産物>その他の鉱業>砂利・採石
PRCG20_2202140003,domestic_tax,商品群,3,砕石,False,鉱産物>鉱産物>その他の鉱業
PRCG20_2202150003,domestic_tax,品目,4,砕石,False,鉱産物>鉱産物>その他の鉱業>砕石
PRCG20_2202140004,domestic_tax,商品群,3,その他の鉱物,False,鉱産物>鉱産物>その他の鉱業
PRCG20_2202150004,domestic_tax,品目,4,石灰石,True,鉱産物>鉱産物>その他の鉱業>その他の鉱物
PRCG20_2202210001,domestic_tax,大類別,0,電力・都市ガス・水道,False,
PRCG20_2202220001,domestic_tax,類別,1,電力・都市ガス・水道,False,電力・都市ガス・水道
PRCG20_2202230001,domestic_tax,小類別,2,電力,False,電力・都市ガス・水道>電力・都市ガス・水道
PRCG20_2202240001,domestic_tax,商品群,3,事業用電力,False,電力・都市ガス・水道>電力・都市ガス・水道>電力
PRCG20_2202250001,domestic_tax,品目,4,事業用電力,True,電力・都市ガス・水道>電力・都市ガス・水道>電力>事業用電力
PRCG20_2202230002,domestic_tax,小類別,2,都市ガス,False,電力・都市ガス・水道>電力・都市ガス・水道
PRCG20_2202240002,domestic_tax,商品群,3,都市ガス,False,電力・都市ガス・水道>電力・都市ガス・水道>都市ガス
PRCG20_2202250002,domestic_tax,品目,4,都市ガス,True,電力・都市ガス・水道>電力・都市ガス・水道>都市ガス>都市ガス
PRCG20_2202230003,domestic_tax,小類別,2,水道,False,電力・都市ガス・水道>電力・都市ガス・水道
PRCG20_2202240003,domestic_tax,商品群,3,上水道・簡易水道,False,電力・都市ガス・水道>電力・都市ガス・水道>水道
PRCG20_2202250003,domestic_tax,品目,4,上水道,True,電力・都市ガス・水道>電力・都市ガス・水道>水道>上水道・簡易水道
PRCG20_2202240004,domestic_tax,商品群,3,工業用水,False,電力・都市ガス・水道>電力・都市ガス・水道>水道
PRCG20_2202250004,domestic_tax,品目,4,工業用水,True,電力・都市ガス・水道>電力・都市ガス・水道>水道>工業用水
PRCG20_2202310001,domestic_tax,大類別,0,スクラップ類,False,
PRCG20_2202320001,domestic_tax,類別,1,スクラップ類,False,スクラップ類
PRCG20_2202330001,domestic_tax,小類別,2,スクラップ類,False,スクラップ類>スクラップ類
PRCG20_2202340001,domestic_tax,商品群,3,古紙,False,スクラップ類>スクラップ類>スクラップ類
PRCG20_2202350001,domestic_tax,品目,4,古紙,True,スクラップ類>スクラップ類>スクラップ類>古紙
PRCG20_2202340002,domestic_tax,商品群,3,鉄屑,False,スクラップ類>スクラップ類>スクラップ類
PRCG20_2202350002,domestic_tax,品目,4,鉄屑,True,スクラップ類>スクラップ類>スクラップ類>鉄屑
PRCG20_2202340003,domestic_tax,商品群,3,非鉄金属屑,False,スクラップ類>スクラップ類>スクラップ類
PRCG20_2202350003,domestic_tax,品目,4,銅・アルミニウム屑,True,スクラップ類>スクラップ類>スクラップ類>非鉄金属屑
PRCG20_22G2200000,domestic_tax,(参考)夏季電力料金調整後,0,総平均,False,
PRCG20_22G2220001,domestic_tax,(参考)夏季電力料金調整後,0,類別/_電力・都市ガス・水道,False,
PRCG20_22G2230001,domestic_tax,(参考)夏季電力料金調整後,0,小類別/__電力,False,
PRCG20_2400000000,export_yen,総平均,0,総平均,False,
PRCG20_2400120001,export_yen,類別,1,繊維品,False,総平均
PRCG20_2400130001,export_yen,小類別,2,繊維製品,False,総平均>繊維品
PRCG20_2400140001,export_yen,商品群,3,織物,False,総平均>繊維品>繊維製品
PRCG20_2400150001,export_yen,品目,4,織物,True,総平均>繊維品>繊維製品>織物
PRCG20_2400140002,export_yen,商品群,3,その他の繊維工業製品,False,総平均>繊維品>繊維製品
PRCG20_2400150002,export_yen,品目,4,フェルト生地・不織布,True,総平均>繊維品>繊維製品>その他の繊維工業製品
PRCG20_2400220001,export_yen,類別,1,化学製品,False,総平均
PRCG20_2400230001,export_yen,小類別,2,化学製品,False,総平均>化学製品
PRCG20_2400240001,export_yen,商品群,3,ソーダ工業製品,False,総平均>化学製品>化学製品
PRCG20_2400250001,export_yen,品目,4,か性ソーダ,True,総平均>化学製品>化学製品>ソーダ工業製品
PRCG20_2400240002,export_yen,商品群,3,無機顔料,False,総平均>化学製品>化学製品
PRCG20_2400250002,export_yen,品目,4,酸化チタン,True,総平均>化学製品>化学製品>無機顔料
PRCG20_2400240003,export_yen,商品群,3,その他の無機化学工業製品,False,総平均>化学製品>化学製品
PRCG20_2400250003,export_yen,品目,4,二酸化けい素,True,総平均>化学製品>化学製品>その他の無機化学工業製品
PRCG20_2400240004,export_yen,商品群,3,石油化学基礎製品,False,総平均>化学製品>化学製品
PRCG20_2400250004,export_yen,品目,4,エチレン,True,総平均>化学製品>化学製品>石油化学基礎製品
PRCG20_2400250005,export_yen,品目,4,プロピレン,True,総平均>化学製品>化学製品>石油化学基礎製品
PRCG20_2400240005,export_yen,商品群,3,石油化学系芳香族製品,False,総平均>化学製品>化学製品
PRCG20_2400250006,export_yen,品目,4,ベンゼン,True,総平均>化学製品>化学製品>石油化学系芳香族製品
PRCG20_2400250007,export_yen,品目,4,トルエン,True,総平均>化学製品>化学製品>石油化学系芳香族製品
PRCG20_2400240006,export_yen,商品群,3,脂肪族中間物,False,総平均>化学製品>化学製品
PRCG20_2400250008,export_yen,品目,4,塩化ビニルモノマー,True,総平均>化学製品>化学製品>脂肪族中間物
PRCG20_2400250009,export_yen,品目,4,メチルメタクリレート,True,総平均>化学製品>化学製品>脂肪族中間物
PRCG20_2400240007,export_yen,商品群,3,環式中間物・合成染料・有機顔料,False,総平均>化学製品>化学製品
PRCG20_2400250010,export_yen,品目,4,スチレンモノマー,True,総平均>化学製品>化学製品>環式中間物・合成染料・有機顔料
PRCG20_2400250011,export_yen,品目,4,トルイレンジイソシアネート,True,総平均>化学製品>化学製品>環式中間物・合成染料・有機顔料
PRCG20_2400250012,export_yen,品目,4,カプロラクタム,True,総平均>化学製品>化学製品>環式中間物・合成染料・有機顔料
PRCG20_2400250013,export_yen,品目,4,フェノール・ビスフェノールＡ,True,総平均>化学製品>化学製品>環式中間物・合成染料・有機顔料
PRCG20_2400250014,export_yen,品目,4,ジフェニルメタンジイソシアネート,True,総平均>化学製品>化学製品>環式中間物・合成染料・有機顔料
PRCG20_2400250015,export_yen,品目,4,パラキシレン,True,総平均>化学製品>化学製品>環式中間物・合成染料・有機顔料
PRCG20_2400250016,export_yen,品目,4,合成染料,True,総平均>化学製品>化学製品>環式中間物・合成染料・有機顔料
PRCG20_2400240008,export_yen,商品群,3,合成ゴム,False,総平均>化学製品>化学製品
PRCG20_2400250017,export_yen,品目,4,合成ゴム,True,総平均>化学製品>化学製品>合成ゴム
PRCG20_2400240009,export_yen,商品群,3,熱硬化性樹脂,False,総平均>化学製品>化学製品
PRCG20_2400250018,export_yen,品目,4,フェノール樹脂,True,総平均>化学製品>化学製品>熱硬化性樹脂
PRCG20_2400250019,export_yen,品目,4,エポキシ樹脂,True,総平均>化学製品>化学製品>熱硬化性樹脂
PRCG20_2400250020,export_yen,品目,4,シリコーン,True,総平均>化学製品>化学製品>熱硬化性樹脂
PRCG20_2400240010,export_yen,商品群,3,熱可塑性樹脂,False,総平均>化学製品>化学製品
PRCG20_2400250021,export_yen,品目,4,ポリエチレン,False,総平均>化学製品>化学製品>熱可塑性樹脂
PRCG20_2400250022,export_yen,品目,4,ポリスチレン,False,総平均>化学製品>化学製品>熱可塑性樹脂
PRCG20_2400250023,export_yen,品目,4,ポリプロピレン,True,総平均>化学製品>化学製品>熱可塑性樹脂
PRCG20_2400250024,export_yen,品目,4,塩化ビニル樹脂,True,総平均>化学製品>化学製品>熱可塑性樹脂
PRCG20_2400240011,export_yen,商品群,3,高機能性樹脂,False,総平均>化学製品>化学製品
PRCG20_2400250025,export_yen,品目,4,飽和ポリエステル樹脂,True,総平均>化学製品>化学製品>高機能性樹脂
PRCG20_2400250026,export_yen,品目,4,ポリアミド樹脂,True,総平均>化学製品>化学製品>高機能性樹脂
PRCG20_2400250027,export_yen,品目,4,ポリカーボネート,True,総平均>化学製品>化学製品>高機能性樹脂
PRCG20_2400240012,export_yen,商品群,3,その他の合成樹脂,False,総平均>化学製品>化学製品
PRCG20_2400250028,export_yen,品目,4,ポリビニルアルコール,True,総平均>化学製品>化学製品>その他の合成樹脂
PRCG20_2400250029,export_yen,品目,4,フッ素樹脂,True,総平均>化学製品>化学製品>その他の合成樹脂
PRCG20_2400240013,export_yen,商品群,3,化学繊維,False,総平均>化学製品>化学製品
PRCG20_2400250030,export_yen,品目,4,化学繊維,True,総平均>化学製品>化学製品>化学繊維
PRCG20_2400240014,export_yen,商品群,3,医薬品,False,総平均>化学製品>化学製品
PRCG20_2400250031,export_yen,品目,4,医薬品（除動物用）,True,総平均>化学製品>化学製品>医薬品
PRCG20_2400240015,export_yen,商品群,3,油脂加工製品・界面活性剤,False,総平均>化学製品>化学製品
PRCG20_2400250032,export_yen,品目,4,界面活性剤,True,総平均>化学製品>化学製品>油脂加工製品・界面活性剤
PRCG20_2400240016,export_yen,商品群,3,化粧品・歯磨,False,総平均>化学製品>化学製品
PRCG20_2400250033,export_yen,品目,4,化粧品・歯磨,True,総平均>化学製品>化学製品>化粧品・歯磨
PRCG20_2400240017,export_yen,商品群,3,塗料,False,総平均>化学製品>化学製品
PRCG20_2400250034,export_yen,品目,4,塗料,True,総平均>化学製品>化学製品>塗料
PRCG20_2400240018,export_yen,商品群,3,印刷インキ,False,総平均>化学製品>化学製品
PRCG20_2400250035,export_yen,品目,4,印刷インキ,True,総平均>化学製品>化学製品>印刷インキ
PRCG20_2400240019,export_yen,商品群,3,農薬,False,総平均>化学製品>化学製品
PRCG20_2400250036,export_yen,品目,4,農薬,True,総平均>化学製品>化学製品>農薬
PRCG20_2400240020,export_yen,商品群,3,ゼラチン・接着剤,False,総平均>化学製品>化学製品
PRCG20_2400250037,export_yen,品目,4,接着剤,True,総平均>化学製品>化学製品>ゼラチン・接着剤
PRCG20_2400240021,export_yen,商品群,3,写真感光材料,False,総平均>化学製品>化学製品
PRCG20_2400250038,export_yen,品目,4,写真感光材料,True,総平均>化学製品>化学製品>写真感光材料
PRCG20_2400240022,export_yen,商品群,3,その他の化学最終製品,False,総平均>化学製品>化学製品
PRCG20_2400250039,export_yen,品目,4,触媒,False,総平均>化学製品>化学製品>その他の化学最終製品
PRCG20_2400250040,export_yen,品目,4,香料,True,総平均>化学製品>化学製品>その他の化学最終製品
PRCG20_2400320001,export_yen,類別,1,金属・同製品,False,総平均
PRCG20_2400330001,export_yen,小類別,2,鉄鋼,False,総平均>金属・同製品
PRCG20_2400340001,export_yen,商品群,3,フェロアロイ,False,総平均>金属・同製品>鉄鋼
PRCG20_2400350001,export_yen,品目,4,フェロニッケル,True,総平均>金属・同製品>鉄鋼>フェロアロイ
PRCG20_2400340002,export_yen,商品群,3,熱間圧延鋼材,False,総平均>金属・同製品>鉄鋼
PRCG20_2400350002,export_yen,品目,4,普通鋼半製品,True,総平均>金属・同製品>鉄鋼>熱間圧延鋼材
PRCG20_2400350003,export_yen,品目,4,形鋼,True,総平均>金属・同製品>鉄鋼>熱間圧延鋼材
PRCG20_2400350004,export_yen,品目,4,線材,True,総平均>金属・同製品>鉄鋼>熱間圧延鋼材
PRCG20_2400350005,export_yen,品目,4,厚中板,True,総平均>金属・同製品>鉄鋼>熱間圧延鋼材
PRCG20_2400350006,export_yen,品目,4,熱延広幅帯鋼,True,総平均>金属・同製品>鉄鋼>熱間圧延鋼材
PRCG20_2400350007,export_yen,品目,4,構造用鋼,True,総平均>金属・同製品>鉄鋼>熱間圧延鋼材
PRCG20_2400350008,export_yen,品目,4,特殊用途鋼,False,総平均>金属・同製品>鉄鋼>熱間圧延鋼材
PRCG20_2400340003,export_yen,商品群,3,鋼管,False,総平均>金属・同製品>鉄鋼
PRCG20_2400350009,export_yen,品目,4,普通鋼鋼管,True,総平均>金属・同製品>鉄鋼>鋼管
PRCG20_2400350010,export_yen,品目,4,ステンレス鋼管,True,総平均>金属・同製品>鉄鋼>鋼管
PRCG20_2400340004,export_yen,商品群,3,冷間仕上鋼材,False,総平均>金属・同製品>鉄鋼
PRCG20_2400350011,export_yen,品目,4,磨棒鋼,True,総平均>金属・同製品>鉄鋼>冷間仕上鋼材
PRCG20_2400350012,export_yen,品目,4,冷延電気鋼帯・広幅帯鋼,False,総平均>金属・同製品>鉄鋼>冷間仕上鋼材
PRCG20_2400350013,export_yen,品目,4,ステンレス冷延鋼板,True,総平均>金属・同製品>鉄鋼>冷間仕上鋼材
PRCG20_2400340005,export_yen,商品群,3,めっき鋼材,False,総平均>金属・同製品>鉄鋼
PRCG20_2400350014,export_yen,品目,4,亜鉛めっき鋼板,False,総平均>金属・同製品>鉄鋼>めっき鋼材
PRCG20_2400350015,export_yen,品目,4,ブリキ・クロムめっき鋼板,True,総平均>金属・同製品>鉄鋼>めっき鋼材
PRCG20_2400330002,export_yen,小類別,2,非鉄金属,False,総平均>金属・同製品
PRCG20_2400340006,export_yen,商品群,3,銅,False,総平均>金属・同製品>非鉄金属
PRCG20_2400350016,export_yen,品目,4,銅,True,総平均>金属・同製品>非鉄金属>銅
PRCG20_2400340007,export_yen,商品群,3,その他の非鉄金属地金,False,総平均>金属・同製品>非鉄金属
PRCG20_2400350017,export_yen,品目,4,金地金,True,総平均>金属・同製品>非鉄金属>その他の非鉄金属地金
PRCG20_2400340008,export_yen,商品群,3,伸銅品,False,総平均>金属・同製品>非鉄金属
PRCG20_2400350018,export_yen,品目,4,銅伸銅品,True,総平均>金属・同製品>非鉄金属>伸銅品
PRCG20_2400340009,export_yen,商品群,3,アルミ圧延製品,False,総平均>金属・同製品>非鉄金属
PRCG20_2400350019,export_yen,品目,4,アルミ圧延製品,True,総平均>金属・同製品>非鉄金属>アルミ圧延製品
PRCG20_2400340010,export_yen,商品群,3,その他の非鉄金属製品,False,総平均>金属・同製品>非鉄金属
PRCG20_2400350020,export_yen,品目,4,貴金属展伸材,True,総平均>金属・同製品>非鉄金属>その他の非鉄金属製品
PRCG20_2400330003,export_yen,小類別,2,金属製品,False,総平均>金属・同製品
PRCG20_2400340011,export_yen,商品群,3,ガス・石油機器・暖房・調理装置,False,総平均>金属・同製品>金属製品
PRCG20_2400350021,export_yen,品目,4,ガス・石油機器,True,総平均>金属・同製品>金属製品>ガス・石油機器・暖房・調理装置
PRCG20_2400340012,export_yen,商品群,3,ボルト・ナット・リベット・スプリング,False,総平均>金属・同製品>金属製品
PRCG20_2400350022,export_yen,品目,4,ボルト・ナット・ねじ,True,総平均>金属・同製品>金属製品>ボルト・ナット・リベット・スプリング
PRCG20_2400340013,export_yen,商品群,3,配管工事附属品・粉末や金製品・道具類,False,総平均>金属・同製品>金属製品
PRCG20_2400350023,export_yen,品目,4,粉末や金製品,True,総平均>金属・同製品>金属製品>配管工事附属品・粉末や金製品・道具類
PRCG20_2400340014,export_yen,商品群,3,その他の金属製品,False,総平均>金属・同製品>金属製品
PRCG20_2400350024,export_yen,品目,4,錠・かぎ・建築用金物,True,総平均>金属・同製品>金属製品>その他の金属製品
PRCG20_2400330004,export_yen,小類別,2,鉄屑,False,総平均>金属・同製品
PRCG20_2400340015,export_yen,商品群,3,鉄屑,False,総平均>金属・同製品>鉄屑
PRCG20_2400350025,export_yen,品目,4,鉄屑,True,総平均>金属・同製品>鉄屑>鉄屑
PRCG20_2400330005,export_yen,小類別,2,非鉄金属屑,False,総平均>金属・同製品
PRCG20_2400340016,export_yen,商品群,3,非鉄金属屑,False,総平均>金属・同製品>非鉄金属屑
PRCG20_2400350026,export_yen,品目,4,銅屑,True,総平均>金属・同製品>非鉄金属屑>非鉄金属屑
PRCG20_2400420001,export_yen,類別,1,はん用・生産用・業務用機器,False,総平均
PRCG20_2400430001,export_yen,小類別,2,はん用機器,False,総平均>はん用・生産用・業務用機器
PRCG20_2400440001,export_yen,商品群,3,タービン,False,総平均>はん用・生産用・業務用機器>はん用機器
PRCG20_2400450001,export_yen,品目,4,タービン,True,総平均>はん用・生産用・業務用機器>はん用機器>タービン
PRCG20_2400440002,export_yen,商品群,3,原動機,False,総平均>はん用・生産用・業務用機器>はん用機器
PRCG20_2400450002,export_yen,品目,4,はん用内燃機関,True,総平均>はん用・生産用・業務用機器>はん用機器>原動機
PRCG20_2400440003,export_yen,商品群,3,ポンプ・圧縮機,False,総平均>はん用・生産用・業務用機器>はん用機器
PRCG20_2400450003,export_yen,品目,4,ポンプ,True,総平均>はん用・生産用・業務用機器>はん用機器>ポンプ・圧縮機
PRCG20_2400450004,export_yen,品目,4,圧縮機,False,総平均>はん用・生産用・業務用機器>はん用機器>ポンプ・圧縮機
PRCG20_2400450005,export_yen,品目,4,油空圧機器,True,総平均>はん用・生産用・業務用機器>はん用機器>ポンプ・圧縮機
PRCG20_2400440004,export_yen,商品群,3,冷凍機・温湿調整装置,False,総平均>はん用・生産用・業務用機器>はん用機器
PRCG20_2400450006,export_yen,品目,4,業務用エアコン,True,総平均>はん用・生産用・業務用機器>はん用機器>冷凍機・温湿調整装置
PRCG20_2400440005,export_yen,商品群,3,ベアリング,False,総平均>はん用・生産用・業務用機器>はん用機器
PRCG20_2400450007,export_yen,品目,4,玉軸受,True,総平均>はん用・生産用・業務用機器>はん用機器>ベアリング
PRCG20_2400450008,export_yen,品目,4,ころ軸受,True,総平均>はん用・生産用・業務用機器>はん用機器>ベアリング
PRCG20_2400440006,export_yen,商品群,3,その他のはん用機械,False,総平均>はん用・生産用・業務用機器>はん用機器
PRCG20_2400450009,export_yen,品目,4,動力伝導装置,True,総平均>はん用・生産用・業務用機器>はん用機器>その他のはん用機械
PRCG20_2400450010,export_yen,品目,4,バルブ,True,総平均>はん用・生産用・業務用機器>はん用機器>その他のはん用機械
PRCG20_2400430002,export_yen,小類別,2,生産用機器,False,総平均>はん用・生産用・業務用機器
PRCG20_2400440007,export_yen,商品群,3,農業用機械,False,総平均>はん用・生産用・業務用機器>生産用機器
PRCG20_2400450011,export_yen,品目,4,農業用トラクタ,True,総平均>はん用・生産用・業務用機器>生産用機器>農業用機械
PRCG20_2400440008,export_yen,商品群,3,建設・鉱山機械,False,総平均>はん用・生産用・業務用機器>生産用機器
PRCG20_2400450012,export_yen,品目,4,掘さく機,True,総平均>はん用・生産用・業務用機器>生産用機器>建設・鉱山機械
PRCG20_2400450013,export_yen,品目,4,建設用クレーン,True,総平均>はん用・生産用・業務用機器>生産用機器>建設・鉱山機械
PRCG20_2400450014,export_yen,品目,4,建設用トラクタ,True,総平均>はん用・生産用・業務用機器>生産用機器>建設・鉱山機械
PRCG20_2400440009,export_yen,商品群,3,繊維機械,False,総平均>はん用・生産用・業務用機器>生産用機器
PRCG20_2400450015,export_yen,品目,4,繊維機械,True,総平均>はん用・生産用・業務用機器>生産用機器>繊維機械
PRCG20_2400440010,export_yen,商品群,3,生活関連産業用機械,False,総平均>はん用・生産用・業務用機器>生産用機器
PRCG20_2400450016,export_yen,品目,4,印刷関連機械,True,総平均>はん用・生産用・業務用機器>生産用機器>生活関連産業用機械
PRCG20_2400450017,export_yen,品目,4,包装・荷造機械,True,総平均>はん用・生産用・業務用機器>生産用機器>生活関連産業用機械
PRCG20_2400440011,export_yen,商品群,3,鋳造装置・プラスチック加工機械,False,総平均>はん用・生産用・業務用機器>生産用機器
PRCG20_2400450018,export_yen,品目,4,プラスチック加工機械,True,総平均>はん用・生産用・業務用機器>生産用機器>鋳造装置・プラスチック加工機械
PRCG20_2400440012,export_yen,商品群,3,金属工作機械,False,総平均>はん用・生産用・業務用機器>生産用機器
PRCG20_2400450019,export_yen,品目,4,旋盤,True,総平均>はん用・生産用・業務用機器>生産用機器>金属工作機械
PRCG20_2400450020,export_yen,品目,4,研削盤,True,総平均>はん用・生産用・業務用機器>生産用機器>金属工作機械
PRCG20_2400450021,export_yen,品目,4,マシニングセンタ,True,総平均>はん用・生産用・業務用機器>生産用機器>金属工作機械
PRCG20_2400440013,export_yen,商品群,3,金属加工機械,False,総平均>はん用・生産用・業務用機器>生産用機器
PRCG20_2400450022,export_yen,品目,4,プレス機械,True,総平均>はん用・生産用・業務用機器>生産用機器>金属加工機械
PRCG20_2400440014,export_yen,商品群,3,機械工具,False,総平均>はん用・生産用・業務用機器>生産用機器
PRCG20_2400450023,export_yen,品目,4,機械工具,True,総平均>はん用・生産用・業務用機器>生産用機器>機械工具
PRCG20_2400440015,export_yen,商品群,3,半導体製造装置,False,総平均>はん用・生産用・業務用機器>生産用機器
PRCG20_2400450024,export_yen,品目,4,半導体製造装置（除フラットパネルディスプレイ製造装置）,True,総平均>はん用・生産用・業務用機器>生産用機器>半導体製造装置
PRCG20_2400450025,export_yen,品目,4,フラットパネルディスプレイ製造装置,True,総平均>はん用・生産用・業務用機器>生産用機器>半導体製造装置
PRCG20_2400440016,export_yen,商品群,3,ロボット,False,総平均>はん用・生産用・業務用機器>生産用機器
PRCG20_2400450026,export_yen,品目,4,ロボット,True,総平均>はん用・生産用・業務用機器>生産用機器>ロボット
PRCG20_2400430003,export_yen,小類別,2,業務用機器,False,総平均>はん用・生産用・業務用機器
PRCG20_2400440017,export_yen,商品群,3,計測機器,False,総平均>はん用・生産用・業務用機器>業務用機器
PRCG20_2400450027,export_yen,品目,4,精密測定器,True,総平均>はん用・生産用・業務用機器>業務用機器>計測機器
PRCG20_2400450028,export_yen,品目,4,分析機器,True,総平均>はん用・生産用・業務用機器>業務用機器>計測機器
PRCG20_2400440018,export_yen,商品群,3,医療用機械器具,False,総平均>はん用・生産用・業務用機器>業務用機器
PRCG20_2400450029,export_yen,品目,4,医療用機器,True,総平均>はん用・生産用・業務用機器>業務用機器>医療用機械器具
PRCG20_2400440019,export_yen,商品群,3,光学機械・レンズ,False,総平均>はん用・生産用・業務用機器>業務用機器
PRCG20_2400450030,export_yen,品目,4,顕微鏡・拡大鏡,True,総平均>はん用・生産用・業務用機器>業務用機器>光学機械・レンズ
PRCG20_2400450031,export_yen,品目,4,カメラ用交換レンズ,True,総平均>はん用・生産用・業務用機器>業務用機器>光学機械・レンズ
PRCG20_2400450032,export_yen,品目,4,光学レンズ,True,総平均>はん用・生産用・業務用機器>業務用機器>光学機械・レンズ
PRCG20_2400520001,export_yen,類別,1,電気・電子機器,False,総平均
PRCG20_2400530001,export_yen,小類別,2,電子部品・デバイス,False,総平均>電気・電子機器
PRCG20_2400540001,export_yen,商品群,3,半導体素子,False,総平均>電気・電子機器>電子部品・デバイス
PRCG20_2400550001,export_yen,品目,4,光電変換素子,True,総平均>電気・電子機器>電子部品・デバイス>半導体素子
PRCG20_2400550002,export_yen,品目,4,ダイオード・整流素子,True,総平均>電気・電子機器>電子部品・デバイス>半導体素子
PRCG20_2400550003,export_yen,品目,4,トランジスタ,True,総平均>電気・電子機器>電子部品・デバイス>半導体素子
PRCG20_2400540002,export_yen,商品群,3,集積回路,False,総平均>電気・電子機器>電子部品・デバイス
PRCG20_2400550004,export_yen,品目,4,線形回路・混成集積回路,True,総平均>電気・電子機器>電子部品・デバイス>集積回路
PRCG20_2400550005,export_yen,品目,4,モス型集積回路（除モス型メモリ集積回路）,True,総平均>電気・電子機器>電子部品・デバイス>集積回路
PRCG20_2400550006,export_yen,品目,4,モス型メモリ集積回路,True,総平均>電気・電子機器>電子部品・デバイス>集積回路
PRCG20_2400540003,export_yen,商品群,3,液晶パネル,False,総平均>電気・電子機器>電子部品・デバイス
PRCG20_2400550007,export_yen,品目,4,液晶パネル,True,総平均>電気・電子機器>電子部品・デバイス>液晶パネル
PRCG20_2400540004,export_yen,商品群,3,電子回路,False,総平均>電気・電子機器>電子部品・デバイス
PRCG20_2400550008,export_yen,品目,4,プリント配線板,True,総平均>電気・電子機器>電子部品・デバイス>電子回路
PRCG20_2400540005,export_yen,商品群,3,その他の電子部品,False,総平均>電気・電子機器>電子部品・デバイス
PRCG20_2400550009,export_yen,品目,4,電子機器用抵抗器,True,総平均>電気・電子機器>電子部品・デバイス>その他の電子部品
PRCG20_2400550010,export_yen,品目,4,電子機器用コンデンサ,True,総平均>電気・電子機器>電子部品・デバイス>その他の電子部品
PRCG20_2400550011,export_yen,品目,4,電子機器用変成器,True,総平均>電気・電子機器>電子部品・デバイス>その他の電子部品
PRCG20_2400550012,export_yen,品目,4,電子機器用コネクタ,True,総平均>電気・電子機器>電子部品・デバイス>その他の電子部品
PRCG20_2400550013,export_yen,品目,4,電子機器用スイッチ,True,総平均>電気・電子機器>電子部品・デバイス>その他の電子部品
PRCG20_2400550014,export_yen,品目,4,ユニット部品,True,総平均>電気・電子機器>電子部品・デバイス>その他の電子部品
PRCG20_2400550015,export_yen,品目,4,水晶振動子,True,総平均>電気・電子機器>電子部品・デバイス>その他の電子部品
PRCG20_2400550016,export_yen,品目,4,シリコンウエハ,True,総平均>電気・電子機器>電子部品・デバイス>その他の電子部品
PRCG20_2400550017,export_yen,品目,4,圧電機能素子・フィルタ,True,総平均>電気・電子機器>電子部品・デバイス>その他の電子部品
PRCG20_2400550018,export_yen,品目,4,センサデバイス,False,総平均>電気・電子機器>電子部品・デバイス>その他の電子部品
PRCG20_2400530002,export_yen,小類別,2,電気機器,False,総平均>電気・電子機器
PRCG20_2400540006,export_yen,商品群,3,回転電気機械,False,総平均>電気・電子機器>電気機器
PRCG20_2400550019,export_yen,品目,4,発電機,True,総平均>電気・電子機器>電気機器>回転電気機械
PRCG20_2400550020,export_yen,品目,4,電動機,True,総平均>電気・電子機器>電気機器>回転電気機械
PRCG20_2400540007,export_yen,商品群,3,配線器具,False,総平均>電気・電子機器>電気機器
PRCG20_2400550021,export_yen,品目,4,配線器具,True,総平均>電気・電子機器>電気機器>配線器具
PRCG20_2400540008,export_yen,商品群,3,内燃機関電装品,False,総平均>電気・電子機器>電気機器
PRCG20_2400550022,export_yen,品目,4,充電発電機,True,総平均>電気・電子機器>電気機器>内燃機関電装品
PRCG20_2400550023,export_yen,品目,4,始動電動機,True,総平均>電気・電子機器>電気機器>内燃機関電装品
PRCG20_2400550024,export_yen,品目,4,点火プラグ,True,総平均>電気・電子機器>電気機器>内燃機関電装品
PRCG20_2400540009,export_yen,商品群,3,その他の産業用電気機器,False,総平均>電気・電子機器>電気機器
PRCG20_2400550025,export_yen,品目,4,電気溶接機,True,総平均>電気・電子機器>電気機器>その他の産業用電気機器
PRCG20_2400550026,export_yen,品目,4,電力変換装置,True,総平均>電気・電子機器>電気機器>その他の産業用電気機器
PRCG20_2400540010,export_yen,商品群,3,民生用電気機器,False,総平均>電気・電子機器>電気機器
PRCG20_2400550027,export_yen,品目,4,民生用電気機器,True,総平均>電気・電子機器>電気機器>民生用電気機器
PRCG20_2400540011,export_yen,商品群,3,電子応用装置,False,総平均>電気・電子機器>電気機器
PRCG20_2400550028,export_yen,品目,4,Ｘ線装置・医療用電子応用装置,True,総平均>電気・電子機器>電気機器>電子応用装置
PRCG20_2400540012,export_yen,商品群,3,電気計測器,False,総平均>電気・電子機器>電気機器
PRCG20_2400550029,export_yen,品目,4,電気測定器,True,総平均>電気・電子機器>電気機器>電気計測器
PRCG20_2400550030,export_yen,品目,4,半導体・ＩＣ測定器,True,総平均>電気・電子機器>電気機器>電気計測器
PRCG20_2400550031,export_yen,品目,4,工業計器,True,総平均>電気・電子機器>電気機器>電気計測器
PRCG20_2400540013,export_yen,商品群,3,電球類,False,総平均>電気・電子機器>電気機器
PRCG20_2400550032,export_yen,品目,4,電球類,True,総平均>電気・電子機器>電気機器>電球類
PRCG20_2400540014,export_yen,商品群,3,電気照明器具,False,総平均>電気・電子機器>電気機器
PRCG20_2400550033,export_yen,品目,4,電気照明器具,True,総平均>電気・電子機器>電気機器>電気照明器具
PRCG20_2400540015,export_yen,商品群,3,電池,False,総平均>電気・電子機器>電気機器
PRCG20_2400550034,export_yen,品目,4,アルカリ蓄電池,True,総平均>電気・電子機器>電気機器>電池
PRCG20_2400550035,export_yen,品目,4,リチウムイオン蓄電池,True,総平均>電気・電子機器>電気機器>電池
PRCG20_2400550036,export_yen,品目,4,乾電池,True,総平均>電気・電子機器>電気機器>電池
PRCG20_2400530003,export_yen,小類別,2,情報通信機器,False,総平均>電気・電子機器
PRCG20_2400540016,export_yen,商品群,3,無線電気通信機器,False,総平均>電気・電子機器>情報通信機器
PRCG20_2400550037,export_yen,品目,4,無線電気通信機器,True,総平均>電気・電子機器>情報通信機器>無線電気通信機器
PRCG20_2400540017,export_yen,商品群,3,ビデオ機器・デジタルカメラ,False,総平均>電気・電子機器>情報通信機器
PRCG20_2400550038,export_yen,品目,4,ビデオ機器・デジタルカメラ,True,総平均>電気・電子機器>情報通信機器>ビデオ機器・デジタルカメラ
PRCG20_2400540018,export_yen,商品群,3,パーソナルコンピュータ・電子計算機附属装置,False,総平均>電気・電子機器>情報通信機器
PRCG20_2400550039,export_yen,品目,4,パーソナルコンピュータ・外部記憶装置・印刷装置,True,総平均>電気・電子機器>情報通信機器>パーソナルコンピュータ・電子計算機附属装置
PRCG20_2400620001,export_yen,類別,1,輸送用機器,False,総平均
PRCG20_2400630001,export_yen,小類別,2,輸送用機器,False,総平均>輸送用機器
PRCG20_2400640001,export_yen,商品群,3,乗用車,False,総平均>輸送用機器>輸送用機器
PRCG20_2400650001,export_yen,品目,4,乗用車,True,総平均>輸送用機器>輸送用機器>乗用車
PRCG20_2400640002,export_yen,商品群,3,トラック・バス・その他の自動車,False,総平均>輸送用機器>輸送用機器
PRCG20_2400650002,export_yen,品目,4,バス,True,総平均>輸送用機器>輸送用機器>トラック・バス・その他の自動車
PRCG20_2400650003,export_yen,品目,4,トラック,True,総平均>輸送用機器>輸送用機器>トラック・バス・その他の自動車
PRCG20_2400640003,export_yen,商品群,3,二輪自動車,False,総平均>輸送用機器>輸送用機器
PRCG20_2400650004,export_yen,品目,4,二輪自動車,True,総平均>輸送用機器>輸送用機器>二輪自動車
PRCG20_2400640004,export_yen,商品群,3,自動車用内燃機関,False,総平均>輸送用機器>輸送用機器
PRCG20_2400650005,export_yen,品目,4,自動車用内燃機関,True,総平均>輸送用機器>輸送用機器>自動車用内燃機関
PRCG20_2400640005,export_yen,商品群,3,自動車部品,False,総平均>輸送用機器>輸送用機器
PRCG20_2400650006,export_yen,品目,4,駆動・伝導・操縦装置部品,True,総平均>輸送用機器>輸送用機器>自動車部品
PRCG20_2400650007,export_yen,品目,4,懸架・制動装置部品,True,総平均>輸送用機器>輸送用機器>自動車部品
PRCG20_2400650008,export_yen,品目,4,シャシー・車体構成部品,True,総平均>輸送用機器>輸送用機器>自動車部品
PRCG20_2400650009,export_yen,品目,4,カーエアコン部品,True,総平均>輸送用機器>輸送用機器>自動車部品
PRCG20_2400640006,export_yen,商品群,3,鋼船,False,総平均>輸送用機器>輸送用機器
PRCG20_2400650010,export_yen,品目,4,鋼船,True,総平均>輸送用機器>輸送用機器>鋼船
PRCG20_2400640007,export_yen,商品群,3,舶用内燃機関,False,総平均>輸送用機器>輸送用機器
PRCG20_2400650011,export_yen,品目,4,舶用ディーゼル機関,True,総平均>輸送用機器>輸送用機器>舶用内燃機関
PRCG20_2400650012,export_yen,品目,4,船外機,True,総平均>輸送用機器>輸送用機器>舶用内燃機関
PRCG20_2400640008,export_yen,商品群,3,航空機,False,総平均>輸送用機器>輸送用機器
PRCG20_2400650013,export_yen,品目,4,航空機用原動機部品,True,総平均>輸送用機器>輸送用機器>航空機
PRCG20_2400650014,export_yen,品目,4,航空機部品（除原動機）,True,総平均>輸送用機器>輸送用機器>航空機
PRCG20_2400640009,export_yen,商品群,3,自転車,False,総平均>輸送用機器>輸送用機器
PRCG20_2400650015,export_yen,品目,4,自転車部品,True,総平均>輸送用機器>輸送用機器>自転車
PRCG20_2400640010,export_yen,商品群,3,その他の輸送機械,False,総平均>輸送用機器>輸送用機器
PRCG20_2400650016,export_yen,品目,4,フォークリフトトラック・同部品,True,総平均>輸送用機器>輸送用機器>その他の輸送機械
PRCG20_2400720001,export_yen,類別,1,その他産品・製品,False,総平均
PRCG20_2400730001,export_yen,小類別,2,パルプ・紙・同製品,False,総平均>その他産品・製品
PRCG20_2400740001,export_yen,商品群,3,洋紙・和紙,False,総平均>その他産品・製品>パルプ・紙・同製品
PRCG20_2400750001,export_yen,品目,4,印刷用紙,True,総平均>その他産品・製品>パルプ・紙・同製品>洋紙・和紙
PRCG20_2400740002,export_yen,商品群,3,紙製衛生材料・用品,False,総平均>その他産品・製品>パルプ・紙・同製品
PRCG20_2400750002,export_yen,品目,4,紙おむつ,True,総平均>その他産品・製品>パルプ・紙・同製品>紙製衛生材料・用品
PRCG20_2400730002,export_yen,小類別,2,石油・石炭製品,False,総平均>その他産品・製品
PRCG20_2400740003,export_yen,商品群,3,石油製品,False,総平均>その他産品・製品>石油・石炭製品
PRCG20_2400750003,export_yen,品目,4,ガソリン,True,総平均>その他産品・製品>石油・石炭製品>石油製品
PRCG20_2400750004,export_yen,品目,4,ジェット燃料油・灯油,True,総平均>その他産品・製品>石油・石炭製品>石油製品
PRCG20_2400750005,export_yen,品目,4,軽油,True,総平均>その他産品・製品>石油・石炭製品>石油製品
PRCG20_2400750006,export_yen,品目,4,Ｂ重油・Ｃ重油,True,総平均>その他産品・製品>石油・石炭製品>石油製品
PRCG20_2400750007,export_yen,品目,4,潤滑油,True,総平均>その他産品・製品>石油・石炭製品>石油製品
PRCG20_2400730003,export_yen,小類別,2,プラスチック製品,False,総平均>その他産品・製品
PRCG20_2400740004,export_yen,商品群,3,プラスチック製品,False,総平均>その他産品・製品>プラスチック製品
PRCG20_2400750008,export_yen,品目,4,プラスチック積層品,True,総平均>その他産品・製品>プラスチック製品>プラスチック製品
PRCG20_2400750009,export_yen,品目,4,プラスチックフィルム・シート,True,総平均>その他産品・製品>プラスチック製品>プラスチック製品
PRCG20_2400730004,export_yen,小類別,2,窯業・土石製品,False,総平均>その他産品・製品
PRCG20_2400740005,export_yen,商品群,3,板ガラス・安全ガラス,False,総平均>その他産品・製品>窯業・土石製品
PRCG20_2400750010,export_yen,品目,4,板ガラス,True,総平均>その他産品・製品>窯業・土石製品>板ガラス・安全ガラス
PRCG20_2400740006,export_yen,商品群,3,ガラス繊維・同製品,False,総平均>その他産品・製品>窯業・土石製品
PRCG20_2400750011,export_yen,品目,4,ガラス繊維・同製品,True,総平均>その他産品・製品>窯業・土石製品>ガラス繊維・同製品
PRCG20_2400740007,export_yen,商品群,3,その他のガラス製品,False,総平均>その他産品・製品>窯業・土石製品
PRCG20_2400750012,export_yen,品目,4,ガラス製加工素材,True,総平均>その他産品・製品>窯業・土石製品>その他のガラス製品
PRCG20_2400740008,export_yen,商品群,3,セメント,False,総平均>その他産品・製品>窯業・土石製品
PRCG20_2400750013,export_yen,品目,4,セメント,True,総平均>その他産品・製品>窯業・土石製品>セメント
PRCG20_2400740009,export_yen,商品群,3,耐火物,False,総平均>その他産品・製品>窯業・土石製品
PRCG20_2400750014,export_yen,品目,4,耐火物,True,総平均>その他産品・製品>窯業・土石製品>耐火物
PRCG20_2400740010,export_yen,商品群,3,炭素・黒鉛製品,False,総平均>その他産品・製品>窯業・土石製品
PRCG20_2400750015,export_yen,品目,4,炭素・黒鉛製品,True,総平均>その他産品・製品>窯業・土石製品>炭素・黒鉛製品
PRCG20_2400740011,export_yen,商品群,3,研磨材,False,総平均>その他産品・製品>窯業・土石製品
PRCG20_2400750016,export_yen,品目,4,研削と石,True,総平均>その他産品・製品>窯業・土石製品>研磨材
PRCG20_2400730005,export_yen,小類別,2,その他工業製品,False,総平均>その他産品・製品
PRCG20_2400740012,export_yen,商品群,3,タイヤ・チューブ,False,総平均>その他産品・製品>その他工業製品
PRCG20_2400750017,export_yen,品目,4,自動車タイヤ,True,総平均>その他産品・製品>その他工業製品>タイヤ・チューブ
PRCG20_2400750018,export_yen,品目,4,特殊車両用・航空機用タイヤ,True,総平均>その他産品・製品>その他工業製品>タイヤ・チューブ
PRCG20_2400740013,export_yen,商品群,3,その他のゴム製品,False,総平均>その他産品・製品>その他工業製品
PRCG20_2400750019,export_yen,品目,4,ゴムベルト,True,総平均>その他産品・製品>その他工業製品>その他のゴム製品
PRCG20_2400750020,export_yen,品目,4,ゴムホース,True,総平均>その他産品・製品>その他工業製品>その他のゴム製品
PRCG20_2400750021,export_yen,品目,4,ゴム製パッキン,True,総平均>その他産品・製品>その他工業製品>その他のゴム製品
PRCG20_2400740014,export_yen,商品群,3,がん具,False,総平均>その他産品・製品>その他工業製品
PRCG20_2400750022,export_yen,品目,4,がん具,True,総平均>その他産品・製品>その他工業製品>がん具
PRCG20_2400740015,export_yen,商品群,3,運動用品,False,総平均>その他産品・製品>その他工業製品
PRCG20_2400750023,export_yen,品目,4,ゴルフ用具,True,総平均>その他産品・製品>その他工業製品>運動用品
PRCG20_2400740016,export_yen,商品群,3,身辺細貨品,False,総平均>その他産品・製品>その他工業製品
PRCG20_2400750024,export_yen,品目,4,ファスナー・スナップ・針,True,総平均>その他産品・製品>その他工業製品>身辺細貨品
PRCG20_2400740017,export_yen,商品群,3,時計,False,総平均>その他産品・製品>その他工業製品
PRCG20_2400750025,export_yen,品目,4,時計,True,総平均>その他産品・製品>その他工業製品>時計
PRCG20_2400740018,export_yen,商品群,3,楽器,False,総平均>その他産品・製品>その他工業製品
PRCG20_2400750026,export_yen,品目,4,楽器,True,総平均>その他産品・製品>その他工業製品>楽器
PRCG20_2400740019,export_yen,商品群,3,筆記具・文具,False,総平均>その他産品・製品>その他工業製品
PRCG20_2400750027,export_yen,品目,4,筆記具・文具,True,総平均>その他産品・製品>その他工業製品>筆記具・文具
PRCG20_2400740020,export_yen,商品群,3,その他の製造工業製品,False,総平均>その他産品・製品>その他工業製品
PRCG20_2400750028,export_yen,品目,4,眼鏡枠・レンズ,True,総平均>その他産品・製品>その他工業製品>その他の製造工業製品
PRCG20_2400730006,export_yen,小類別,2,古紙,False,総平均>その他産品・製品
PRCG20_2400740021,export_yen,商品群,3,古紙,False,総平均>その他産品・製品>古紙
PRCG20_2400750029,export_yen,品目,4,古紙,True,総平均>その他産品・製品>古紙>古紙
PRCG20_2300000000,export_contract,総平均,0,総平均,False,
PRCG20_2300120001,export_contract,類別,1,繊維品,False,総平均
PRCG20_2300130001,export_contract,小類別,2,繊維製品,False,総平均>繊維品
PRCG20_2300140001,export_contract,商品群,3,織物,False,総平均>繊維品>繊維製品
PRCG20_2300150001,export_contract,品目,4,織物,True,総平均>繊維品>繊維製品>織物
PRCG20_2300140002,export_contract,商品群,3,その他の繊維工業製品,False,総平均>繊維品>繊維製品
PRCG20_2300150002,export_contract,品目,4,フェルト生地・不織布,True,総平均>繊維品>繊維製品>その他の繊維工業製品
PRCG20_2300220001,export_contract,類別,1,化学製品,False,総平均
PRCG20_2300230001,export_contract,小類別,2,化学製品,False,総平均>化学製品
PRCG20_2300240001,export_contract,商品群,3,ソーダ工業製品,False,総平均>化学製品>化学製品
PRCG20_2300250001,export_contract,品目,4,か性ソーダ,True,総平均>化学製品>化学製品>ソーダ工業製品
PRCG20_2300240002,export_contract,商品群,3,無機顔料,False,総平均>化学製品>化学製品
PRCG20_2300250002,export_contract,品目,4,酸化チタン,True,総平均>化学製品>化学製品>無機顔料
PRCG20_2300240003,export_contract,商品群,3,その他の無機化学工業製品,False,総平均>化学製品>化学製品
PRCG20_2300250003,export_contract,品目,4,二酸化けい素,True,総平均>化学製品>化学製品>その他の無機化学工業製品
PRCG20_2300240004,export_contract,商品群,3,石油化学基礎製品,False,総平均>化学製品>化学製品
PRCG20_2300250004,export_contract,品目,4,エチレン,True,総平均>化学製品>化学製品>石油化学基礎製品
PRCG20_2300250005,export_contract,品目,4,プロピレン,True,総平均>化学製品>化学製品>石油化学基礎製品
PRCG20_2300240005,export_contract,商品群,3,石油化学系芳香族製品,False,総平均>化学製品>化学製品
PRCG20_2300250006,export_contract,品目,4,ベンゼン,True,総平均>化学製品>化学製品>石油化学系芳香族製品
PRCG20_2300250007,export_contract,品目,4,トルエン,True,総平均>化学製品>化学製品>石油化学系芳香族製品
PRCG20_2300240006,export_contract,商品群,3,脂肪族中間物,False,総平均>化学製品>化学製品
PRCG20_2300250008,export_contract,品目,4,塩化ビニルモノマー,True,総平均>化学製品>化学製品>脂肪族中間物
PRCG20_2300250009,export_contract,品目,4,メチルメタクリレート,True,総平均>化学製品>化学製品>脂肪族中間物
PRCG20_2300240007,export_contract,商品群,3,環式中間物・合成染料・有機顔料,False,総平均>化学製品>化学製品
PRCG20_2300250010,export_contract,品目,4,スチレンモノマー,True,総平均>化学製品>化学製品>環式中間物・合成染料・有機顔料
PRCG20_2300250011,export_contract,品目,4,トルイレンジイソシアネート,True,総平均>化学製品>化学製品>環式中間物・合成染料・有機顔料
PRCG20_2300250012,export_contract,品目,4,カプロラクタム,True,総平均>化学製品>化学製品>環式中間物・合成染料・有機顔料
PRCG20_2300250013,export_contract,品目,4,フェノール・ビスフェノールＡ,True,総平均>化学製品>化学製品>環式中間物・合成染料・有機顔料
PRCG20_2300250014,export_contract,品目,4,ジフェニルメタンジイソシアネート,True,総平均>化学製品>化学製品>環式中間物・合成染料・有機顔料
PRCG20_2300250015,export_contract,品目,4,パラキシレン,True,総平均>化学製品>化学製品>環式中間物・合成染料・有機顔料
PRCG20_2300250016,export_contract,品目,4,合成染料,True,総平均>化学製品>化学製品>環式中間物・合成染料・有機顔料
PRCG20_2300240008,export_contract,商品群,3,合成ゴム,False,総平均>化学製品>化学製品
PRCG20_2300250017,export_contract,品目,4,合成ゴム,True,総平均>化学製品>化学製品>合成ゴム
PRCG20_2300240009,export_contract,商品群,3,熱硬化性樹脂,False,総平均>化学製品>化学製品
PRCG20_2300250018,export_contract,品目,4,フェノール樹脂,True,総平均>化学製品>化学製品>熱硬化性樹脂
PRCG20_2300250019,export_contract,品目,4,エポキシ樹脂,True,総平均>化学製品>化学製品>熱硬化性樹脂
PRCG20_2300250020,export_contract,品目,4,シリコーン,True,総平均>化学製品>化学製品>熱硬化性樹脂
PRCG20_2300240010,export_contract,商品群,3,熱可塑性樹脂,False,総平均>化学製品>化学製品
PRCG20_2300250021,export_contract,品目,4,ポリエチレン,False,総平均>化学製品>化学製品>熱可塑性樹脂
PRCG20_2300250022,export_contract,品目,4,ポリスチレン,False,総平均>化学製品>化学製品>熱可塑性樹脂
PRCG20_2300250023,export_contract,品目,4,ポリプロピレン,True,総平均>化学製品>化学製品>熱可塑性樹脂
PRCG20_2300250024,export_contract,品目,4,塩化ビニル樹脂,True,総平均>化学製品>化学製品>熱可塑性樹脂
PRCG20_2300240011,export_contract,商品群,3,高機能性樹脂,False,総平均>化学製品>化学製品
PRCG20_2300250025,export_contract,品目,4,飽和ポリエステル樹脂,True,総平均>化学製品>化学製品>高機能性樹脂
PRCG20_2300250026,export_contract,品目,4,ポリアミド樹脂,True,総平均>化学製品>化学製品>高機能性樹脂
PRCG20_2300250027,export_contract,品目,4,ポリカーボネート,True,総平均>化学製品>化学製品>高機能性樹脂
PRCG20_2300240012,export_contract,商品群,3,その他の合成樹脂,False,総平均>化学製品>化学製品
PRCG20_2300250028,export_contract,品目,4,ポリビニルアルコール,True,総平均>化学製品>化学製品>その他の合成樹脂
PRCG20_2300250029,export_contract,品目,4,フッ素樹脂,True,総平均>化学製品>化学製品>その他の合成樹脂
PRCG20_2300240013,export_contract,商品群,3,化学繊維,False,総平均>化学製品>化学製品
PRCG20_2300250030,export_contract,品目,4,化学繊維,True,総平均>化学製品>化学製品>化学繊維
PRCG20_2300240014,export_contract,商品群,3,医薬品,False,総平均>化学製品>化学製品
PRCG20_2300250031,export_contract,品目,4,医薬品（除動物用）,True,総平均>化学製品>化学製品>医薬品
PRCG20_2300240015,export_contract,商品群,3,油脂加工製品・界面活性剤,False,総平均>化学製品>化学製品
PRCG20_2300250032,export_contract,品目,4,界面活性剤,True,総平均>化学製品>化学製品>油脂加工製品・界面活性剤
PRCG20_2300240016,export_contract,商品群,3,化粧品・歯磨,False,総平均>化学製品>化学製品
PRCG20_2300250033,export_contract,品目,4,化粧品・歯磨,True,総平均>化学製品>化学製品>化粧品・歯磨
PRCG20_2300240017,export_contract,商品群,3,塗料,False,総平均>化学製品>化学製品
PRCG20_2300250034,export_contract,品目,4,塗料,True,総平均>化学製品>化学製品>塗料
PRCG20_2300240018,export_contract,商品群,3,印刷インキ,False,総平均>化学製品>化学製品
PRCG20_2300250035,export_contract,品目,4,印刷インキ,True,総平均>化学製品>化学製品>印刷インキ
PRCG20_2300240019,export_contract,商品群,3,農薬,False,総平均>化学製品>化学製品
PRCG20_2300250036,export_contract,品目,4,農薬,True,総平均>化学製品>化学製品>農薬
PRCG20_2300240020,export_contract,商品群,3,ゼラチン・接着剤,False,総平均>化学製品>化学製品
PRCG20_2300250037,export_contract,品目,4,接着剤,True,総平均>化学製品>化学製品>ゼラチン・接着剤
PRCG20_2300240021,export_contract,商品群,3,写真感光材料,False,総平均>化学製品>化学製品
PRCG20_2300250038,export_contract,品目,4,写真感光材料,True,総平均>化学製品>化学製品>写真感光材料
PRCG20_2300240022,export_contract,商品群,3,その他の化学最終製品,False,総平均>化学製品>化学製品
PRCG20_2300250039,export_contract,品目,4,触媒,False,総平均>化学製品>化学製品>その他の化学最終製品
PRCG20_2300250040,export_contract,品目,4,香料,True,総平均>化学製品>化学製品>その他の化学最終製品
PRCG20_2300320001,export_contract,類別,1,金属・同製品,False,総平均
PRCG20_2300330001,export_contract,小類別,2,鉄鋼,False,総平均>金属・同製品
PRCG20_2300340001,export_contract,商品群,3,フェロアロイ,False,総平均>金属・同製品>鉄鋼
PRCG20_2300350001,export_contract,品目,4,フェロニッケル,True,総平均>金属・同製品>鉄鋼>フェロアロイ
PRCG20_2300340002,export_contract,商品群,3,熱間圧延鋼材,False,総平均>金属・同製品>鉄鋼
PRCG20_2300350002,export_contract,品目,4,普通鋼半製品,True,総平均>金属・同製品>鉄鋼>熱間圧延鋼材
PRCG20_2300350003,export_contract,品目,4,形鋼,True,総平均>金属・同製品>鉄鋼>熱間圧延鋼材
PRCG20_2300350004,export_contract,品目,4,線材,True,総平均>金属・同製品>鉄鋼>熱間圧延鋼材
PRCG20_2300350005,export_contract,品目,4,厚中板,True,総平均>金属・同製品>鉄鋼>熱間圧延鋼材
PRCG20_2300350006,export_contract,品目,4,熱延広幅帯鋼,True,総平均>金属・同製品>鉄鋼>熱間圧延鋼材
PRCG20_2300350007,export_contract,品目,4,構造用鋼,True,総平均>金属・同製品>鉄鋼>熱間圧延鋼材
PRCG20_2300350008,export_contract,品目,4,特殊用途鋼,False,総平均>金属・同製品>鉄鋼>熱間圧延鋼材
PRCG20_2300340003,export_contract,商品群,3,鋼管,False,総平均>金属・同製品>鉄鋼
PRCG20_2300350009,export_contract,品目,4,普通鋼鋼管,True,総平均>金属・同製品>鉄鋼>鋼管
PRCG20_2300350010,export_contract,品目,4,ステンレス鋼管,True,総平均>金属・同製品>鉄鋼>鋼管
PRCG20_2300340004,export_contract,商品群,3,冷間仕上鋼材,False,総平均>金属・同製品>鉄鋼
PRCG20_2300350011,export_contract,品目,4,磨棒鋼,True,総平均>金属・同製品>鉄鋼>冷間仕上鋼材
PRCG20_2300350012,export_contract,品目,4,冷延電気鋼帯・広幅帯鋼,False,総平均>金属・同製品>鉄鋼>冷間仕上鋼材
PRCG20_2300350013,export_contract,品目,4,ステンレス冷延鋼板,True,総平均>金属・同製品>鉄鋼>冷間仕上鋼材
PRCG20_2300340005,export_contract,商品群,3,めっき鋼材,False,総平均>金属・同製品>鉄鋼
PRCG20_2300350014,export_contract,品目,4,亜鉛めっき鋼板,False,総平均>金属・同製品>鉄鋼>めっき鋼材
PRCG20_2300350015,export_contract,品目,4,ブリキ・クロムめっき鋼板,True,総平均>金属・同製品>鉄鋼>めっき鋼材
PRCG20_2300330002,export_contract,小類別,2,非鉄金属,False,総平均>金属・同製品
PRCG20_2300340006,export_contract,商品群,3,銅,False,総平均>金属・同製品>非鉄金属
PRCG20_2300350016,export_contract,品目,4,銅,True,総平均>金属・同製品>非鉄金属>銅
PRCG20_2300340007,export_contract,商品群,3,その他の非鉄金属地金,False,総平均>金属・同製品>非鉄金属
PRCG20_2300350017,export_contract,品目,4,金地金,True,総平均>金属・同製品>非鉄金属>その他の非鉄金属地金
PRCG20_2300340008,export_contract,商品群,3,伸銅品,False,総平均>金属・同製品>非鉄金属
PRCG20_2300350018,export_contract,品目,4,銅伸銅品,True,総平均>金属・同製品>非鉄金属>伸銅品
PRCG20_2300340009,export_contract,商品群,3,アルミ圧延製品,False,総平均>金属・同製品>非鉄金属
PRCG20_2300350019,export_contract,品目,4,アルミ圧延製品,True,総平均>金属・同製品>非鉄金属>アルミ圧延製品
PRCG20_2300340010,export_contract,商品群,3,その他の非鉄金属製品,False,総平均>金属・同製品>非鉄金属
PRCG20_2300350020,export_contract,品目,4,貴金属展伸材,True,総平均>金属・同製品>非鉄金属>その他の非鉄金属製品
PRCG20_2300330003,export_contract,小類別,2,金属製品,False,総平均>金属・同製品
PRCG20_2300340011,export_contract,商品群,3,ガス・石油機器・暖房・調理装置,False,総平均>金属・同製品>金属製品
PRCG20_2300350021,export_contract,品目,4,ガス・石油機器,True,総平均>金属・同製品>金属製品>ガス・石油機器・暖房・調理装置
PRCG20_2300340012,export_contract,商品群,3,ボルト・ナット・リベット・スプリング,False,総平均>金属・同製品>金属製品
PRCG20_2300350022,export_contract,品目,4,ボルト・ナット・ねじ,True,総平均>金属・同製品>金属製品>ボルト・ナット・リベット・スプリング
PRCG20_2300340013,export_contract,商品群,3,配管工事附属品・粉末や金製品・道具類,False,総平均>金属・同製品>金属製品
PRCG20_2300350023,export_contract,品目,4,粉末や金製品,True,総平均>金属・同製品>金属製品>配管工事附属品・粉末や金製品・道具類
PRCG20_2300340014,export_contract,商品群,3,その他の金属製品,False,総平均>金属・同製品>金属製品
PRCG20_2300350024,export_contract,品目,4,錠・かぎ・建築用金物,True,総平均>金属・同製品>金属製品>その他の金属製品
PRCG20_2300330004,export_contract,小類別,2,鉄屑,False,総平均>金属・同製品
PRCG20_2300340015,export_contract,商品群,3,鉄屑,False,総平均>金属・同製品>鉄屑
PRCG20_2300350025,export_contract,品目,4,鉄屑,True,総平均>金属・同製品>鉄屑>鉄屑
PRCG20_2300330005,export_contract,小類別,2,非鉄金属屑,False,総平均>金属・同製品
PRCG20_2300340016,export_contract,商品群,3,非鉄金属屑,False,総平均>金属・同製品>非鉄金属屑
PRCG20_2300350026,export_contract,品目,4,銅屑,True,総平均>金属・同製品>非鉄金属屑>非鉄金属屑
PRCG20_2300420001,export_contract,類別,1,はん用・生産用・業務用機器,False,総平均
PRCG20_2300430001,export_contract,小類別,2,はん用機器,False,総平均>はん用・生産用・業務用機器
PRCG20_2300440001,export_contract,商品群,3,タービン,False,総平均>はん用・生産用・業務用機器>はん用機器
PRCG20_2300450001,export_contract,品目,4,タービン,True,総平均>はん用・生産用・業務用機器>はん用機器>タービン
PRCG20_2300440002,export_contract,商品群,3,原動機,False,総平均>はん用・生産用・業務用機器>はん用機器
PRCG20_2300450002,export_contract,品目,4,はん用内燃機関,True,総平均>はん用・生産用・業務用機器>はん用機器>原動機
PRCG20_2300440003,export_contract,商品群,3,ポンプ・圧縮機,False,総平均>はん用・生産用・業務用機器>はん用機器
PRCG20_2300450003,export_contract,品目,4,ポンプ,True,総平均>はん用・生産用・業務用機器>はん用機器>ポンプ・圧縮機
PRCG20_2300450004,export_contract,品目,4,圧縮機,False,総平均>はん用・生産用・業務用機器>はん用機器>ポンプ・圧縮機
PRCG20_2300450005,export_contract,品目,4,油空圧機器,True,総平均>はん用・生産用・業務用機器>はん用機器>ポンプ・圧縮機
PRCG20_2300440004,export_contract,商品群,3,冷凍機・温湿調整装置,False,総平均>はん用・生産用・業務用機器>はん用機器
PRCG20_2300450006,export_contract,品目,4,業務用エアコン,True,総平均>はん用・生産用・業務用機器>はん用機器>冷凍機・温湿調整装置
PRCG20_2300440005,export_contract,商品群,3,ベアリング,False,総平均>はん用・生産用・業務用機器>はん用機器
PRCG20_2300450007,export_contract,品目,4,玉軸受,True,総平均>はん用・生産用・業務用機器>はん用機器>ベアリング
PRCG20_2300450008,export_contract,品目,4,ころ軸受,True,総平均>はん用・生産用・業務用機器>はん用機器>ベアリング
PRCG20_2300440006,export_contract,商品群,3,その他のはん用機械,False,総平均>はん用・生産用・業務用機器>はん用機器
PRCG20_2300450009,export_contract,品目,4,動力伝導装置,True,総平均>はん用・生産用・業務用機器>はん用機器>その他のはん用機械
PRCG20_2300450010,export_contract,品目,4,バルブ,True,総平均>はん用・生産用・業務用機器>はん用機器>その他のはん用機械
PRCG20_2300430002,export_contract,小類別,2,生産用機器,False,総平均>はん用・生産用・業務用機器
PRCG20_2300440007,export_contract,商品群,3,農業用機械,False,総平均>はん用・生産用・業務用機器>生産用機器
PRCG20_2300450011,export_contract,品目,4,農業用トラクタ,True,総平均>はん用・生産用・業務用機器>生産用機器>農業用機械
PRCG20_2300440008,export_contract,商品群,3,建設・鉱山機械,False,総平均>はん用・生産用・業務用機器>生産用機器
PRCG20_2300450012,export_contract,品目,4,掘さく機,True,総平均>はん用・生産用・業務用機器>生産用機器>建設・鉱山機械
PRCG20_2300450013,export_contract,品目,4,建設用クレーン,True,総平均>はん用・生産用・業務用機器>生産用機器>建設・鉱山機械
PRCG20_2300450014,export_contract,品目,4,建設用トラクタ,True,総平均>はん用・生産用・業務用機器>生産用機器>建設・鉱山機械
PRCG20_2300440009,export_contract,商品群,3,繊維機械,False,総平均>はん用・生産用・業務用機器>生産用機器
PRCG20_2300450015,export_contract,品目,4,繊維機械,True,総平均>はん用・生産用・業務用機器>生産用機器>繊維機械
PRCG20_2300440010,export_contract,商品群,3,生活関連産業用機械,False,総平均>はん用・生産用・業務用機器>生産用機器
PRCG20_2300450016,export_contract,品目,4,印刷関連機械,True,総平均>はん用・生産用・業務用機器>生産用機器>生活関連産業用機械
PRCG20_2300450017,export_contract,品目,4,包装・荷造機械,True,総平均>はん用・生産用・業務用機器>生産用機器>生活関連産業用機械
PRCG20_2300440011,export_contract,商品群,3,鋳造装置・プラスチック加工機械,False,総平均>はん用・生産用・業務用機器>生産用機器
PRCG20_2300450018,export_contract,品目,4,プラスチック加工機械,True,総平均>はん用・生産用・業務用機器>生産用機器>鋳造装置・プラスチック加工機械
PRCG20_2300440012,export_contract,商品群,3,金属工作機械,False,総平均>はん用・生産用・業務用機器>生産用機器
PRCG20_2300450019,export_contract,品目,4,旋盤,True,総平均>はん用・生産用・業務用機器>生産用機器>金属工作機械
PRCG20_2300450020,export_contract,品目,4,研削盤,True,総平均>はん用・生産用・業務用機器>生産用機器>金属工作機械
PRCG20_2300450021,export_contract,品目,4,マシニングセンタ,True,総平均>はん用・生産用・業務用機器>生産用機器>金属工作機械
PRCG20_2300440013,export_contract,商品群,3,金属加工機械,False,総平均>はん用・生産用・業務用機器>生産用機器
PRCG20_2300450022,export_contract,品目,4,プレス機械,True,総平均>はん用・生産用・業務用機器>生産用機器>金属加工機械
PRCG20_2300440014,export_contract,商品群,3,機械工具,False,総平均>はん用・生産用・業務用機器>生産用機器
PRCG20_2300450023,export_contract,品目,4,機械工具,True,総平均>はん用・生産用・業務用機器>生産用機器>機械工具
PRCG20_2300440015,export_contract,商品群,3,半導体製造装置,False,総平均>はん用・生産用・業務用機器>生産用機器
PRCG20_2300450024,export_contract,品目,4,半導体製造装置（除フラットパネルディスプレイ製造装置）,True,総平均>はん用・生産用・業務用機器>生産用機器>半導体製造装置
PRCG20_2300450025,export_contract,品目,4,フラットパネルディスプレイ製造装置,True,総平均>はん用・生産用・業務用機器>生産用機器>半導体製造装置
PRCG20_2300440016,export_contract,商品群,3,ロボット,False,総平均>はん用・生産用・業務用機器>生産用機器
PRCG20_2300450026,export_contract,品目,4,ロボット,True,総平均>はん用・生産用・業務用機器>生産用機器>ロボット
PRCG20_2300430003,export_contract,小類別,2,業務用機器,False,総平均>はん用・生産用・業務用機器
PRCG20_2300440017,export_contract,商品群,3,計測機器,False,総平均>はん用・生産用・業務用機器>業務用機器
PRCG20_2300450027,export_contract,品目,4,精密測定器,True,総平均>はん用・生産用・業務用機器>業務用機器>計測機器
PRCG20_2300450028,export_contract,品目,4,分析機器,True,総平均>はん用・生産用・業務用機器>業務用機器>計測機器
PRCG20_2300440018,export_contract,商品群,3,医療用機械器具,False,総平均>はん用・生産用・業務用機器>業務用機器
PRCG20_2300450029,export_contract,品目,4,医療用機器,True,総平均>はん用・生産用・業務用機器>業務用機器>医療用機械器具
PRCG20_2300440019,export_contract,商品群,3,光学機械・レンズ,False,総平均>はん用・生産用・業務用機器>業務用機器
PRCG20_2300450030,export_contract,品目,4,顕微鏡・拡大鏡,True,総平均>はん用・生産用・業務用機器>業務用機器>光学機械・レンズ
PRCG20_2300450031,export_contract,品目,4,カメラ用交換レンズ,True,総平均>はん用・生産用・業務用機器>業務用機器>光学機械・レンズ
PRCG20_2300450032,export_contract,品目,4,光学レンズ,True,総平均>はん用・生産用・業務用機器>業務用機器>光学機械・レンズ
PRCG20_2300520001,export_contract,類別,1,電気・電子機器,False,総平均
PRCG20_2300530001,export_contract,小類別,2,電子部品・デバイス,False,総平均>電気・電子機器
PRCG20_2300540001,export_contract,商品群,3,半導体素子,False,総平均>電気・電子機器>電子部品・デバイス
PRCG20_2300550001,export_contract,品目,4,光電変換素子,True,総平均>電気・電子機器>電子部品・デバイス>半導体素子
PRCG20_2300550002,export_contract,品目,4,ダイオード・整流素子,True,総平均>電気・電子機器>電子部品・デバイス>半導体素子
PRCG20_2300550003,export_contract,品目,4,トランジスタ,True,総平均>電気・電子機器>電子部品・デバイス>半導体素子
PRCG20_2300540002,export_contract,商品群,3,集積回路,False,総平均>電気・電子機器>電子部品・デバイス
PRCG20_2300550004,export_contract,品目,4,線形回路・混成集積回路,True,総平均>電気・電子機器>電子部品・デバイス>集積回路
PRCG20_2300550005,export_contract,品目,4,モス型集積回路（除モス型メモリ集積回路）,True,総平均>電気・電子機器>電子部品・デバイス>集積回路
PRCG20_2300550006,export_contract,品目,4,モス型メモリ集積回路,True,総平均>電気・電子機器>電子部品・デバイス>集積回路
PRCG20_2300540003,export_contract,商品群,3,液晶パネル,False,総平均>電気・電子機器>電子部品・デバイス
PRCG20_2300550007,export_contract,品目,4,液晶パネル,True,総平均>電気・電子機器>電子部品・デバイス>液晶パネル
PRCG20_2300540004,export_contract,商品群,3,電子回路,False,総平均>電気・電子機器>電子部品・デバイス
PRCG20_2300550008,export_contract,品目,4,プリント配線板,True,総平均>電気・電子機器>電子部品・デバイス>電子回路
PRCG20_2300540005,export_contract,商品群,3,その他の電子部品,False,総平均>電気・電子機器>電子部品・デバイス
PRCG20_2300550009,export_contract,品目,4,電子機器用抵抗器,True,総平均>電気・電子機器>電子部品・デバイス>その他の電子部品
PRCG20_2300550010,export_contract,品目,4,電子機器用コンデンサ,True,総平均>電気・電子機器>電子部品・デバイス>その他の電子部品
PRCG20_2300550011,export_contract,品目,4,電子機器用変成器,True,総平均>電気・電子機器>電子部品・デバイス>その他の電子部品
PRCG20_2300550012,export_contract,品目,4,電子機器用コネクタ,True,総平均>電気・電子機器>電子部品・デバイス>その他の電子部品
PRCG20_2300550013,export_contract,品目,4,電子機器用スイッチ,True,総平均>電気・電子機器>電子部品・デバイス>その他の電子部品
PRCG20_2300550014,export_contract,品目,4,ユニット部品,True,総平均>電気・電子機器>電子部品・デバイス>その他の電子部品
PRCG20_2300550015,export_contract,品目,4,水晶振動子,True,総平均>電気・電子機器>電子部品・デバイス>その他の電子部品
PRCG20_2300550016,export_contract,品目,4,シリコンウエハ,True,総平均>電気・電子機器>電子部品・デバイス>その他の電子部品
PRCG20_2300550017,export_contract,品目,4,圧電機能素子・フィルタ,True,総平均>電気・電子機器>電子部品・デバイス>その他の電子部品
PRCG20_2300550018,export_contract,品目,4,センサデバイス,False,総平均>電気・電子機器>電子部品・デバイス>その他の電子部品
PRCG20_2300530002,export_contract,小類別,2,電気機器,False,総平均>電気・電子機器
PRCG20_2300540006,export_contract,商品群,3,回転電気機械,False,総平均>電気・電子機器>電気機器
PRCG20_2300550019,export_contract,品目,4,発電機,True,総平均>電気・電子機器>電気機器>回転電気機械
PRCG20_2300550020,export_contract,品目,4,電動機,True,総平均>電気・電子機器>電気機器>回転電気機械
PRCG20_2300540007,export_contract,商品群,3,配線器具,False,総平均>電気・電子機器>電気機器
PRCG20_2300550021,export_contract,品目,4,配線器具,True,総平均>電気・電子機器>電気機器>配線器具
PRCG20_2300540008,export_contract,商品群,3,内燃機関電装品,False,総平均>電気・電子機器>電気機器
PRCG20_2300550022,export_contract,品目,4,充電発電機,True,総平均>電気・電子機器>電気機器>内燃機関電装品
PRCG20_2300550023,export_contract,品目,4,始動電動機,True,総平均>電気・電子機器>電気機器>内燃機関電装品
PRCG20_2300550024,export_contract,品目,4,点火プラグ,True,総平均>電気・電子機器>電気機器>内燃機関電装品
PRCG20_2300540009,export_contract,商品群,3,その他の産業用電気機器,False,総平均>電気・電子機器>電気機器
PRCG20_2300550025,export_contract,品目,4,電気溶接機,True,総平均>電気・電子機器>電気機器>その他の産業用電気機器
PRCG20_2300550026,export_contract,品目,4,電力変換装置,True,総平均>電気・電子機器>電気機器>その他の産業用電気機器
PRCG20_2300540010,export_contract,商品群,3,民生用電気機器,False,総平均>電気・電子機器>電気機器
PRCG20_2300550027,export_contract,品目,4,民生用電気機器,True,総平均>電気・電子機器>電気機器>民生用電気機器
PRCG20_2300540011,export_contract,商品群,3,電子応用装置,False,総平均>電気・電子機器>電気機器
PRCG20_2300550028,export_contract,品目,4,Ｘ線装置・医療用電子応用装置,True,総平均>電気・電子機器>電気機器>電子応用装置
PRCG20_2300540012,export_contract,商品群,3,電気計測器,False,総平均>電気・電子機器>電気機器
PRCG20_2300550029,export_contract,品目,4,電気測定器,True,総平均>電気・電子機器>電気機器>電気計測器
PRCG20_2300550030,export_contract,品目,4,半導体・ＩＣ測定器,True,総平均>電気・電子機器>電気機器>電気計測器
PRCG20_2300550031,export_contract,品目,4,工業計器,True,総平均>電気・電子機器>電気機器>電気計測器
PRCG20_2300540013,export_contract,商品群,3,電球類,False,総平均>電気・電子機器>電気機器
PRCG20_2300550032,export_contract,品目,4,電球類,True,総平均>電気・電子機器>電気機器>電球類
PRCG20_2300540014,export_contract,商品群,3,電気照明器具,False,総平均>電気・電子機器>電気機器
PRCG20_2300550033,export_contract,品目,4,電気照明器具,True,総平均>電気・電子機器>電気機器>電気照明器具
PRCG20_2300540015,export_contract,商品群,3,電池,False,総平均>電気・電子機器>電気機器
PRCG20_2300550034,export_contract,品目,4,アルカリ蓄電池,True,総平均>電気・電子機器>電気機器>電池
PRCG20_2300550035,export_contract,品目,4,リチウムイオン蓄電池,True,総平均>電気・電子機器>電気機器>電池
PRCG20_2300550036,export_contract,品目,4,乾電池,True,総平均>電気・電子機器>電気機器>電池
PRCG20_2300530003,export_contract,小類別,2,情報通信機器,False,総平均>電気・電子機器
PRCG20_2300540016,export_contract,商品群,3,無線電気通信機器,False,総平均>電気・電子機器>情報通信機器
PRCG20_2300550037,export_contract,品目,4,無線電気通信機器,True,総平均>電気・電子機器>情報通信機器>無線電気通信機器
PRCG20_2300540017,export_contract,商品群,3,ビデオ機器・デジタルカメラ,False,総平均>電気・電子機器>情報通信機器
PRCG20_2300550038,export_contract,品目,4,ビデオ機器・デジタルカメラ,True,総平均>電気・電子機器>情報通信機器>ビデオ機器・デジタルカメラ
PRCG20_2300540018,export_contract,商品群,3,パーソナルコンピュータ・電子計算機附属装置,False,総平均>電気・電子機器>情報通信機器
PRCG20_2300550039,export_contract,品目,4,パーソナルコンピュータ・外部記憶装置・印刷装置,True,総平均>電気・電子機器>情報通信機器>パーソナルコンピュータ・電子計算機附属装置
PRCG20_2300620001,export_contract,類別,1,輸送用機器,False,総平均
PRCG20_2300630001,export_contract,小類別,2,輸送用機器,False,総平均>輸送用機器
PRCG20_2300640001,export_contract,商品群,3,乗用車,False,総平均>輸送用機器>輸送用機器
PRCG20_2300650001,export_contract,品目,4,乗用車,True,総平均>輸送用機器>輸送用機器>乗用車
PRCG20_2300640002,export_contract,商品群,3,トラック・バス・その他の自動車,False,総平均>輸送用機器>輸送用機器
PRCG20_2300650002,export_contract,品目,4,バス,True,総平均>輸送用機器>輸送用機器>トラック・バス・その他の自動車
PRCG20_2300650003,export_contract,品目,4,トラック,True,総平均>輸送用機器>輸送用機器>トラック・バス・その他の自動車
PRCG20_2300640003,export_contract,商品群,3,二輪自動車,False,総平均>輸送用機器>輸送用機器
PRCG20_2300650004,export_contract,品目,4,二輪自動車,True,総平均>輸送用機器>輸送用機器>二輪自動車
PRCG20_2300640004,export_contract,商品群,3,自動車用内燃機関,False,総平均>輸送用機器>輸送用機器
PRCG20_2300650005,export_contract,品目,4,自動車用内燃機関,True,総平均>輸送用機器>輸送用機器>自動車用内燃機関
PRCG20_2300640005,export_contract,商品群,3,自動車部品,False,総平均>輸送用機器>輸送用機器
PRCG20_2300650006,export_contract,品目,4,駆動・伝導・操縦装置部品,True,総平均>輸送用機器>輸送用機器>自動車部品
PRCG20_2300650007,export_contract,品目,4,懸架・制動装置部品,True,総平均>輸送用機器>輸送用機器>自動車部品
PRCG20_2300650008,export_contract,品目,4,シャシー・車体構成部品,True,総平均>輸送用機器>輸送用機器>自動車部品
PRCG20_2300650009,export_contract,品目,4,カーエアコン部品,True,総平均>輸送用機器>輸送用機器>自動車部品
PRCG20_2300640006,export_contract,商品群,3,鋼船,False,総平均>輸送用機器>輸送用機器
PRCG20_2300650010,export_contract,品目,4,鋼船,True,総平均>輸送用機器>輸送用機器>鋼船
PRCG20_2300640007,export_contract,商品群,3,舶用内燃機関,False,総平均>輸送用機器>輸送用機器
PRCG20_2300650011,export_contract,品目,4,舶用ディーゼル機関,True,総平均>輸送用機器>輸送用機器>舶用内燃機関
PRCG20_2300650012,export_contract,品目,4,船外機,True,総平均>輸送用機器>輸送用機器>舶用内燃機関
PRCG20_2300640008,export_contract,商品群,3,航空機,False,総平均>輸送用機器>輸送用機器
PRCG20_2300650013,export_contract,品目,4,航空機用原動機部品,True,総平均>輸送用機器>輸送用機器>航空機
PRCG20_2300650014,export_contract,品目,4,航空機部品（除原動機）,True,総平均>輸送用機器>輸送用機器>航空機
PRCG20_2300640009,export_contract,商品群,3,自転車,False,総平均>輸送用機器>輸送用機器
PRCG20_2300650015,export_contract,品目,4,自転車部品,True,総平均>輸送用機器>輸送用機器>自転車
PRCG20_2300640010,export_contract,商品群,3,その他の輸送機械,False,総平均>輸送用機器>輸送用機器
PRCG20_2300650016,export_contract,品目,4,フォークリフトトラック・同部品,True,総平均>輸送用機器>輸送用機器>その他の輸送機械
PRCG20_2300720001,export_contract,類別,1,その他産品・製品,False,総平均
PRCG20_2300730001,export_contract,小類別,2,パルプ・紙・同製品,False,総平均>その他産品・製品
PRCG20_2300740001,export_contract,商品群,3,洋紙・和紙,False,総平均>その他産品・製品>パルプ・紙・同製品
PRCG20_2300750001,export_contract,品目,4,印刷用紙,True,総平均>その他産品・製品>パルプ・紙・同製品>洋紙・和紙
PRCG20_2300740002,export_contract,商品群,3,紙製衛生材料・用品,False,総平均>その他産品・製品>パルプ・紙・同製品
PRCG20_2300750002,export_contract,品目,4,紙おむつ,True,総平均>その他産品・製品>パルプ・紙・同製品>紙製衛生材料・用品
PRCG20_2300730002,export_contract,小類別,2,石油・石炭製品,False,総平均>その他産品・製品
PRCG20_2300740003,export_contract,商品群,3,石油製品,False,総平均>その他産品・製品>石油・石炭製品
PRCG20_2300750003,export_contract,品目,4,ガソリン,True,総平均>その他産品・製品>石油・石炭製品>石油製品
PRCG20_2300750004,export_contract,品目,4,ジェット燃料油・灯油,True,総平均>その他産品・製品>石油・石炭製品>石油製品
PRCG20_2300750005,export_contract,品目,4,軽油,True,総平均>その他産品・製品>石油・石炭製品>石油製品
PRCG20_2300750006,export_contract,品目,4,Ｂ重油・Ｃ重油,True,総平均>その他産品・製品>石油・石炭製品>石油製品
PRCG20_2300750007,export_contract,品目,4,潤滑油,True,総平均>その他産品・製品>石油・石炭製品>石油製品
PRCG20_2300730003,export_contract,小類別,2,プラスチック製品,False,総平均>その他産品・製品
PRCG20_2300740004,export_contract,商品群,3,プラスチック製品,False,総平均>その他産品・製品>プラスチック製品
PRCG20_2300750008,export_contract,品目,4,プラスチック積層品,True,総平均>その他産品・製品>プラスチック製品>プラスチック製品
PRCG20_2300750009,export_contract,品目,4,プラスチックフィルム・シート,True,総平均>その他産品・製品>プラスチック製品>プラスチック製品
PRCG20_2300730004,export_contract,小類別,2,窯業・土石製品,False,総平均>その他産品・製品
PRCG20_2300740005,export_contract,商品群,3,板ガラス・安全ガラス,False,総平均>その他産品・製品>窯業・土石製品
PRCG20_2300750010,export_contract,品目,4,板ガラス,True,総平均>その他産品・製品>窯業・土石製品>板ガラス・安全ガラス
PRCG20_2300740006,export_contract,商品群,3,ガラス繊維・同製品,False,総平均>その他産品・製品>窯業・土石製品
PRCG20_2300750011,export_contract,品目,4,ガラス繊維・同製品,True,総平均>その他産品・製品>窯業・土石製品>ガラス繊維・同製品
PRCG20_2300740007,export_contract,商品群,3,その他のガラス製品,False,総平均>その他産品・製品>窯業・土石製品
PRCG20_2300750012,export_contract,品目,4,ガラス製加工素材,True,総平均>その他産品・製品>窯業・土石製品>その他のガラス製品
PRCG20_2300740008,export_contract,商品群,3,セメント,False,総平均>その他産品・製品>窯業・土石製品
PRCG20_2300750013,export_contract,品目,4,セメント,True,総平均>その他産品・製品>窯業・土石製品>セメント
PRCG20_2300740009,export_contract,商品群,3,耐火物,False,総平均>その他産品・製品>窯業・土石製品
PRCG20_2300750014,export_contract,品目,4,耐火物,True,総平均>その他産品・製品>窯業・土石製品>耐火物
PRCG20_2300740010,export_contract,商品群,3,炭素・黒鉛製品,False,総平均>その他産品・製品>窯業・土石製品
PRCG20_2300750015,export_contract,品目,4,炭素・黒鉛製品,True,総平均>その他産品・製品>窯業・土石製品>炭素・黒鉛製品
PRCG20_2300740011,export_contract,商品群,3,研磨材,False,総平均>その他産品・製品>窯業・土石製品
PRCG20_2300750016,export_contract,品目,4,研削と石,True,総平均>その他産品・製品>窯業・土石製品>研磨材
PRCG20_2300730005,export_contract,小類別,2,その他工業製品,False,総平均>その他産品・製品
PRCG20_2300740012,export_contract,商品群,3,タイヤ・チューブ,False,総平均>その他産品・製品>その他工業製品
PRCG20_2300750017,export_contract,品目,4,自動車タイヤ,True,総平均>その他産品・製品>その他工業製品>タイヤ・チューブ
PRCG20_2300750018,export_contract,品目,4,特殊車両用・航空機用タイヤ,True,総平均>その他産品・製品>その他工業製品>タイヤ・チューブ
PRCG20_2300740013,export_contract,商品群,3,その他のゴム製品,False,総平均>その他産品・製品>その他工業製品
PRCG20_2300750019,export_contract,品目,4,ゴムベルト,True,総平均>その他産品・製品>その他工業製品>その他のゴム製品
PRCG20_2300750020,export_contract,品目,4,ゴムホース,True,総平均>その他産品・製品>その他工業製品>その他のゴム製品
PRCG20_2300750021,export_contract,品目,4,ゴム製パッキン,True,総平均>その他産品・製品>その他工業製品>その他のゴム製品
PRCG20_2300740014,export_contract,商品群,3,がん具,False,総平均>その他産品・製品>その他工業製品
PRCG20_2300750022,export_contract,品目,4,がん具,True,総平均>その他産品・製品>その他工業製品>がん具
PRCG20_2300740015,export_contract,商品群,3,運動用品,False,総平均>その他産品・製品>その他工業製品
PRCG20_2300750023,export_contract,品目,4,ゴルフ用具,True,総平均>その他産品・製品>その他工業製品>運動用品
PRCG20_2300740016,export_contract,商品群,3,身辺細貨品,False,総平均>その他産品・製品>その他工業製品
PRCG20_2300750024,export_contract,品目,4,ファスナー・スナップ・針,True,総平均>その他産品・製品>その他工業製品>身辺細貨品
PRCG20_2300740017,export_contract,商品群,3,時計,False,総平均>その他産品・製品>その他工業製品
PRCG20_2300750025,export_contract,品目,4,時計,True,総平均>その他産品・製品>その他工業製品>時計
PRCG20_2300740018,export_contract,商品群,3,楽器,False,総平均>その他産品・製品>その他工業製品
PRCG20_2300750026,export_contract,品目,4,楽器,True,総平均>その他産品・製品>その他工業製品>楽器
PRCG20_2300740019,export_contract,商品群,3,筆記具・文具,False,総平均>その他産品・製品>その他工業製品
PRCG20_2300750027,export_contract,品目,4,筆記具・文具,True,総平均>その他産品・製品>その他工業製品>筆記具・文具
PRCG20_2300740020,export_contract,商品群,3,その他の製造工業製品,False,総平均>その他産品・製品>その他工業製品
PRCG20_2300750028,export_contract,品目,4,眼鏡枠・レンズ,True,総平均>その他産品・製品>その他工業製品>その他の製造工業製品
PRCG20_2300730006,export_contract,小類別,2,古紙,False,総平均>その他産品・製品
PRCG20_2300740021,export_contract,商品群,3,古紙,False,総平均>その他産品・製品>古紙
PRCG20_2300750029,export_contract,品目,4,古紙,True,総平均>その他産品・製品>古紙>古紙
PRCG20_2600000000,import_yen,総平均,0,総平均,False,
PRCG20_2600120001,import_yen,類別,1,飲食料品・食料用農水産物,False,総平均
PRCG20_2600130001,import_yen,小類別,2,飲食料品,False,総平均>飲食料品・食料用農水産物
PRCG20_2600140001,import_yen,商品群,3,酪農品,False,総平均>飲食料品・食料用農水産物>飲食料品
PRCG20_2600150001,import_yen,品目,4,チーズ,True,総平均>飲食料品・食料用農水産物>飲食料品>酪農品
PRCG20_2600140002,import_yen,商品群,3,その他の畜産食料品,False,総平均>飲食料品・食料用農水産物>飲食料品
PRCG20_2600150002,import_yen,品目,4,肉加工品,True,総平均>飲食料品・食料用農水産物>飲食料品>その他の畜産食料品
PRCG20_2600140003,import_yen,商品群,3,水産びん・かん詰,False,総平均>飲食料品・食料用農水産物>飲食料品
PRCG20_2600150003,import_yen,品目,4,水産びん・かん詰,True,総平均>飲食料品・食料用農水産物>飲食料品>水産びん・かん詰
PRCG20_2600140004,import_yen,商品群,3,めん類,False,総平均>飲食料品・食料用農水産物>飲食料品
PRCG20_2600150004,import_yen,品目,4,洋風めん,True,総平均>飲食料品・食料用農水産物>飲食料品>めん類
PRCG20_2600140005,import_yen,商品群,3,菓子類,False,総平均>飲食料品・食料用農水産物>飲食料品
PRCG20_2600150005,import_yen,品目,4,チョコレート,True,総平均>飲食料品・食料用農水産物>飲食料品>菓子類
PRCG20_2600140006,import_yen,商品群,3,農産保存食料品,False,総平均>飲食料品・食料用農水産物>飲食料品
PRCG20_2600150006,import_yen,品目,4,果実・野菜缶詰,True,総平均>飲食料品・食料用農水産物>飲食料品>農産保存食料品
PRCG20_2600140007,import_yen,商品群,3,砂糖,False,総平均>飲食料品・食料用農水産物>飲食料品
PRCG20_2600150007,import_yen,品目,4,粗糖,True,総平均>飲食料品・食料用農水産物>飲食料品>砂糖
PRCG20_2600140008,import_yen,商品群,3,動植物油脂,False,総平均>飲食料品・食料用農水産物>飲食料品
PRCG20_2600150008,import_yen,品目,4,植物油搾かす,True,総平均>飲食料品・食料用農水産物>飲食料品>動植物油脂
PRCG20_2600150009,import_yen,品目,4,オリーブ油・パーム油,False,総平均>飲食料品・食料用農水産物>飲食料品>動植物油脂
PRCG20_2600140009,import_yen,商品群,3,調味料,False,総平均>飲食料品・食料用農水産物>飲食料品
PRCG20_2600150010,import_yen,品目,4,調味料,True,総平均>飲食料品・食料用農水産物>飲食料品>調味料
PRCG20_2600140010,import_yen,商品群,3,冷凍調理食品,False,総平均>飲食料品・食料用農水産物>飲食料品
PRCG20_2600150011,import_yen,品目,4,冷凍調理食品,False,総平均>飲食料品・食料用農水産物>飲食料品>冷凍調理食品
PRCG20_2600140011,import_yen,商品群,3,その他の食料品,False,総平均>飲食料品・食料用農水産物>飲食料品
PRCG20_2600150012,import_yen,品目,4,こうじ・麦芽,True,総平均>飲食料品・食料用農水産物>飲食料品>その他の食料品
PRCG20_2600140012,import_yen,商品群,3,ウイスキー類,False,総平均>飲食料品・食料用農水産物>飲食料品
PRCG20_2600150013,import_yen,品目,4,ウイスキー類,True,総平均>飲食料品・食料用農水産物>飲食料品>ウイスキー類
PRCG20_2600140013,import_yen,商品群,3,その他の酒類,False,総平均>飲食料品・食料用農水産物>飲食料品
PRCG20_2600150014,import_yen,品目,4,果実酒,True,総平均>飲食料品・食料用農水産物>飲食料品>その他の酒類
PRCG20_2600150015,import_yen,品目,4,焼ちゅう・混成酒,True,総平均>飲食料品・食料用農水産物>飲食料品>その他の酒類
PRCG20_2600140014,import_yen,商品群,3,茶・コーヒー,False,総平均>飲食料品・食料用農水産物>飲食料品
PRCG20_2600150016,import_yen,品目,4,茶・コーヒー,True,総平均>飲食料品・食料用農水産物>飲食料品>茶・コーヒー
PRCG20_2600140015,import_yen,商品群,3,清涼飲料,False,総平均>飲食料品・食料用農水産物>飲食料品
PRCG20_2600150017,import_yen,品目,4,ジュース・ミネラルウォーター,False,総平均>飲食料品・食料用農水産物>飲食料品>清涼飲料
PRCG20_2600140016,import_yen,商品群,3,飼料,False,総平均>飲食料品・食料用農水産物>飲食料品
PRCG20_2600150018,import_yen,品目,4,ペットフード,True,総平均>飲食料品・食料用農水産物>飲食料品>飼料
PRCG20_2600150019,import_yen,品目,4,フィッシュミール,True,総平均>飲食料品・食料用農水産物>飲食料品>飼料
PRCG20_2600140017,import_yen,商品群,3,たばこ,False,総平均>飲食料品・食料用農水産物>飲食料品
PRCG20_2600150020,import_yen,品目,4,たばこ,True,総平均>飲食料品・食料用農水産物>飲食料品>たばこ
PRCG20_2600130002,import_yen,小類別,2,食料用農水産物,False,総平均>飲食料品・食料用農水産物
PRCG20_2600140018,import_yen,商品群,3,麦類,False,総平均>飲食料品・食料用農水産物>食料用農水産物
PRCG20_2600150021,import_yen,品目,4,小麦,True,総平均>飲食料品・食料用農水産物>食料用農水産物>麦類
PRCG20_2600150022,import_yen,品目,4,大麦,True,総平均>飲食料品・食料用農水産物>食料用農水産物>麦類
PRCG20_2600140019,import_yen,商品群,3,豆類・果実,False,総平均>飲食料品・食料用農水産物>食料用農水産物
PRCG20_2600150023,import_yen,品目,4,大豆,True,総平均>飲食料品・食料用農水産物>食料用農水産物>豆類・果実
PRCG20_2600150024,import_yen,品目,4,乾燥果実・ナッツ類,True,総平均>飲食料品・食料用農水産物>食料用農水産物>豆類・果実
PRCG20_2600140020,import_yen,商品群,3,飲料用作物,False,総平均>飲食料品・食料用農水産物>食料用農水産物
PRCG20_2600150025,import_yen,品目,4,コーヒー豆・カカオ豆,True,総平均>飲食料品・食料用農水産物>食料用農水産物>飲料用作物
PRCG20_2600140021,import_yen,商品群,3,その他の食用耕種作物,False,総平均>飲食料品・食料用農水産物>食料用農水産物
PRCG20_2600150026,import_yen,品目,4,なたね,True,総平均>飲食料品・食料用農水産物>食料用農水産物>その他の食用耕種作物
PRCG20_2600140022,import_yen,商品群,3,飼料作物,False,総平均>飲食料品・食料用農水産物>食料用農水産物
PRCG20_2600150027,import_yen,品目,4,飼料作物,False,総平均>飲食料品・食料用農水産物>食料用農水産物>飼料作物
PRCG20_2600140023,import_yen,商品群,3,食肉,False,総平均>飲食料品・食料用農水産物>食料用農水産物
PRCG20_2600150028,import_yen,品目,4,牛肉,True,総平均>飲食料品・食料用農水産物>食料用農水産物>食肉
PRCG20_2600150029,import_yen,品目,4,豚肉,True,総平均>飲食料品・食料用農水産物>食料用農水産物>食肉
PRCG20_2600150030,import_yen,品目,4,鶏肉,True,総平均>飲食料品・食料用農水産物>食料用農水産物>食肉
PRCG20_2600150031,import_yen,品目,4,牛臓器・舌,True,総平均>飲食料品・食料用農水産物>食料用農水産物>食肉
PRCG20_2600140024,import_yen,商品群,3,精穀,False,総平均>飲食料品・食料用農水産物>食料用農水産物
PRCG20_2600150032,import_yen,品目,4,精米,True,総平均>飲食料品・食料用農水産物>食料用農水産物>精穀
PRCG20_2600220001,import_yen,類別,1,繊維品,False,総平均
PRCG20_2600230001,import_yen,小類別,2,繊維製品,False,総平均>繊維品
PRCG20_2600240001,import_yen,商品群,3,紡績糸,False,総平均>繊維品>繊維製品
PRCG20_2600250001,import_yen,品目,4,紡績糸,False,総平均>繊維品>繊維製品>紡績糸
PRCG20_2600240002,import_yen,商品群,3,織物,False,総平均>繊維品>繊維製品
PRCG20_2600250002,import_yen,品目,4,織物,True,総平均>繊維品>繊維製品>織物
PRCG20_2600240003,import_yen,商品群,3,その他の繊維工業製品,False,総平均>繊維品>繊維製品
PRCG20_2600250003,import_yen,品目,4,フェルト生地・不織布,True,総平均>繊維品>繊維製品>その他の繊維工業製品
PRCG20_2600240004,import_yen,商品群,3,織物製・ニット製衣服,False,総平均>繊維品>繊維製品
PRCG20_2600250004,import_yen,品目,4,男子用外衣類,False,総平均>繊維品>繊維製品>織物製・ニット製衣服
PRCG20_2600250005,import_yen,品目,4,女子用外衣類,False,総平均>繊維品>繊維製品>織物製・ニット製衣服
PRCG20_2600250006,import_yen,品目,4,シャツ・セーター類,False,総平均>繊維品>繊維製品>織物製・ニット製衣服
PRCG20_2600250007,import_yen,品目,4,男子用下着,True,総平均>繊維品>繊維製品>織物製・ニット製衣服
PRCG20_2600250008,import_yen,品目,4,女子用下着類,True,総平均>繊維品>繊維製品>織物製・ニット製衣服
PRCG20_2600250009,import_yen,品目,4,パジャマ,True,総平均>繊維品>繊維製品>織物製・ニット製衣服
PRCG20_2600240005,import_yen,商品群,3,その他の衣服・身の回り品,False,総平均>繊維品>繊維製品
PRCG20_2600250010,import_yen,品目,4,ネックウエア,True,総平均>繊維品>繊維製品>その他の衣服・身の回り品
PRCG20_2600250011,import_yen,品目,4,靴下,True,総平均>繊維品>繊維製品>その他の衣服・身の回り品
PRCG20_2600250012,import_yen,品目,4,手袋,True,総平均>繊維品>繊維製品>その他の衣服・身の回り品
PRCG20_2600250013,import_yen,品目,4,帽子,True,総平均>繊維品>繊維製品>その他の衣服・身の回り品
PRCG20_2600240006,import_yen,商品群,3,その他の繊維既製品,False,総平均>繊維品>繊維製品
PRCG20_2600250014,import_yen,品目,4,寝具,False,総平均>繊維品>繊維製品>その他の繊維既製品
PRCG20_2600250015,import_yen,品目,4,敷物,True,総平均>繊維品>繊維製品>その他の繊維既製品
PRCG20_2600250016,import_yen,品目,4,タオル,True,総平均>繊維品>繊維製品>その他の繊維既製品
PRCG20_2600250017,import_yen,品目,4,カーテン,True,総平均>繊維品>繊維製品>その他の繊維既製品
PRCG20_2600320001,import_yen,類別,1,金属・同製品,False,総平均
PRCG20_2600330001,import_yen,小類別,2,鉄鋼,False,総平均>金属・同製品
PRCG20_2600340001,import_yen,商品群,3,フェロアロイ,False,総平均>金属・同製品>鉄鋼
PRCG20_2600350001,import_yen,品目,4,シリコマンガン,True,総平均>金属・同製品>鉄鋼>フェロアロイ
PRCG20_2600350002,import_yen,品目,4,フェロクロム,True,総平均>金属・同製品>鉄鋼>フェロアロイ
PRCG20_2600350003,import_yen,品目,4,フェロシリコン,True,総平均>金属・同製品>鉄鋼>フェロアロイ
PRCG20_2600340002,import_yen,商品群,3,熱間圧延鋼材・冷間仕上鋼材,False,総平均>金属・同製品>鉄鋼
PRCG20_2600350004,import_yen,品目,4,熱延広幅帯鋼,True,総平均>金属・同製品>鉄鋼>熱間圧延鋼材・冷間仕上鋼材
PRCG20_2600350005,import_yen,品目,4,冷延広幅帯鋼,True,総平均>金属・同製品>鉄鋼>熱間圧延鋼材・冷間仕上鋼材
PRCG20_2600350006,import_yen,品目,4,ステンレス鋼板,True,総平均>金属・同製品>鉄鋼>熱間圧延鋼材・冷間仕上鋼材
PRCG20_2600340003,import_yen,商品群,3,めっき鋼材,False,総平均>金属・同製品>鉄鋼
PRCG20_2600350007,import_yen,品目,4,めっき鋼板,True,総平均>金属・同製品>鉄鋼>めっき鋼材
PRCG20_2600330002,import_yen,小類別,2,非鉄金属,False,総平均>金属・同製品
PRCG20_2600340004,import_yen,商品群,3,銅,False,総平均>金属・同製品>非鉄金属
PRCG20_2600350008,import_yen,品目,4,銅,True,総平均>金属・同製品>非鉄金属>銅
PRCG20_2600340005,import_yen,商品群,3,アルミニウム,False,総平均>金属・同製品>非鉄金属
PRCG20_2600350009,import_yen,品目,4,アルミニウム地金,True,総平均>金属・同製品>非鉄金属>アルミニウム
PRCG20_2600350010,import_yen,品目,4,アルミニウム合金・同二次合金地金,True,総平均>金属・同製品>非鉄金属>アルミニウム
PRCG20_2600340006,import_yen,商品群,3,その他の非鉄金属地金,False,総平均>金属・同製品>非鉄金属
PRCG20_2600350011,import_yen,品目,4,金地金,True,総平均>金属・同製品>非鉄金属>その他の非鉄金属地金
PRCG20_2600350012,import_yen,品目,4,銀地金,True,総平均>金属・同製品>非鉄金属>その他の非鉄金属地金
PRCG20_2600350013,import_yen,品目,4,白金地金,True,総平均>金属・同製品>非鉄金属>その他の非鉄金属地金
PRCG20_2600350014,import_yen,品目,4,パラジウム,True,総平均>金属・同製品>非鉄金属>その他の非鉄金属地金
PRCG20_2600350015,import_yen,品目,4,コバルト地金,True,総平均>金属・同製品>非鉄金属>その他の非鉄金属地金
PRCG20_2600350016,import_yen,品目,4,すず地金,True,総平均>金属・同製品>非鉄金属>その他の非鉄金属地金
PRCG20_2600350017,import_yen,品目,4,ニッケル地金,True,総平均>金属・同製品>非鉄金属>その他の非鉄金属地金
PRCG20_2600350018,import_yen,品目,4,シリコン,True,総平均>金属・同製品>非鉄金属>その他の非鉄金属地金
PRCG20_2600340007,import_yen,商品群,3,電線・ケーブル,False,総平均>金属・同製品>非鉄金属
PRCG20_2600350019,import_yen,品目,4,電線・ケーブル,True,総平均>金属・同製品>非鉄金属>電線・ケーブル
PRCG20_2600330003,import_yen,小類別,2,金属製品,False,総平均>金属・同製品
PRCG20_2600340008,import_yen,商品群,3,ボルト・ナット・リベット・スプリング,False,総平均>金属・同製品>金属製品
PRCG20_2600350020,import_yen,品目,4,ボルト・ナット,True,総平均>金属・同製品>金属製品>ボルト・ナット・リベット・スプリング
PRCG20_2600340009,import_yen,商品群,3,配管工事附属品・粉末や金製品・道具類,False,総平均>金属・同製品>金属製品
PRCG20_2600350021,import_yen,品目,4,刃物・道具類,True,総平均>金属・同製品>金属製品>配管工事附属品・粉末や金製品・道具類
PRCG20_2600350022,import_yen,品目,4,金属製管継手,True,総平均>金属・同製品>金属製品>配管工事附属品・粉末や金製品・道具類
PRCG20_2600340010,import_yen,商品群,3,その他の金属製品,False,総平均>金属・同製品>金属製品
PRCG20_2600350023,import_yen,品目,4,錠・かぎ・建築用金物,True,総平均>金属・同製品>金属製品>その他の金属製品
PRCG20_2600330004,import_yen,小類別,2,鉄鉱石・非鉄金属鉱物,False,総平均>金属・同製品
PRCG20_2600340011,import_yen,商品群,3,鉄鉱石・非鉄金属鉱物,False,総平均>金属・同製品>鉄鉱石・非鉄金属鉱物
PRCG20_2600350024,import_yen,品目,4,鉄鉱石,True,総平均>金属・同製品>鉄鉱石・非鉄金属鉱物>鉄鉱石・非鉄金属鉱物
PRCG20_2600350025,import_yen,品目,4,銅鉱,True,総平均>金属・同製品>鉄鉱石・非鉄金属鉱物>鉄鉱石・非鉄金属鉱物
PRCG20_2600350026,import_yen,品目,4,亜鉛鉱,True,総平均>金属・同製品>鉄鉱石・非鉄金属鉱物>鉄鉱石・非鉄金属鉱物
PRCG20_2600350027,import_yen,品目,4,モリブデン鉱,True,総平均>金属・同製品>鉄鉱石・非鉄金属鉱物>鉄鉱石・非鉄金属鉱物
PRCG20_2600330005,import_yen,小類別,2,非鉄金属屑,False,総平均>金属・同製品
PRCG20_2600340012,import_yen,商品群,3,非鉄金属屑,False,総平均>金属・同製品>非鉄金属屑
PRCG20_2600350028,import_yen,品目,4,白金・銅屑,False,総平均>金属・同製品>非鉄金属屑>非鉄金属屑
PRCG20_2600420001,import_yen,類別,1,木材・木製品・林産物,False,総平均
PRCG20_2600430001,import_yen,小類別,2,木材・木製品,False,総平均>木材・木製品・林産物
PRCG20_2600440001,import_yen,商品群,3,製材,False,総平均>木材・木製品・林産物>木材・木製品
PRCG20_2600450001,import_yen,品目,4,製材,True,総平均>木材・木製品・林産物>木材・木製品>製材
PRCG20_2600440002,import_yen,商品群,3,合板・集成材,False,総平均>木材・木製品・林産物>木材・木製品
PRCG20_2600450002,import_yen,品目,4,合板,True,総平均>木材・木製品・林産物>木材・木製品>合板・集成材
PRCG20_2600450003,import_yen,品目,4,集成材,True,総平均>木材・木製品・林産物>木材・木製品>合板・集成材
PRCG20_2600440003,import_yen,商品群,3,木材チップ,False,総平均>木材・木製品・林産物>木材・木製品
PRCG20_2600450004,import_yen,品目,4,木材チップ,True,総平均>木材・木製品・林産物>木材・木製品>木材チップ
PRCG20_2600440004,import_yen,商品群,3,その他の木製品,False,総平均>木材・木製品・林産物>木材・木製品
PRCG20_2600450005,import_yen,品目,4,繊維板,True,総平均>木材・木製品・林産物>木材・木製品>その他の木製品
PRCG20_2600430002,import_yen,小類別,2,林産物,False,総平均>木材・木製品・林産物
PRCG20_2600440005,import_yen,商品群,3,素材,False,総平均>木材・木製品・林産物>林産物
PRCG20_2600450006,import_yen,品目,4,丸太,True,総平均>木材・木製品・林産物>林産物>素材
PRCG20_2600520001,import_yen,類別,1,石油・石炭・天然ガス,False,総平均
PRCG20_2600530001,import_yen,小類別,2,石油・石炭製品,False,総平均>石油・石炭・天然ガス
PRCG20_2600540001,import_yen,商品群,3,石油製品,False,総平均>石油・石炭・天然ガス>石油・石炭製品
PRCG20_2600550001,import_yen,品目,4,ガソリン,True,総平均>石油・石炭・天然ガス>石油・石炭製品>石油製品
PRCG20_2600550002,import_yen,品目,4,ナフサ,True,総平均>石油・石炭・天然ガス>石油・石炭製品>石油製品
PRCG20_2600550003,import_yen,品目,4,ジェット燃料油,True,総平均>石油・石炭・天然ガス>石油・石炭製品>石油製品
PRCG20_2600550004,import_yen,品目,4,灯油,True,総平均>石油・石炭・天然ガス>石油・石炭製品>石油製品
PRCG20_2600550005,import_yen,品目,4,Ｂ重油・Ｃ重油,True,総平均>石油・石炭・天然ガス>石油・石炭製品>石油製品
PRCG20_2600550006,import_yen,品目,4,液化石油ガス,True,総平均>石油・石炭・天然ガス>石油・石炭製品>石油製品
PRCG20_2600550007,import_yen,品目,4,石油コークス,True,総平均>石油・石炭・天然ガス>石油・石炭製品>石油製品
PRCG20_2600530002,import_yen,小類別,2,石炭・原油・天然ガス,False,総平均>石油・石炭・天然ガス
PRCG20_2600540002,import_yen,商品群,3,石炭・原油・天然ガス,False,総平均>石油・石炭・天然ガス>石炭・原油・天然ガス
PRCG20_2600550008,import_yen,品目,4,原料炭,True,総平均>石油・石炭・天然ガス>石炭・原油・天然ガス>石炭・原油・天然ガス
PRCG20_2600550009,import_yen,品目,4,一般炭,True,総平均>石油・石炭・天然ガス>石炭・原油・天然ガス>石炭・原油・天然ガス
PRCG20_2600550010,import_yen,品目,4,原油,True,総平均>石油・石炭・天然ガス>石炭・原油・天然ガス>石炭・原油・天然ガス
PRCG20_2600550011,import_yen,品目,4,液化天然ガス,True,総平均>石油・石炭・天然ガス>石炭・原油・天然ガス>石炭・原油・天然ガス
PRCG20_2600620001,import_yen,類別,1,化学製品,False,総平均
PRCG20_2600630001,import_yen,小類別,2,化学製品,False,総平均>化学製品
PRCG20_2600640001,import_yen,商品群,3,化学肥料,False,総平均>化学製品>化学製品
PRCG20_2600650001,import_yen,品目,4,化学肥料,True,総平均>化学製品>化学製品>化学肥料
PRCG20_2600640002,import_yen,商品群,3,無機顔料,False,総平均>化学製品>化学製品
PRCG20_2600650002,import_yen,品目,4,無機顔料,False,総平均>化学製品>化学製品>無機顔料
PRCG20_2600640003,import_yen,商品群,3,その他の無機化学工業製品,False,総平均>化学製品>化学製品
PRCG20_2600650003,import_yen,品目,4,炭酸リチウム,True,総平均>化学製品>化学製品>その他の無機化学工業製品
PRCG20_2600640004,import_yen,商品群,3,石油化学系芳香族製品,False,総平均>化学製品>化学製品
PRCG20_2600650004,import_yen,品目,4,ベンゼン,True,総平均>化学製品>化学製品>石油化学系芳香族製品
PRCG20_2600640005,import_yen,商品群,3,環式中間物・合成染料・有機顔料,False,総平均>化学製品>化学製品
PRCG20_2600650005,import_yen,品目,4,合成染料,True,総平均>化学製品>化学製品>環式中間物・合成染料・有機顔料
PRCG20_2600640006,import_yen,商品群,3,合成ゴム,False,総平均>化学製品>化学製品
PRCG20_2600650006,import_yen,品目,4,合成ゴム,True,総平均>化学製品>化学製品>合成ゴム
PRCG20_2600640007,import_yen,商品群,3,メタン誘導品,False,総平均>化学製品>化学製品
PRCG20_2600650007,import_yen,品目,4,メタノール,True,総平均>化学製品>化学製品>メタン誘導品
PRCG20_2600640008,import_yen,商品群,3,その他の有機化学工業製品,False,総平均>化学製品>化学製品
PRCG20_2600650008,import_yen,品目,4,有機ゴム薬品,True,総平均>化学製品>化学製品>その他の有機化学工業製品
PRCG20_2600650009,import_yen,品目,4,合成酸味料,True,総平均>化学製品>化学製品>その他の有機化学工業製品
PRCG20_2600650010,import_yen,品目,4,バイオＥＴＢＥ,True,総平均>化学製品>化学製品>その他の有機化学工業製品
PRCG20_2600640009,import_yen,商品群,3,熱可塑性樹脂,False,総平均>化学製品>化学製品
PRCG20_2600650011,import_yen,品目,4,熱可塑性樹脂,True,総平均>化学製品>化学製品>熱可塑性樹脂
PRCG20_2600640010,import_yen,商品群,3,高機能性樹脂,False,総平均>化学製品>化学製品
PRCG20_2600650012,import_yen,品目,4,高機能性樹脂,False,総平均>化学製品>化学製品>高機能性樹脂
PRCG20_2600640011,import_yen,商品群,3,化学繊維,False,総平均>化学製品>化学製品
PRCG20_2600650013,import_yen,品目,4,化学繊維,True,総平均>化学製品>化学製品>化学繊維
PRCG20_2600640012,import_yen,商品群,3,医薬品,False,総平均>化学製品>化学製品
PRCG20_2600650014,import_yen,品目,4,医薬品（除動物用）,True,総平均>化学製品>化学製品>医薬品
PRCG20_2600640013,import_yen,商品群,3,化粧品・歯磨,False,総平均>化学製品>化学製品
PRCG20_2600650015,import_yen,品目,4,香水・オーデコロン,True,総平均>化学製品>化学製品>化粧品・歯磨
PRCG20_2600650016,import_yen,品目,4,仕上用・皮膚用化粧品,True,総平均>化学製品>化学製品>化粧品・歯磨
PRCG20_2600650017,import_yen,品目,4,頭髪用化粧品,True,総平均>化学製品>化学製品>化粧品・歯磨
PRCG20_2600640014,import_yen,商品群,3,農薬,False,総平均>化学製品>化学製品
PRCG20_2600650018,import_yen,品目,4,農薬,True,総平均>化学製品>化学製品>農薬
PRCG20_2600640015,import_yen,商品群,3,その他の化学最終製品,False,総平均>化学製品>化学製品
PRCG20_2600650019,import_yen,品目,4,香料,True,総平均>化学製品>化学製品>その他の化学最終製品
PRCG20_2600650020,import_yen,品目,4,石油添加剤,True,総平均>化学製品>化学製品>その他の化学最終製品
PRCG20_2600720001,import_yen,類別,1,はん用・生産用・業務用機器,False,総平均
PRCG20_2600730001,import_yen,小類別,2,はん用機器,False,総平均>はん用・生産用・業務用機器
PRCG20_2600740001,import_yen,商品群,3,原動機,False,総平均>はん用・生産用・業務用機器>はん用機器
PRCG20_2600750001,import_yen,品目,4,はん用内燃機関,True,総平均>はん用・生産用・業務用機器>はん用機器>原動機
PRCG20_2600740002,import_yen,商品群,3,ポンプ・圧縮機,False,総平均>はん用・生産用・業務用機器>はん用機器
PRCG20_2600750002,import_yen,品目,4,ポンプ,True,総平均>はん用・生産用・業務用機器>はん用機器>ポンプ・圧縮機
PRCG20_2600750003,import_yen,品目,4,圧縮機,False,総平均>はん用・生産用・業務用機器>はん用機器>ポンプ・圧縮機
PRCG20_2600740003,import_yen,商品群,3,ベアリング,False,総平均>はん用・生産用・業務用機器>はん用機器
PRCG20_2600750004,import_yen,品目,4,ベアリング,True,総平均>はん用・生産用・業務用機器>はん用機器>ベアリング
PRCG20_2600740004,import_yen,商品群,3,その他のはん用機械,False,総平均>はん用・生産用・業務用機器>はん用機器
PRCG20_2600750005,import_yen,品目,4,バルブ,True,総平均>はん用・生産用・業務用機器>はん用機器>その他のはん用機械
PRCG20_2600730002,import_yen,小類別,2,生産用機器,False,総平均>はん用・生産用・業務用機器
PRCG20_2600740005,import_yen,商品群,3,農業用機械,False,総平均>はん用・生産用・業務用機器>生産用機器
PRCG20_2600750006,import_yen,品目,4,農業用機械,True,総平均>はん用・生産用・業務用機器>生産用機器>農業用機械
PRCG20_2600740006,import_yen,商品群,3,鋳造装置・プラスチック加工機械,False,総平均>はん用・生産用・業務用機器>生産用機器
PRCG20_2600750007,import_yen,品目,4,プラスチック加工機械,True,総平均>はん用・生産用・業務用機器>生産用機器>鋳造装置・プラスチック加工機械
PRCG20_2600740007,import_yen,商品群,3,金属工作機械,False,総平均>はん用・生産用・業務用機器>生産用機器
PRCG20_2600750008,import_yen,品目,4,金属工作機械,True,総平均>はん用・生産用・業務用機器>生産用機器>金属工作機械
PRCG20_2600740008,import_yen,商品群,3,機械工具,False,総平均>はん用・生産用・業務用機器>生産用機器
PRCG20_2600750009,import_yen,品目,4,機械工具,True,総平均>はん用・生産用・業務用機器>生産用機器>機械工具
PRCG20_2600730003,import_yen,小類別,2,業務用機器,False,総平均>はん用・生産用・業務用機器
PRCG20_2600740009,import_yen,商品群,3,複写機,False,総平均>はん用・生産用・業務用機器>業務用機器
PRCG20_2600750010,import_yen,品目,4,複写機,True,総平均>はん用・生産用・業務用機器>業務用機器>複写機
PRCG20_2600740010,import_yen,商品群,3,計測機器,False,総平均>はん用・生産用・業務用機器>業務用機器
PRCG20_2600750011,import_yen,品目,4,分析機器,True,総平均>はん用・生産用・業務用機器>業務用機器>計測機器
PRCG20_2600740011,import_yen,商品群,3,医療用機械器具,False,総平均>はん用・生産用・業務用機器>業務用機器
PRCG20_2600750012,import_yen,品目,4,医療用機器,True,総平均>はん用・生産用・業務用機器>業務用機器>医療用機械器具
PRCG20_2600750013,import_yen,品目,4,医療用品,True,総平均>はん用・生産用・業務用機器>業務用機器>医療用機械器具
PRCG20_2600820001,import_yen,類別,1,電気・電子機器,False,総平均
PRCG20_2600830001,import_yen,小類別,2,電子部品・デバイス,False,総平均>電気・電子機器
PRCG20_2600840001,import_yen,商品群,3,半導体素子,False,総平均>電気・電子機器>電子部品・デバイス
PRCG20_2600850001,import_yen,品目,4,光電変換素子,True,総平均>電気・電子機器>電子部品・デバイス>半導体素子
PRCG20_2600850002,import_yen,品目,4,半導体素子（除光電変換素子）,True,総平均>電気・電子機器>電子部品・デバイス>半導体素子
PRCG20_2600840002,import_yen,商品群,3,集積回路,False,総平均>電気・電子機器>電子部品・デバイス
PRCG20_2600850003,import_yen,品目,4,線形回路,True,総平均>電気・電子機器>電子部品・デバイス>集積回路
PRCG20_2600850004,import_yen,品目,4,モス型ロジック集積回路,True,総平均>電気・電子機器>電子部品・デバイス>集積回路
PRCG20_2600850005,import_yen,品目,4,モス型メモリ集積回路,True,総平均>電気・電子機器>電子部品・デバイス>集積回路
PRCG20_2600850006,import_yen,品目,4,混成集積回路,True,総平均>電気・電子機器>電子部品・デバイス>集積回路
PRCG20_2600840003,import_yen,商品群,3,液晶パネル,False,総平均>電気・電子機器>電子部品・デバイス
PRCG20_2600850007,import_yen,品目,4,液晶パネル,True,総平均>電気・電子機器>電子部品・デバイス>液晶パネル
PRCG20_2600840004,import_yen,商品群,3,記録メディア,False,総平均>電気・電子機器>電子部品・デバイス
PRCG20_2600850008,import_yen,品目,4,記録メディア,True,総平均>電気・電子機器>電子部品・デバイス>記録メディア
PRCG20_2600840005,import_yen,商品群,3,電子回路,False,総平均>電気・電子機器>電子部品・デバイス
PRCG20_2600850009,import_yen,品目,4,プリント配線板,True,総平均>電気・電子機器>電子部品・デバイス>電子回路
PRCG20_2600840006,import_yen,商品群,3,その他の電子部品,False,総平均>電気・電子機器>電子部品・デバイス
PRCG20_2600850010,import_yen,品目,4,電子機器用コンデンサ,True,総平均>電気・電子機器>電子部品・デバイス>その他の電子部品
PRCG20_2600850011,import_yen,品目,4,電子機器用変成器,True,総平均>電気・電子機器>電子部品・デバイス>その他の電子部品
PRCG20_2600850012,import_yen,品目,4,変換部品,True,総平均>電気・電子機器>電子部品・デバイス>その他の電子部品
PRCG20_2600850013,import_yen,品目,4,接続部品,True,総平均>電気・電子機器>電子部品・デバイス>その他の電子部品
PRCG20_2600850014,import_yen,品目,4,ユニット部品,True,総平均>電気・電子機器>電子部品・デバイス>その他の電子部品
PRCG20_2600850015,import_yen,品目,4,シリコンウエハ,True,総平均>電気・電子機器>電子部品・デバイス>その他の電子部品
PRCG20_2600850016,import_yen,品目,4,ＬＥＤランプ,True,総平均>電気・電子機器>電子部品・デバイス>その他の電子部品
PRCG20_2600830002,import_yen,小類別,2,電気機器,False,総平均>電気・電子機器
PRCG20_2600840007,import_yen,商品群,3,配線器具,False,総平均>電気・電子機器>電気機器
PRCG20_2600850017,import_yen,品目,4,配線器具,True,総平均>電気・電子機器>電気機器>配線器具
PRCG20_2600840008,import_yen,商品群,3,内燃機関電装品,False,総平均>電気・電子機器>電気機器
PRCG20_2600850018,import_yen,品目,4,ワイヤーハーネス,True,総平均>電気・電子機器>電気機器>内燃機関電装品
PRCG20_2600840009,import_yen,商品群,3,その他の産業用電気機器,False,総平均>電気・電子機器>電気機器
PRCG20_2600850019,import_yen,品目,4,電力変換装置,True,総平均>電気・電子機器>電気機器>その他の産業用電気機器
PRCG20_2600840010,import_yen,商品群,3,民生用エアコンディショナ,False,総平均>電気・電子機器>電気機器
PRCG20_2600850020,import_yen,品目,4,民生用エアコンディショナ,True,総平均>電気・電子機器>電気機器>民生用エアコンディショナ
PRCG20_2600840011,import_yen,商品群,3,民生用電気機器（除民生用エアコンディショナ）,False,総平均>電気・電子機器>電気機器
PRCG20_2600850021,import_yen,品目,4,電子レンジ,True,総平均>電気・電子機器>電気機器>民生用電気機器（除民生用エアコンディショナ）
PRCG20_2600850022,import_yen,品目,4,電気冷蔵庫,True,総平均>電気・電子機器>電気機器>民生用電気機器（除民生用エアコンディショナ）
PRCG20_2600850023,import_yen,品目,4,空気清浄機,True,総平均>電気・電子機器>電気機器>民生用電気機器（除民生用エアコンディショナ）
PRCG20_2600850024,import_yen,品目,4,電気洗濯機,True,総平均>電気・電子機器>電気機器>民生用電気機器（除民生用エアコンディショナ）
PRCG20_2600850025,import_yen,品目,4,電気掃除機,True,総平均>電気・電子機器>電気機器>民生用電気機器（除民生用エアコンディショナ）
PRCG20_2600850026,import_yen,品目,4,理容用電気器具,True,総平均>電気・電子機器>電気機器>民生用電気機器（除民生用エアコンディショナ）
PRCG20_2600840012,import_yen,商品群,3,電子応用装置,False,総平均>電気・電子機器>電気機器
PRCG20_2600850027,import_yen,品目,4,Ｘ線装置,True,総平均>電気・電子機器>電気機器>電子応用装置
PRCG20_2600850028,import_yen,品目,4,医療用電子応用装置,True,総平均>電気・電子機器>電気機器>電子応用装置
PRCG20_2600840013,import_yen,商品群,3,電気計測器,False,総平均>電気・電子機器>電気機器
PRCG20_2600850029,import_yen,品目,4,電気計測機器,True,総平均>電気・電子機器>電気機器>電気計測器
PRCG20_2600850030,import_yen,品目,4,工業計器,True,総平均>電気・電子機器>電気機器>電気計測器
PRCG20_2600850031,import_yen,品目,4,医療用計測器,True,総平均>電気・電子機器>電気機器>電気計測器
PRCG20_2600840014,import_yen,商品群,3,電気照明器具,False,総平均>電気・電子機器>電気機器
PRCG20_2600850032,import_yen,品目,4,電気照明器具,False,総平均>電気・電子機器>電気機器>電気照明器具
PRCG20_2600840015,import_yen,商品群,3,電池,False,総平均>電気・電子機器>電気機器
PRCG20_2600850033,import_yen,品目,4,蓄電池,True,総平均>電気・電子機器>電気機器>電池
PRCG20_2600840016,import_yen,商品群,3,その他の電気機械器具,False,総平均>電気・電子機器>電気機器
PRCG20_2600850034,import_yen,品目,4,太陽電池,True,総平均>電気・電子機器>電気機器>その他の電気機械器具
PRCG20_2600830003,import_yen,小類別,2,情報通信機器,False,総平均>電気・電子機器
PRCG20_2600840017,import_yen,商品群,3,有線電気通信機器,False,総平均>電気・電子機器>情報通信機器
PRCG20_2600850035,import_yen,品目,4,搬送装置,True,総平均>電気・電子機器>情報通信機器>有線電気通信機器
PRCG20_2600840018,import_yen,商品群,3,携帯電話機,False,総平均>電気・電子機器>情報通信機器
PRCG20_2600850036,import_yen,品目,4,携帯電話機,True,総平均>電気・電子機器>情報通信機器>携帯電話機
PRCG20_2600840019,import_yen,商品群,3,無線電気通信機器,False,総平均>電気・電子機器>情報通信機器
PRCG20_2600850037,import_yen,品目,4,無線応用装置,True,総平均>電気・電子機器>情報通信機器>無線電気通信機器
PRCG20_2600840020,import_yen,商品群,3,ラジオ・テレビ受信機,False,総平均>電気・電子機器>情報通信機器
PRCG20_2600850038,import_yen,品目,4,テレビ,True,総平均>電気・電子機器>情報通信機器>ラジオ・テレビ受信機
PRCG20_2600840021,import_yen,商品群,3,ビデオ機器・デジタルカメラ,False,総平均>電気・電子機器>情報通信機器
PRCG20_2600850039,import_yen,品目,4,録画・再生装置,True,総平均>電気・電子機器>情報通信機器>ビデオ機器・デジタルカメラ
PRCG20_2600850040,import_yen,品目,4,デジタルカメラ・ビデオカメラ,True,総平均>電気・電子機器>情報通信機器>ビデオ機器・デジタルカメラ
PRCG20_2600840022,import_yen,商品群,3,電気音響機器,False,総平均>電気・電子機器>情報通信機器
PRCG20_2600850041,import_yen,品目,4,カーオーディオ,True,総平均>電気・電子機器>情報通信機器>電気音響機器
PRCG20_2600850042,import_yen,品目,4,オーディオ,True,総平均>電気・電子機器>情報通信機器>電気音響機器
PRCG20_2600840023,import_yen,商品群,3,パーソナルコンピュータ,False,総平均>電気・電子機器>情報通信機器
PRCG20_2600850043,import_yen,品目,4,パーソナルコンピュータ,True,総平均>電気・電子機器>情報通信機器>パーソナルコンピュータ
PRCG20_2600840024,import_yen,商品群,3,電子計算機附属装置,False,総平均>電気・電子機器>情報通信機器
PRCG20_2600850044,import_yen,品目,4,外部記憶装置,True,総平均>電気・電子機器>情報通信機器>電子計算機附属装置
PRCG20_2600850045,import_yen,品目,4,印刷装置,True,総平均>電気・電子機器>情報通信機器>電子計算機附属装置
PRCG20_2600850046,import_yen,品目,4,表示装置・端末装置,False,総平均>電気・電子機器>情報通信機器>電子計算機附属装置
PRCG20_2600920001,import_yen,類別,1,輸送用機器,False,総平均
PRCG20_2600930001,import_yen,小類別,2,輸送用機器,False,総平均>輸送用機器
PRCG20_2600940001,import_yen,商品群,3,乗用車,False,総平均>輸送用機器>輸送用機器
PRCG20_2600950001,import_yen,品目,4,乗用車,True,総平均>輸送用機器>輸送用機器>乗用車
PRCG20_2600940002,import_yen,商品群,3,二輪自動車,False,総平均>輸送用機器>輸送用機器
PRCG20_2600950002,import_yen,品目,4,二輪自動車,True,総平均>輸送用機器>輸送用機器>二輪自動車
PRCG20_2600940003,import_yen,商品群,3,自動車用内燃機関,False,総平均>輸送用機器>輸送用機器
PRCG20_2600950003,import_yen,品目,4,自動車用内燃機関,True,総平均>輸送用機器>輸送用機器>自動車用内燃機関
PRCG20_2600940004,import_yen,商品群,3,自動車部品,False,総平均>輸送用機器>輸送用機器
PRCG20_2600950004,import_yen,品目,4,自動車部品,True,総平均>輸送用機器>輸送用機器>自動車部品
PRCG20_2600940005,import_yen,商品群,3,航空機,False,総平均>輸送用機器>輸送用機器
PRCG20_2600950005,import_yen,品目,4,航空機用原動機・同部品,True,総平均>輸送用機器>輸送用機器>航空機
PRCG20_2600950006,import_yen,品目,4,航空機部品（除原動機）,True,総平均>輸送用機器>輸送用機器>航空機
PRCG20_2600940006,import_yen,商品群,3,自転車,False,総平均>輸送用機器>輸送用機器
PRCG20_2600950007,import_yen,品目,4,自転車（除車いす・自転車部品）,True,総平均>輸送用機器>輸送用機器>自転車
PRCG20_2601020001,import_yen,類別,1,その他産品・製品,False,総平均
PRCG20_2601030001,import_yen,小類別,2,パルプ・紙・同製品,False,総平均>その他産品・製品
PRCG20_2601040001,import_yen,商品群,3,パルプ,False,総平均>その他産品・製品>パルプ・紙・同製品
PRCG20_2601050001,import_yen,品目,4,製紙さらしクラフトパルプ,True,総平均>その他産品・製品>パルプ・紙・同製品>パルプ
PRCG20_2601040002,import_yen,商品群,3,洋紙・和紙,False,総平均>その他産品・製品>パルプ・紙・同製品
PRCG20_2601050002,import_yen,品目,4,塗工印刷用紙,True,総平均>その他産品・製品>パルプ・紙・同製品>洋紙・和紙
PRCG20_2601040003,import_yen,商品群,3,塗工紙・建設用加工紙,False,総平均>その他産品・製品>パルプ・紙・同製品
PRCG20_2601050003,import_yen,品目,4,ミルクカートン用紙,True,総平均>その他産品・製品>パルプ・紙・同製品>塗工紙・建設用加工紙
PRCG20_2601040004,import_yen,商品群,3,その他の紙製容器,False,総平均>その他産品・製品>パルプ・紙・同製品
PRCG20_2601050004,import_yen,品目,4,紙袋・紙器,True,総平均>その他産品・製品>パルプ・紙・同製品>その他の紙製容器
PRCG20_2601030002,import_yen,小類別,2,プラスチック製品,False,総平均>その他産品・製品
PRCG20_2601040005,import_yen,商品群,3,プラスチック製品,False,総平均>その他産品・製品>プラスチック製品
PRCG20_2601050005,import_yen,品目,4,プラスチックフィルム・シート,True,総平均>その他産品・製品>プラスチック製品>プラスチック製品
PRCG20_2601050006,import_yen,品目,4,プラスチック製日用品,True,総平均>その他産品・製品>プラスチック製品>プラスチック製品
PRCG20_2601050007,import_yen,品目,4,医療・衛生用プラスチック製品,False,総平均>その他産品・製品>プラスチック製品>プラスチック製品
PRCG20_2601030003,import_yen,小類別,2,窯業・土石製品,False,総平均>その他産品・製品
PRCG20_2601040006,import_yen,商品群,3,ガラス繊維・同製品,False,総平均>その他産品・製品>窯業・土石製品
PRCG20_2601050008,import_yen,品目,4,ガラス繊維・同製品,True,総平均>その他産品・製品>窯業・土石製品>ガラス繊維・同製品
PRCG20_2601040007,import_yen,商品群,3,その他のガラス製品,False,総平均>その他産品・製品>窯業・土石製品
PRCG20_2601050009,import_yen,品目,4,ガラス容器・器具,True,総平均>その他産品・製品>窯業・土石製品>その他のガラス製品
PRCG20_2601040008,import_yen,商品群,3,陶磁器,False,総平均>その他産品・製品>窯業・土石製品
PRCG20_2601050010,import_yen,品目,4,陶磁器製食器,True,総平均>その他産品・製品>窯業・土石製品>陶磁器
PRCG20_2601040009,import_yen,商品群,3,その他の窯業・土石製品,False,総平均>その他産品・製品>窯業・土石製品
PRCG20_2601050011,import_yen,品目,4,石工品,True,総平均>その他産品・製品>窯業・土石製品>その他の窯業・土石製品
PRCG20_2601030004,import_yen,小類別,2,その他工業製品,False,総平均>その他産品・製品
PRCG20_2601040010,import_yen,商品群,3,木製家具,False,総平均>その他産品・製品>その他工業製品
PRCG20_2601050012,import_yen,品目,4,木製家具,True,総平均>その他産品・製品>その他工業製品>木製家具
PRCG20_2601040011,import_yen,商品群,3,金属製家具,False,総平均>その他産品・製品>その他工業製品
PRCG20_2601050013,import_yen,品目,4,金属製家具,True,総平均>その他産品・製品>その他工業製品>金属製家具
PRCG20_2601040012,import_yen,商品群,3,タイヤ・チューブ,False,総平均>その他産品・製品>その他工業製品
PRCG20_2601050014,import_yen,品目,4,自動車タイヤ,True,総平均>その他産品・製品>その他工業製品>タイヤ・チューブ
PRCG20_2601040013,import_yen,商品群,3,その他のゴム製品,False,総平均>その他産品・製品>その他工業製品
PRCG20_2601050015,import_yen,品目,4,ゴム製履物,True,総平均>その他産品・製品>その他工業製品>その他のゴム製品
PRCG20_2601050016,import_yen,品目,4,プラスチック製履物,True,総平均>その他産品・製品>その他工業製品>その他のゴム製品
PRCG20_2601050017,import_yen,品目,4,医療・衛生用ゴム製品,False,総平均>その他産品・製品>その他工業製品>その他のゴム製品
PRCG20_2601040014,import_yen,商品群,3,革製履物,False,総平均>その他産品・製品>その他工業製品
PRCG20_2601050018,import_yen,品目,4,革製履物,True,総平均>その他産品・製品>その他工業製品>革製履物
PRCG20_2601040015,import_yen,商品群,3,なめし革・革製品・毛皮,False,総平均>その他産品・製品>その他工業製品
PRCG20_2601050019,import_yen,品目,4,かばん・袋物,False,総平均>その他産品・製品>その他工業製品>なめし革・革製品・毛皮
PRCG20_2601040016,import_yen,商品群,3,がん具,False,総平均>その他産品・製品>その他工業製品
PRCG20_2601050020,import_yen,品目,4,がん具,True,総平均>その他産品・製品>その他工業製品>がん具
PRCG20_2601040017,import_yen,商品群,3,運動用品,False,総平均>その他産品・製品>その他工業製品
PRCG20_2601050021,import_yen,品目,4,運動用品,True,総平均>その他産品・製品>その他工業製品>運動用品
PRCG20_2601040018,import_yen,商品群,3,時計,False,総平均>その他産品・製品>その他工業製品
PRCG20_2601050022,import_yen,品目,4,時計,True,総平均>その他産品・製品>その他工業製品>時計
PRCG20_2601040019,import_yen,商品群,3,楽器,False,総平均>その他産品・製品>その他工業製品
PRCG20_2601050023,import_yen,品目,4,楽器,True,総平均>その他産品・製品>その他工業製品>楽器
PRCG20_2601040020,import_yen,商品群,3,筆記具・文具,False,総平均>その他産品・製品>その他工業製品
PRCG20_2601050024,import_yen,品目,4,筆記具・文具,True,総平均>その他産品・製品>その他工業製品>筆記具・文具
PRCG20_2601040021,import_yen,商品群,3,その他の製造工業製品,False,総平均>その他産品・製品>その他工業製品
PRCG20_2601050025,import_yen,品目,4,洋傘,True,総平均>その他産品・製品>その他工業製品>その他の製造工業製品
PRCG20_2601050026,import_yen,品目,4,眼鏡枠・レンズ,True,総平均>その他産品・製品>その他工業製品>その他の製造工業製品
PRCG20_2601050027,import_yen,品目,4,人体安全保護具・救命具,True,総平均>その他産品・製品>その他工業製品>その他の製造工業製品
PRCG20_2601030005,import_yen,小類別,2,非食料用農水産物,False,総平均>その他産品・製品
PRCG20_2601040022,import_yen,商品群,3,その他の非食用耕種作物,False,総平均>その他産品・製品>非食料用農水産物
PRCG20_2601050028,import_yen,品目,4,天然ゴム,True,総平均>その他産品・製品>非食料用農水産物>その他の非食用耕種作物
PRCG20_2601040023,import_yen,商品群,3,海面養殖業,False,総平均>その他産品・製品>非食料用農水産物
PRCG20_2601050029,import_yen,品目,4,真珠,True,総平均>その他産品・製品>非食料用農水産物>海面養殖業
PRCG20_2601030006,import_yen,小類別,2,原塩,False,総平均>その他産品・製品
PRCG20_2601040024,import_yen,商品群,3,原塩,False,総平均>その他産品・製品>原塩
PRCG20_2601050030,import_yen,品目,4,原塩,True,総平均>その他産品・製品>原塩>原塩
PRCG20_2500000000,import_contract,総平均,0,総平均,False,
PRCG20_2500120001,import_contract,類別,1,飲食料品・食料用農水産物,False,総平均
PRCG20_2500130001,import_contract,小類別,2,飲食料品,False,総平均>飲食料品・食料用農水産物
PRCG20_2500140001,import_contract,商品群,3,酪農品,False,総平均>飲食料品・食料用農水産物>飲食料品
PRCG20_2500150001,import_contract,品目,4,チーズ,True,総平均>飲食料品・食料用農水産物>飲食料品>酪農品
PRCG20_2500140002,import_contract,商品群,3,その他の畜産食料品,False,総平均>飲食料品・食料用農水産物>飲食料品
PRCG20_2500150002,import_contract,品目,4,肉加工品,True,総平均>飲食料品・食料用農水産物>飲食料品>その他の畜産食料品
PRCG20_2500140003,import_contract,商品群,3,水産びん・かん詰,False,総平均>飲食料品・食料用農水産物>飲食料品
PRCG20_2500150003,import_contract,品目,4,水産びん・かん詰,True,総平均>飲食料品・食料用農水産物>飲食料品>水産びん・かん詰
PRCG20_2500140004,import_contract,商品群,3,めん類,False,総平均>飲食料品・食料用農水産物>飲食料品
PRCG20_2500150004,import_contract,品目,4,洋風めん,True,総平均>飲食料品・食料用農水産物>飲食料品>めん類
PRCG20_2500140005,import_contract,商品群,3,菓子類,False,総平均>飲食料品・食料用農水産物>飲食料品
PRCG20_2500150005,import_contract,品目,4,チョコレート,True,総平均>飲食料品・食料用農水産物>飲食料品>菓子類
PRCG20_2500140006,import_contract,商品群,3,農産保存食料品,False,総平均>飲食料品・食料用農水産物>飲食料品
PRCG20_2500150006,import_contract,品目,4,果実・野菜缶詰,True,総平均>飲食料品・食料用農水産物>飲食料品>農産保存食料品
PRCG20_2500140007,import_contract,商品群,3,砂糖,False,総平均>飲食料品・食料用農水産物>飲食料品
PRCG20_2500150007,import_contract,品目,4,粗糖,True,総平均>飲食料品・食料用農水産物>飲食料品>砂糖
PRCG20_2500140008,import_contract,商品群,3,動植物油脂,False,総平均>飲食料品・食料用農水産物>飲食料品
PRCG20_2500150008,import_contract,品目,4,植物油搾かす,True,総平均>飲食料品・食料用農水産物>飲食料品>動植物油脂
PRCG20_2500150009,import_contract,品目,4,オリーブ油・パーム油,False,総平均>飲食料品・食料用農水産物>飲食料品>動植物油脂
PRCG20_2500140009,import_contract,商品群,3,調味料,False,総平均>飲食料品・食料用農水産物>飲食料品
PRCG20_2500150010,import_contract,品目,4,調味料,True,総平均>飲食料品・食料用農水産物>飲食料品>調味料
PRCG20_2500140010,import_contract,商品群,3,冷凍調理食品,False,総平均>飲食料品・食料用農水産物>飲食料品
PRCG20_2500150011,import_contract,品目,4,冷凍調理食品,False,総平均>飲食料品・食料用農水産物>飲食料品>冷凍調理食品
PRCG20_2500140011,import_contract,商品群,3,その他の食料品,False,総平均>飲食料品・食料用農水産物>飲食料品
PRCG20_2500150012,import_contract,品目,4,こうじ・麦芽,True,総平均>飲食料品・食料用農水産物>飲食料品>その他の食料品
PRCG20_2500140012,import_contract,商品群,3,ウイスキー類,False,総平均>飲食料品・食料用農水産物>飲食料品
PRCG20_2500150013,import_contract,品目,4,ウイスキー類,True,総平均>飲食料品・食料用農水産物>飲食料品>ウイスキー類
PRCG20_2500140013,import_contract,商品群,3,その他の酒類,False,総平均>飲食料品・食料用農水産物>飲食料品
PRCG20_2500150014,import_contract,品目,4,果実酒,True,総平均>飲食料品・食料用農水産物>飲食料品>その他の酒類
PRCG20_2500150015,import_contract,品目,4,焼ちゅう・混成酒,True,総平均>飲食料品・食料用農水産物>飲食料品>その他の酒類
PRCG20_2500140014,import_contract,商品群,3,茶・コーヒー,False,総平均>飲食料品・食料用農水産物>飲食料品
PRCG20_2500150016,import_contract,品目,4,茶・コーヒー,True,総平均>飲食料品・食料用農水産物>飲食料品>茶・コーヒー
PRCG20_2500140015,import_contract,商品群,3,清涼飲料,False,総平均>飲食料品・食料用農水産物>飲食料品
PRCG20_2500150017,import_contract,品目,4,ジュース・ミネラルウォーター,False,総平均>飲食料品・食料用農水産物>飲食料品>清涼飲料
PRCG20_2500140016,import_contract,商品群,3,飼料,False,総平均>飲食料品・食料用農水産物>飲食料品
PRCG20_2500150018,import_contract,品目,4,ペットフード,True,総平均>飲食料品・食料用農水産物>飲食料品>飼料
PRCG20_2500150019,import_contract,品目,4,フィッシュミール,True,総平均>飲食料品・食料用農水産物>飲食料品>飼料
PRCG20_2500140017,import_contract,商品群,3,たばこ,False,総平均>飲食料品・食料用農水産物>飲食料品
PRCG20_2500150020,import_contract,品目,4,たばこ,True,総平均>飲食料品・食料用農水産物>飲食料品>たばこ
PRCG20_2500130002,import_contract,小類別,2,食料用農水産物,False,総平均>飲食料品・食料用農水産物
PRCG20_2500140018,import_contract,商品群,3,麦類,False,総平均>飲食料品・食料用農水産物>食料用農水産物
PRCG20_2500150021,import_contract,品目,4,小麦,True,総平均>飲食料品・食料用農水産物>食料用農水産物>麦類
PRCG20_2500150022,import_contract,品目,4,大麦,True,総平均>飲食料品・食料用農水産物>食料用農水産物>麦類
PRCG20_2500140019,import_contract,商品群,3,豆類・果実,False,総平均>飲食料品・食料用農水産物>食料用農水産物
PRCG20_2500150023,import_contract,品目,4,大豆,True,総平均>飲食料品・食料用農水産物>食料用農水産物>豆類・果実
PRCG20_2500150024,import_contract,品目,4,乾燥果実・ナッツ類,True,総平均>飲食料品・食料用農水産物>食料用農水産物>豆類・果実
PRCG20_2500140020,import_contract,商品群,3,飲料用作物,False,総平均>飲食料品・食料用農水産物>食料用農水産物
PRCG20_2500150025,import_contract,品目,4,コーヒー豆・カカオ豆,True,総平均>飲食料品・食料用農水産物>食料用農水産物>飲料用作物
PRCG20_2500140021,import_contract,商品群,3,その他の食用耕種作物,False,総平均>飲食料品・食料用農水産物>食料用農水産物
PRCG20_2500150026,import_contract,品目,4,なたね,True,総平均>飲食料品・食料用農水産物>食料用農水産物>その他の食用耕種作物
PRCG20_2500140022,import_contract,商品群,3,飼料作物,False,総平均>飲食料品・食料用農水産物>食料用農水産物
PRCG20_2500150027,import_contract,品目,4,飼料作物,False,総平均>飲食料品・食料用農水産物>食料用農水産物>飼料作物
PRCG20_2500140023,import_contract,商品群,3,食肉,False,総平均>飲食料品・食料用農水産物>食料用農水産物
PRCG20_2500150028,import_contract,品目,4,牛肉,True,総平均>飲食料品・食料用農水産物>食料用農水産物>食肉
PRCG20_2500150029,import_contract,品目,4,豚肉,True,総平均>飲食料品・食料用農水産物>食料用農水産物>食肉
PRCG20_2500150030,import_contract,品目,4,鶏肉,True,総平均>飲食料品・食料用農水産物>食料用農水産物>食肉
PRCG20_2500150031,import_contract,品目,4,牛臓器・舌,True,総平均>飲食料品・食料用農水産物>食料用農水産物>食肉
PRCG20_2500140024,import_contract,商品群,3,精穀,False,総平均>飲食料品・食料用農水産物>食料用農水産物
PRCG20_2500150032,import_contract,品目,4,精米,True,総平均>飲食料品・食料用農水産物>食料用農水産物>精穀
PRCG20_2500220001,import_contract,類別,1,繊維品,False,総平均
PRCG20_2500230001,import_contract,小類別,2,繊維製品,False,総平均>繊維品
PRCG20_2500240001,import_contract,商品群,3,紡績糸,False,総平均>繊維品>繊維製品
PRCG20_2500250001,import_contract,品目,4,紡績糸,False,総平均>繊維品>繊維製品>紡績糸
PRCG20_2500240002,import_contract,商品群,3,織物,False,総平均>繊維品>繊維製品
PRCG20_2500250002,import_contract,品目,4,織物,True,総平均>繊維品>繊維製品>織物
PRCG20_2500240003,import_contract,商品群,3,その他の繊維工業製品,False,総平均>繊維品>繊維製品
PRCG20_2500250003,import_contract,品目,4,フェルト生地・不織布,True,総平均>繊維品>繊維製品>その他の繊維工業製品
PRCG20_2500240004,import_contract,商品群,3,織物製・ニット製衣服,False,総平均>繊維品>繊維製品
PRCG20_2500250004,import_contract,品目,4,男子用外衣類,False,総平均>繊維品>繊維製品>織物製・ニット製衣服
PRCG20_2500250005,import_contract,品目,4,女子用外衣類,False,総平均>繊維品>繊維製品>織物製・ニット製衣服
PRCG20_2500250006,import_contract,品目,4,シャツ・セーター類,False,総平均>繊維品>繊維製品>織物製・ニット製衣服
PRCG20_2500250007,import_contract,品目,4,男子用下着,True,総平均>繊維品>繊維製品>織物製・ニット製衣服
PRCG20_2500250008,import_contract,品目,4,女子用下着類,True,総平均>繊維品>繊維製品>織物製・ニット製衣服
PRCG20_2500250009,import_contract,品目,4,パジャマ,True,総平均>繊維品>繊維製品>織物製・ニット製衣服
PRCG20_2500240005,import_contract,商品群,3,その他の衣服・身の回り品,False,総平均>繊維品>繊維製品
PRCG20_2500250010,import_contract,品目,4,ネックウエア,True,総平均>繊維品>繊維製品>その他の衣服・身の回り品
PRCG20_2500250011,import_contract,品目,4,靴下,True,総平均>繊維品>繊維製品>その他の衣服・身の回り品
PRCG20_2500250012,import_contract,品目,4,手袋,True,総平均>繊維品>繊維製品>その他の衣服・身の回り品
PRCG20_2500250013,import_contract,品目,4,帽子,True,総平均>繊維品>繊維製品>その他の衣服・身の回り品
PRCG20_2500240006,import_contract,商品群,3,その他の繊維既製品,False,総平均>繊維品>繊維製品
PRCG20_2500250014,import_contract,品目,4,寝具,False,総平均>繊維品>繊維製品>その他の繊維既製品
PRCG20_2500250015,import_contract,品目,4,敷物,True,総平均>繊維品>繊維製品>その他の繊維既製品
PRCG20_2500250016,import_contract,品目,4,タオル,True,総平均>繊維品>繊維製品>その他の繊維既製品
PRCG20_2500250017,import_contract,品目,4,カーテン,True,総平均>繊維品>繊維製品>その他の繊維既製品
PRCG20_2500320001,import_contract,類別,1,金属・同製品,False,総平均
PRCG20_2500330001,import_contract,小類別,2,鉄鋼,False,総平均>金属・同製品
PRCG20_2500340001,import_contract,商品群,3,フェロアロイ,False,総平均>金属・同製品>鉄鋼
PRCG20_2500350001,import_contract,品目,4,シリコマンガン,True,総平均>金属・同製品>鉄鋼>フェロアロイ
PRCG20_2500350002,import_contract,品目,4,フェロクロム,True,総平均>金属・同製品>鉄鋼>フェロアロイ
PRCG20_2500350003,import_contract,品目,4,フェロシリコン,True,総平均>金属・同製品>鉄鋼>フェロアロイ
PRCG20_2500340002,import_contract,商品群,3,熱間圧延鋼材・冷間仕上鋼材,False,総平均>金属・同製品>鉄鋼
PRCG20_2500350004,import_contract,品目,4,熱延広幅帯鋼,True,総平均>金属・同製品>鉄鋼>熱間圧延鋼材・冷間仕上鋼材
PRCG20_2500350005,import_contract,品目,4,冷延広幅帯鋼,True,総平均>金属・同製品>鉄鋼>熱間圧延鋼材・冷間仕上鋼材
PRCG20_2500350006,import_contract,品目,4,ステンレス鋼板,True,総平均>金属・同製品>鉄鋼>熱間圧延鋼材・冷間仕上鋼材
PRCG20_2500340003,import_contract,商品群,3,めっき鋼材,False,総平均>金属・同製品>鉄鋼
PRCG20_2500350007,import_contract,品目,4,めっき鋼板,True,総平均>金属・同製品>鉄鋼>めっき鋼材
PRCG20_2500330002,import_contract,小類別,2,非鉄金属,False,総平均>金属・同製品
PRCG20_2500340004,import_contract,商品群,3,銅,False,総平均>金属・同製品>非鉄金属
PRCG20_2500350008,import_contract,品目,4,銅,True,総平均>金属・同製品>非鉄金属>銅
PRCG20_2500340005,import_contract,商品群,3,アルミニウム,False,総平均>金属・同製品>非鉄金属
PRCG20_2500350009,import_contract,品目,4,アルミニウム地金,True,総平均>金属・同製品>非鉄金属>アルミニウム
PRCG20_2500350010,import_contract,品目,4,アルミニウム合金・同二次合金地金,True,総平均>金属・同製品>非鉄金属>アルミニウム
PRCG20_2500340006,import_contract,商品群,3,その他の非鉄金属地金,False,総平均>金属・同製品>非鉄金属
PRCG20_2500350011,import_contract,品目,4,金地金,True,総平均>金属・同製品>非鉄金属>その他の非鉄金属地金
PRCG20_2500350012,import_contract,品目,4,銀地金,True,総平均>金属・同製品>非鉄金属>その他の非鉄金属地金
PRCG20_2500350013,import_contract,品目,4,白金地金,True,総平均>金属・同製品>非鉄金属>その他の非鉄金属地金
PRCG20_2500350014,import_contract,品目,4,パラジウム,True,総平均>金属・同製品>非鉄金属>その他の非鉄金属地金
PRCG20_2500350015,import_contract,品目,4,コバルト地金,True,総平均>金属・同製品>非鉄金属>その他の非鉄金属地金
PRCG20_2500350016,import_contract,品目,4,すず地金,True,総平均>金属・同製品>非鉄金属>その他の非鉄金属地金
PRCG20_2500350017,import_contract,品目,4,ニッケル地金,True,総平均>金属・同製品>非鉄金属>その他の非鉄金属地金
PRCG20_2500350018,import_contract,品目,4,シリコン,True,総平均>金属・同製品>非鉄金属>その他の非鉄金属地金
PRCG20_2500340007,import_contract,商品群,3,電線・ケーブル,False,総平均>金属・同製品>非鉄金属
PRCG20_2500350019,import_contract,品目,4,電線・ケーブル,True,総平均>金属・同製品>非鉄金属>電線・ケーブル
PRCG20_2500330003,import_contract,小類別,2,金属製品,False,総平均>金属・同製品
PRCG20_2500340008,import_contract,商品群,3,ボルト・ナット・リベット・スプリング,False,総平均>金属・同製品>金属製品
PRCG20_2500350020,import_contract,品目,4,ボルト・ナット,True,総平均>金属・同製品>金属製品>ボルト・ナット・リベット・スプリング
PRCG20_2500340009,import_contract,商品群,3,配管工事附属品・粉末や金製品・道具類,False,総平均>金属・同製品>金属製品
PRCG20_2500350021,import_contract,品目,4,刃物・道具類,True,総平均>金属・同製品>金属製品>配管工事附属品・粉末や金製品・道具類
PRCG20_2500350022,import_contract,品目,4,金属製管継手,True,総平均>金属・同製品>金属製品>配管工事附属品・粉末や金製品・道具類
PRCG20_2500340010,import_contract,商品群,3,その他の金属製品,False,総平均>金属・同製品>金属製品
PRCG20_2500350023,import_contract,品目,4,錠・かぎ・建築用金物,True,総平均>金属・同製品>金属製品>その他の金属製品
PRCG20_2500330004,import_contract,小類別,2,鉄鉱石・非鉄金属鉱物,False,総平均>金属・同製品
PRCG20_2500340011,import_contract,商品群,3,鉄鉱石・非鉄金属鉱物,False,総平均>金属・同製品>鉄鉱石・非鉄金属鉱物
PRCG20_2500350024,import_contract,品目,4,鉄鉱石,True,総平均>金属・同製品>鉄鉱石・非鉄金属鉱物>鉄鉱石・非鉄金属鉱物
PRCG20_2500350025,import_contract,品目,4,銅鉱,True,総平均>金属・同製品>鉄鉱石・非鉄金属鉱物>鉄鉱石・非鉄金属鉱物
PRCG20_2500350026,import_contract,品目,4,亜鉛鉱,True,総平均>金属・同製品>鉄鉱石・非鉄金属鉱物>鉄鉱石・非鉄金属鉱物
PRCG20_2500350027,import_contract,品目,4,モリブデン鉱,True,総平均>金属・同製品>鉄鉱石・非鉄金属鉱物>鉄鉱石・非鉄金属鉱物
PRCG20_2500330005,import_contract,小類別,2,非鉄金属屑,False,総平均>金属・同製品
PRCG20_2500340012,import_contract,商品群,3,非鉄金属屑,False,総平均>金属・同製品>非鉄金属屑
PRCG20_2500350028,import_contract,品目,4,白金・銅屑,False,総平均>金属・同製品>非鉄金属屑>非鉄金属屑
PRCG20_2500420001,import_contract,類別,1,木材・木製品・林産物,False,総平均
PRCG20_2500430001,import_contract,小類別,2,木材・木製品,False,総平均>木材・木製品・林産物
PRCG20_2500440001,import_contract,商品群,3,製材,False,総平均>木材・木製品・林産物>木材・木製品
PRCG20_2500450001,import_contract,品目,4,製材,True,総平均>木材・木製品・林産物>木材・木製品>製材
PRCG20_2500440002,import_contract,商品群,3,合板・集成材,False,総平均>木材・木製品・林産物>木材・木製品
PRCG20_2500450002,import_contract,品目,4,合板,True,総平均>木材・木製品・林産物>木材・木製品>合板・集成材
PRCG20_2500450003,import_contract,品目,4,集成材,True,総平均>木材・木製品・林産物>木材・木製品>合板・集成材
PRCG20_2500440003,import_contract,商品群,3,木材チップ,False,総平均>木材・木製品・林産物>木材・木製品
PRCG20_2500450004,import_contract,品目,4,木材チップ,True,総平均>木材・木製品・林産物>木材・木製品>木材チップ
PRCG20_2500440004,import_contract,商品群,3,その他の木製品,False,総平均>木材・木製品・林産物>木材・木製品
PRCG20_2500450005,import_contract,品目,4,繊維板,True,総平均>木材・木製品・林産物>木材・木製品>その他の木製品
PRCG20_2500430002,import_contract,小類別,2,林産物,False,総平均>木材・木製品・林産物
PRCG20_2500440005,import_contract,商品群,3,素材,False,総平均>木材・木製品・林産物>林産物
PRCG20_2500450006,import_contract,品目,4,丸太,True,総平均>木材・木製品・林産物>林産物>素材
PRCG20_2500520001,import_contract,類別,1,石油・石炭・天然ガス,False,総平均
PRCG20_2500530001,import_contract,小類別,2,石油・石炭製品,False,総平均>石油・石炭・天然ガス
PRCG20_2500540001,import_contract,商品群,3,石油製品,False,総平均>石油・石炭・天然ガス>石油・石炭製品
PRCG20_2500550001,import_contract,品目,4,ガソリン,True,総平均>石油・石炭・天然ガス>石油・石炭製品>石油製品
PRCG20_2500550002,import_contract,品目,4,ナフサ,True,総平均>石油・石炭・天然ガス>石油・石炭製品>石油製品
PRCG20_2500550003,import_contract,品目,4,ジェット燃料油,True,総平均>石油・石炭・天然ガス>石油・石炭製品>石油製品
PRCG20_2500550004,import_contract,品目,4,灯油,True,総平均>石油・石炭・天然ガス>石油・石炭製品>石油製品
PRCG20_2500550005,import_contract,品目,4,Ｂ重油・Ｃ重油,True,総平均>石油・石炭・天然ガス>石油・石炭製品>石油製品
PRCG20_2500550006,import_contract,品目,4,液化石油ガス,True,総平均>石油・石炭・天然ガス>石油・石炭製品>石油製品
PRCG20_2500550007,import_contract,品目,4,石油コークス,True,総平均>石油・石炭・天然ガス>石油・石炭製品>石油製品
PRCG20_2500530002,import_contract,小類別,2,石炭・原油・天然ガス,False,総平均>石油・石炭・天然ガス
PRCG20_2500540002,import_contract,商品群,3,石炭・原油・天然ガス,False,総平均>石油・石炭・天然ガス>石炭・原油・天然ガス
PRCG20_2500550008,import_contract,品目,4,原料炭,True,総平均>石油・石炭・天然ガス>石炭・原油・天然ガス>石炭・原油・天然ガス
PRCG20_2500550009,import_contract,品目,4,一般炭,True,総平均>石油・石炭・天然ガス>石炭・原油・天然ガス>石炭・原油・天然ガス
PRCG20_2500550010,import_contract,品目,4,原油,True,総平均>石油・石炭・天然ガス>石炭・原油・天然ガス>石炭・原油・天然ガス
PRCG20_2500550011,import_contract,品目,4,液化天然ガス,True,総平均>石油・石炭・天然ガス>石炭・原油・天然ガス>石炭・原油・天然ガス
PRCG20_2500620001,import_contract,類別,1,化学製品,False,総平均
PRCG20_2500630001,import_contract,小類別,2,化学製品,False,総平均>化学製品
PRCG20_2500640001,import_contract,商品群,3,化学肥料,False,総平均>化学製品>化学製品
PRCG20_2500650001,import_contract,品目,4,化学肥料,True,総平均>化学製品>化学製品>化学肥料
PRCG20_2500640002,import_contract,商品群,3,無機顔料,False,総平均>化学製品>化学製品
PRCG20_2500650002,import_contract,品目,4,無機顔料,False,総平均>化学製品>化学製品>無機顔料
PRCG20_2500640003,import_contract,商品群,3,その他の無機化学工業製品,False,総平均>化学製品>化学製品
PRCG20_2500650003,import_contract,品目,4,炭酸リチウム,True,総平均>化学製品>化学製品>その他の無機化学工業製品
PRCG20_2500640004,import_contract,商品群,3,石油化学系芳香族製品,False,総平均>化学製品>化学製品
PRCG20_2500650004,import_contract,品目,4,ベンゼン,True,総平均>化学製品>化学製品>石油化学系芳香族製品
PRCG20_2500640005,import_contract,商品群,3,環式中間物・合成染料・有機顔料,False,総平均>化学製品>化学製品
PRCG20_2500650005,import_contract,品目,4,合成染料,True,総平均>化学製品>化学製品>環式中間物・合成染料・有機顔料
PRCG20_2500640006,import_contract,商品群,3,合成ゴム,False,総平均>化学製品>化学製品
PRCG20_2500650006,import_contract,品目,4,合成ゴム,True,総平均>化学製品>化学製品>合成ゴム
PRCG20_2500640007,import_contract,商品群,3,メタン誘導品,False,総平均>化学製品>化学製品
PRCG20_2500650007,import_contract,品目,4,メタノール,True,総平均>化学製品>化学製品>メタン誘導品
PRCG20_2500640008,import_contract,商品群,3,その他の有機化学工業製品,False,総平均>化学製品>化学製品
PRCG20_2500650008,import_contract,品目,4,有機ゴム薬品,True,総平均>化学製品>化学製品>その他の有機化学工業製品
PRCG20_2500650009,import_contract,品目,4,合成酸味料,True,総平均>化学製品>化学製品>その他の有機化学工業製品
PRCG20_2500650010,import_contract,品目,4,バイオＥＴＢＥ,True,総平均>化学製品>化学製品>その他の有機化学工業製品
PRCG20_2500640009,import_contract,商品群,3,熱可塑性樹脂,False,総平均>化学製品>化学製品
PRCG20_2500650011,import_contract,品目,4,熱可塑性樹脂,True,総平均>化学製品>化学製品>熱可塑性樹脂
PRCG20_2500640010,import_contract,商品群,3,高機能性樹脂,False,総平均>化学製品>化学製品
PRCG20_2500650012,import_contract,品目,4,高機能性樹脂,False,総平均>化学製品>化学製品>高機能性樹脂
PRCG20_2500640011,import_contract,商品群,3,化学繊維,False,総平均>化学製品>化学製品
PRCG20_2500650013,import_contract,品目,4,化学繊維,True,総平均>化学製品>化学製品>化学繊維
PRCG20_2500640012,import_contract,商品群,3,医薬品,False,総平均>化学製品>化学製品
PRCG20_2500650014,import_contract,品目,4,医薬品（除動物用）,True,総平均>化学製品>化学製品>医薬品
PRCG20_2500640013,import_contract,商品群,3,化粧品・歯磨,False,総平均>化学製品>化学製品
PRCG20_2500650015,import_contract,品目,4,香水・オーデコロン,True,総平均>化学製品>化学製品>化粧品・歯磨
PRCG20_2500650016,import_contract,品目,4,仕上用・皮膚用化粧品,True,総平均>化学製品>化学製品>化粧品・歯磨
PRCG20_2500650017,import_contract,品目,4,頭髪用化粧品,True,総平均>化学製品>化学製品>化粧品・歯磨
PRCG20_2500640014,import_contract,商品群,3,農薬,False,総平均>化学製品>化学製品
PRCG20_2500650018,import_contract,品目,4,農薬,True,総平均>化学製品>化学製品>農薬
PRCG20_2500640015,import_contract,商品群,3,その他の化学最終製品,False,総平均>化学製品>化学製品
PRCG20_2500650019,import_contract,品目,4,香料,True,総平均>化学製品>化学製品>その他の化学最終製品
PRCG20_2500650020,import_contract,品目,4,石油添加剤,True,総平均>化学製品>化学製品>その他の化学最終製品
PRCG20_2500720001,import_contract,類別,1,はん用・生産用・業務用機器,False,総平均
PRCG20_2500730001,import_contract,小類別,2,はん用機器,False,総平均>はん用・生産用・業務用機器
PRCG20_2500740001,import_contract,商品群,3,原動機,False,総平均>はん用・生産用・業務用機器>はん用機器
PRCG20_2500750001,import_contract,品目,4,はん用内燃機関,True,総平均>はん用・生産用・業務用機器>はん用機器>原動機
PRCG20_2500740002,import_contract,商品群,3,ポンプ・圧縮機,False,総平均>はん用・生産用・業務用機器>はん用機器
PRCG20_2500750002,import_contract,品目,4,ポンプ,True,総平均>はん用・生産用・業務用機器>はん用機器>ポンプ・圧縮機
PRCG20_2500750003,import_contract,品目,4,圧縮機,False,総平均>はん用・生産用・業務用機器>はん用機器>ポンプ・圧縮機
PRCG20_2500740003,import_contract,商品群,3,ベアリング,False,総平均>はん用・生産用・業務用機器>はん用機器
PRCG20_2500750004,import_contract,品目,4,ベアリング,True,総平均>はん用・生産用・業務用機器>はん用機器>ベアリング
PRCG20_2500740004,import_contract,商品群,3,その他のはん用機械,False,総平均>はん用・生産用・業務用機器>はん用機器
PRCG20_2500750005,import_contract,品目,4,バルブ,True,総平均>はん用・生産用・業務用機器>はん用機器>その他のはん用機械
PRCG20_2500730002,import_contract,小類別,2,生産用機器,False,総平均>はん用・生産用・業務用機器
PRCG20_2500740005,import_contract,商品群,3,農業用機械,False,総平均>はん用・生産用・業務用機器>生産用機器
PRCG20_2500750006,import_contract,品目,4,農業用機械,True,総平均>はん用・生産用・業務用機器>生産用機器>農業用機械
PRCG20_2500740006,import_contract,商品群,3,鋳造装置・プラスチック加工機械,False,総平均>はん用・生産用・業務用機器>生産用機器
PRCG20_2500750007,import_contract,品目,4,プラスチック加工機械,True,総平均>はん用・生産用・業務用機器>生産用機器>鋳造装置・プラスチック加工機械
PRCG20_2500740007,import_contract,商品群,3,金属工作機械,False,総平均>はん用・生産用・業務用機器>生産用機器
PRCG20_2500750008,import_contract,品目,4,金属工作機械,True,総平均>はん用・生産用・業務用機器>生産用機器>金属工作機械
PRCG20_2500740008,import_contract,商品群,3,機械工具,False,総平均>はん用・生産用・業務用機器>生産用機器
PRCG20_2500750009,import_contract,品目,4,機械工具,True,総平均>はん用・生産用・業務用機器>生産用機器>機械工具
PRCG20_2500730003,import_contract,小類別,2,業務用機器,False,総平均>はん用・生産用・業務用機器
PRCG20_2500740009,import_contract,商品群,3,複写機,False,総平均>はん用・生産用・業務用機器>業務用機器
PRCG20_2500750010,import_contract,品目,4,複写機,True,総平均>はん用・生産用・業務用機器>業務用機器>複写機
PRCG20_2500740010,import_contract,商品群,3,計測機器,False,総平均>はん用・生産用・業務用機器>業務用機器
PRCG20_2500750011,import_contract,品目,4,分析機器,True,総平均>はん用・生産用・業務用機器>業務用機器>計測機器
PRCG20_2500740011,import_contract,商品群,3,医療用機械器具,False,総平均>はん用・生産用・業務用機器>業務用機器
PRCG20_2500750012,import_contract,品目,4,医療用機器,True,総平均>はん用・生産用・業務用機器>業務用機器>医療用機械器具
PRCG20_2500750013,import_contract,品目,4,医療用品,True,総平均>はん用・生産用・業務用機器>業務用機器>医療用機械器具
PRCG20_2500820001,import_contract,類別,1,電気・電子機器,False,総平均
PRCG20_2500830001,import_contract,小類別,2,電子部品・デバイス,False,総平均>電気・電子機器
PRCG20_2500840001,import_contract,商品群,3,半導体素子,False,総平均>電気・電子機器>電子部品・デバイス
PRCG20_2500850001,import_contract,品目,4,光電変換素子,True,総平均>電気・電子機器>電子部品・デバイス>半導体素子
PRCG20_2500850002,import_contract,品目,4,半導体素子（除光電変換素子）,True,総平均>電気・電子機器>電子部品・デバイス>半導体素子
PRCG20_2500840002,import_contract,商品群,3,集積回路,False,総平均>電気・電子機器>電子部品・デバイス
PRCG20_2500850003,import_contract,品目,4,線形回路,True,総平均>電気・電子機器>電子部品・デバイス>集積回路
PRCG20_2500850004,import_contract,品目,4,モス型ロジック集積回路,True,総平均>電気・電子機器>電子部品・デバイス>集積回路
PRCG20_2500850005,import_contract,品目,4,モス型メモリ集積回路,True,総平均>電気・電子機器>電子部品・デバイス>集積回路
PRCG20_2500850006,import_contract,品目,4,混成集積回路,True,総平均>電気・電子機器>電子部品・デバイス>集積回路
PRCG20_2500840003,import_contract,商品群,3,液晶パネル,False,総平均>電気・電子機器>電子部品・デバイス
PRCG20_2500850007,import_contract,品目,4,液晶パネル,True,総平均>電気・電子機器>電子部品・デバイス>液晶パネル
PRCG20_2500840004,import_contract,商品群,3,記録メディア,False,総平均>電気・電子機器>電子部品・デバイス
PRCG20_2500850008,import_contract,品目,4,記録メディア,True,総平均>電気・電子機器>電子部品・デバイス>記録メディア
PRCG20_2500840005,import_contract,商品群,3,電子回路,False,総平均>電気・電子機器>電子部品・デバイス
PRCG20_2500850009,import_contract,品目,4,プリント配線板,True,総平均>電気・電子機器>電子部品・デバイス>電子回路
PRCG20_2500840006,import_contract,商品群,3,その他の電子部品,False,総平均>電気・電子機器>電子部品・デバイス
PRCG20_2500850010,import_contract,品目,4,電子機器用コンデンサ,True,総平均>電気・電子機器>電子部品・デバイス>その他の電子部品
PRCG20_2500850011,import_contract,品目,4,電子機器用変成器,True,総平均>電気・電子機器>電子部品・デバイス>その他の電子部品
PRCG20_2500850012,import_contract,品目,4,変換部品,True,総平均>電気・電子機器>電子部品・デバイス>その他の電子部品
PRCG20_2500850013,import_contract,品目,4,接続部品,True,総平均>電気・電子機器>電子部品・デバイス>その他の電子部品
PRCG20_2500850014,import_contract,品目,4,ユニット部品,True,総平均>電気・電子機器>電子部品・デバイス>その他の電子部品
PRCG20_2500850015,import_contract,品目,4,シリコンウエハ,True,総平均>電気・電子機器>電子部品・デバイス>その他の電子部品
PRCG20_2500850016,import_contract,品目,4,ＬＥＤランプ,True,総平均>電気・電子機器>電子部品・デバイス>その他の電子部品
PRCG20_2500830002,import_contract,小類別,2,電気機器,False,総平均>電気・電子機器
PRCG20_2500840007,import_contract,商品群,3,配線器具,False,総平均>電気・電子機器>電気機器
PRCG20_2500850017,import_contract,品目,4,配線器具,True,総平均>電気・電子機器>電気機器>配線器具
PRCG20_2500840008,import_contract,商品群,3,内燃機関電装品,False,総平均>電気・電子機器>電気機器
PRCG20_2500850018,import_contract,品目,4,ワイヤーハーネス,True,総平均>電気・電子機器>電気機器>内燃機関電装品
PRCG20_2500840009,import_contract,商品群,3,その他の産業用電気機器,False,総平均>電気・電子機器>電気機器
PRCG20_2500850019,import_contract,品目,4,電力変換装置,True,総平均>電気・電子機器>電気機器>その他の産業用電気機器
PRCG20_2500840010,import_contract,商品群,3,民生用エアコンディショナ,False,総平均>電気・電子機器>電気機器
PRCG20_2500850020,import_contract,品目,4,民生用エアコンディショナ,True,総平均>電気・電子機器>電気機器>民生用エアコンディショナ
PRCG20_2500840011,import_contract,商品群,3,民生用電気機器（除民生用エアコンディショナ）,False,総平均>電気・電子機器>電気機器
PRCG20_2500850021,import_contract,品目,4,電子レンジ,True,総平均>電気・電子機器>電気機器>民生用電気機器（除民生用エアコンディショナ）
PRCG20_2500850022,import_contract,品目,4,電気冷蔵庫,True,総平均>電気・電子機器>電気機器>民生用電気機器（除民生用エアコンディショナ）
PRCG20_2500850023,import_contract,品目,4,空気清浄機,True,総平均>電気・電子機器>電気機器>民生用電気機器（除民生用エアコンディショナ）
PRCG20_2500850024,import_contract,品目,4,電気洗濯機,True,総平均>電気・電子機器>電気機器>民生用電気機器（除民生用エアコンディショナ）
PRCG20_2500850025,import_contract,品目,4,電気掃除機,True,総平均>電気・電子機器>電気機器>民生用電気機器（除民生用エアコンディショナ）
PRCG20_2500850026,import_contract,品目,4,理容用電気器具,True,総平均>電気・電子機器>電気機器>民生用電気機器（除民生用エアコンディショナ）
PRCG20_2500840012,import_contract,商品群,3,電子応用装置,False,総平均>電気・電子機器>電気機器
PRCG20_2500850027,import_contract,品目,4,Ｘ線装置,True,総平均>電気・電子機器>電気機器>電子応用装置
PRCG20_2500850028,import_contract,品目,4,医療用電子応用装置,True,総平均>電気・電子機器>電気機器>電子応用装置
PRCG20_2500840013,import_contract,商品群,3,電気計測器,False,総平均>電気・電子機器>電気機器
PRCG20_2500850029,import_contract,品目,4,電気計測機器,True,総平均>電気・電子機器>電気機器>電気計測器
PRCG20_2500850030,import_contract,品目,4,工業計器,True,総平均>電気・電子機器>電気機器>電気計測器
PRCG20_2500850031,import_contract,品目,4,医療用計測器,True,総平均>電気・電子機器>電気機器>電気計測器
PRCG20_2500840014,import_contract,商品群,3,電気照明器具,False,総平均>電気・電子機器>電気機器
PRCG20_2500850032,import_contract,品目,4,電気照明器具,False,総平均>電気・電子機器>電気機器>電気照明器具
PRCG20_2500840015,import_contract,商品群,3,電池,False,総平均>電気・電子機器>電気機器
PRCG20_2500850033,import_contract,品目,4,蓄電池,True,総平均>電気・電子機器>電気機器>電池
PRCG20_2500840016,import_contract,商品群,3,その他の電気機械器具,False,総平均>電気・電子機器>電気機器
PRCG20_2500850034,import_contract,品目,4,太陽電池,True,総平均>電気・電子機器>電気機器>その他の電気機械器具
PRCG20_2500830003,import_contract,小類別,2,情報通信機器,False,総平均>電気・電子機器
PRCG20_2500840017,import_contract,商品群,3,有線電気通信機器,False,総平均>電気・電子機器>情報通信機器
PRCG20_2500850035,import_contract,品目,4,搬送装置,True,総平均>電気・電子機器>情報通信機器>有線電気通信機器
PRCG20_2500840018,import_contract,商品群,3,携帯電話機,False,総平均>電気・電子機器>情報通信機器
PRCG20_2500850036,import_contract,品目,4,携帯電話機,True,総平均>電気・電子機器>情報通信機器>携帯電話機
PRCG20_2500840019,import_contract,商品群,3,無線電気通信機器,False,総平均>電気・電子機器>情報通信機器
PRCG20_2500850037,import_contract,品目,4,無線応用装置,True,総平均>電気・電子機器>情報通信機器>無線電気通信機器
PRCG20_2500840020,import_contract,商品群,3,ラジオ・テレビ受信機,False,総平均>電気・電子機器>情報通信機器
PRCG20_2500850038,import_contract,品目,4,テレビ,True,総平均>電気・電子機器>情報通信機器>ラジオ・テレビ受信機
PRCG20_2500840021,import_contract,商品群,3,ビデオ機器・デジタルカメラ,False,総平均>電気・電子機器>情報通信機器
PRCG20_2500850039,import_contract,品目,4,録画・再生装置,True,総平均>電気・電子機器>情報通信機器>ビデオ機器・デジタルカメラ
PRCG20_2500850040,import_contract,品目,4,デジタルカメラ・ビデオカメラ,True,総平均>電気・電子機器>情報通信機器>ビデオ機器・デジタルカメラ
PRCG20_2500840022,import_contract,商品群,3,電気音響機器,False,総平均>電気・電子機器>情報通信機器
PRCG20_2500850041,import_contract,品目,4,カーオーディオ,True,総平均>電気・電子機器>情報通信機器>電気音響機器
PRCG20_2500850042,import_contract,品目,4,オーディオ,True,総平均>電気・電子機器>情報通信機器>電気音響機器
PRCG20_2500840023,import_contract,商品群,3,パーソナルコンピュータ,False,総平均>電気・電子機器>情報通信機器
PRCG20_2500850043,import_contract,品目,4,パーソナルコンピュータ,True,総平均>電気・電子機器>情報通信機器>パーソナルコンピュータ
PRCG20_2500840024,import_contract,商品群,3,電子計算機附属装置,False,総平均>電気・電子機器>情報通信機器
PRCG20_2500850044,import_contract,品目,4,外部記憶装置,True,総平均>電気・電子機器>情報通信機器>電子計算機附属装置
PRCG20_2500850045,import_contract,品目,4,印刷装置,True,総平均>電気・電子機器>情報通信機器>電子計算機附属装置
PRCG20_2500850046,import_contract,品目,4,表示装置・端末装置,False,総平均>電気・電子機器>情報通信機器>電子計算機附属装置
PRCG20_2500920001,import_contract,類別,1,輸送用機器,False,総平均
PRCG20_2500930001,import_contract,小類別,2,輸送用機器,False,総平均>輸送用機器
PRCG20_2500940001,import_contract,商品群,3,乗用車,False,総平均>輸送用機器>輸送用機器
PRCG20_2500950001,import_contract,品目,4,乗用車,True,総平均>輸送用機器>輸送用機器>乗用車
PRCG20_2500940002,import_contract,商品群,3,二輪自動車,False,総平均>輸送用機器>輸送用機器
PRCG20_2500950002,import_contract,品目,4,二輪自動車,True,総平均>輸送用機器>輸送用機器>二輪自動車
PRCG20_2500940003,import_contract,商品群,3,自動車用内燃機関,False,総平均>輸送用機器>輸送用機器
PRCG20_2500950003,import_contract,品目,4,自動車用内燃機関,True,総平均>輸送用機器>輸送用機器>自動車用内燃機関
PRCG20_2500940004,import_contract,商品群,3,自動車部品,False,総平均>輸送用機器>輸送用機器
PRCG20_2500950004,import_contract,品目,4,自動車部品,True,総平均>輸送用機器>輸送用機器>自動車部品
PRCG20_2500940005,import_contract,商品群,3,航空機,False,総平均>輸送用機器>輸送用機器
PRCG20_2500950005,import_contract,品目,4,航空機用原動機・同部品,True,総平均>輸送用機器>輸送用機器>航空機
PRCG20_2500950006,import_contract,品目,4,航空機部品（除原動機）,True,総平均>輸送用機器>輸送用機器>航空機
PRCG20_2500940006,import_contract,商品群,3,自転車,False,総平均>輸送用機器>輸送用機器
PRCG20_2500950007,import_contract,品目,4,自転車（除車いす・自転車部品）,True,総平均>輸送用機器>輸送用機器>自転車
PRCG20_2501020001,import_contract,類別,1,その他産品・製品,False,総平均
PRCG20_2501030001,import_contract,小類別,2,パルプ・紙・同製品,False,総平均>その他産品・製品
PRCG20_2501040001,import_contract,商品群,3,パルプ,False,総平均>その他産品・製品>パルプ・紙・同製品
PRCG20_2501050001,import_contract,品目,4,製紙さらしクラフトパルプ,True,総平均>その他産品・製品>パルプ・紙・同製品>パルプ
PRCG20_2501040002,import_contract,商品群,3,洋紙・和紙,False,総平均>その他産品・製品>パルプ・紙・同製品
PRCG20_2501050002,import_contract,品目,4,塗工印刷用紙,True,総平均>その他産品・製品>パルプ・紙・同製品>洋紙・和紙
PRCG20_2501040003,import_contract,商品群,3,塗工紙・建設用加工紙,False,総平均>その他産品・製品>パルプ・紙・同製品
PRCG20_2501050003,import_contract,品目,4,ミルクカートン用紙,True,総平均>その他産品・製品>パルプ・紙・同製品>塗工紙・建設用加工紙
PRCG20_2501040004,import_contract,商品群,3,その他の紙製容器,False,総平均>その他産品・製品>パルプ・紙・同製品
PRCG20_2501050004,import_contract,品目,4,紙袋・紙器,True,総平均>その他産品・製品>パルプ・紙・同製品>その他の紙製容器
PRCG20_2501030002,import_contract,小類別,2,プラスチック製品,False,総平均>その他産品・製品
PRCG20_2501040005,import_contract,商品群,3,プラスチック製品,False,総平均>その他産品・製品>プラスチック製品
PRCG20_2501050005,import_contract,品目,4,プラスチックフィルム・シート,True,総平均>その他産品・製品>プラスチック製品>プラスチック製品
PRCG20_2501050006,import_contract,品目,4,プラスチック製日用品,True,総平均>その他産品・製品>プラスチック製品>プラスチック製品
PRCG20_2501050007,import_contract,品目,4,医療・衛生用プラスチック製品,False,総平均>その他産品・製品>プラスチック製品>プラスチック製品
PRCG20_2501030003,import_contract,小類別,2,窯業・土石製品,False,総平均>その他産品・製品
PRCG20_2501040006,import_contract,商品群,3,ガラス繊維・同製品,False,総平均>その他産品・製品>窯業・土石製品
PRCG20_2501050008,import_contract,品目,4,ガラス繊維・同製品,True,総平均>その他産品・製品>窯業・土石製品>ガラス繊維・同製品
PRCG20_2501040007,import_contract,商品群,3,その他のガラス製品,False,総平均>その他産品・製品>窯業・土石製品
PRCG20_2501050009,import_contract,品目,4,ガラス容器・器具,True,総平均>その他産品・製品>窯業・土石製品>その他のガラス製品
PRCG20_2501040008,import_contract,商品群,3,陶磁器,False,総平均>その他産品・製品>窯業・土石製品
PRCG20_2501050010,import_contract,品目,4,陶磁器製食器,True,総平均>その他産品・製品>窯業・土石製品>陶磁器
PRCG20_2501040009,import_contract,商品群,3,その他の窯業・土石製品,False,総平均>その他産品・製品>窯業・土石製品
PRCG20_2501050011,import_contract,品目,4,石工品,True,総平均>その他産品・製品>窯業・土石製品>その他の窯業・土石製品
PRCG20_2501030004,import_contract,小類別,2,その他工業製品,False,総平均>その他産品・製品
PRCG20_2501040010,import_contract,商品群,3,木製家具,False,総平均>その他産品・製品>その他工業製品
PRCG20_2501050012,import_contract,品目,4,木製家具,True,総平均>その他産品・製品>その他工業製品>木製家具
PRCG20_2501040011,import_contract,商品群,3,金属製家具,False,総平均>その他産品・製品>その他工業製品
PRCG20_2501050013,import_contract,品目,4,金属製家具,True,総平均>その他産品・製品>その他工業製品>金属製家具
PRCG20_2501040012,import_contract,商品群,3,タイヤ・チューブ,False,総平均>その他産品・製品>その他工業製品
PRCG20_2501050014,import_contract,品目,4,自動車タイヤ,True,総平均>その他産品・製品>その他工業製品>タイヤ・チューブ
PRCG20_2501040013,import_contract,商品群,3,その他のゴム製品,False,総平均>その他産品・製品>その他工業製品
PRCG20_2501050015,import_contract,品目,4,ゴム製履物,True,総平均>その他産品・製品>その他工業製品>その他のゴム製品
PRCG20_2501050016,import_contract,品目,4,プラスチック製履物,True,総平均>その他産品・製品>その他工業製品>その他のゴム製品
PRCG20_2501050017,import_contract,品目,4,医療・衛生用ゴム製品,False,総平均>その他産品・製品>その他工業製品>その他のゴム製品
PRCG20_2501040014,import_contract,商品群,3,革製履物,False,総平均>その他産品・製品>その他工業製品
PRCG20_2501050018,import_contract,品目,4,革製履物,True,総平均>その他産品・製品>その他工業製品>革製履物
PRCG20_2501040015,import_contract,商品群,3,なめし革・革製品・毛皮,False,総平均>その他産品・製品>その他工業製品
PRCG20_2501050019,import_contract,品目,4,かばん・袋物,False,総平均>その他産品・製品>その他工業製品>なめし革・革製品・毛皮
PRCG20_2501040016,import_contract,商品群,3,がん具,False,総平均>その他産品・製品>その他工業製品
PRCG20_2501050020,import_contract,品目,4,がん具,True,総平均>その他産品・製品>その他工業製品>がん具
PRCG20_2501040017,import_contract,商品群,3,運動用品,False,総平均>その他産品・製品>その他工業製品
PRCG20_2501050021,import_contract,品目,4,運動用品,True,総平均>その他産品・製品>その他工業製品>運動用品
PRCG20_2501040018,import_contract,商品群,3,時計,False,総平均>その他産品・製品>その他工業製品
PRCG20_2501050022,import_contract,品目,4,時計,True,総平均>その他産品・製品>その他工業製品>時計
PRCG20_2501040019,import_contract,商品群,3,楽器,False,総平均>その他産品・製品>その他工業製品
PRCG20_2501050023,import_contract,品目,4,楽器,True,総平均>その他産品・製品>その他工業製品>楽器
PRCG20_2501040020,import_contract,商品群,3,筆記具・文具,False,総平均>その他産品・製品>その他工業製品
PRCG20_2501050024,import_contract,品目,4,筆記具・文具,True,総平均>その他産品・製品>その他工業製品>筆記具・文具
PRCG20_2501040021,import_contract,商品群,3,その他の製造工業製品,False,総平均>その他産品・製品>その他工業製品
PRCG20_2501050025,import_contract,品目,4,洋傘,True,総平均>その他産品・製品>その他工業製品>その他の製造工業製品
PRCG20_2501050026,import_contract,品目,4,眼鏡枠・レンズ,True,総平均>その他産品・製品>その他工業製品>その他の製造工業製品
PRCG20_2501050027,import_contract,品目,4,人体安全保護具・救命具,True,総平均>その他産品・製品>その他工業製品>その他の製造工業製品
PRCG20_2501030005,import_contract,小類別,2,非食料用農水産物,False,総平均>その他産品・製品
PRCG20_2501040022,import_contract,商品群,3,その他の非食用耕種作物,False,総平均>その他産品・製品>非食料用農水産物
PRCG20_2501050028,import_contract,品目,4,天然ゴム,True,総平均>その他産品・製品>非食料用農水産物>その他の非食用耕種作物
PRCG20_2501040023,import_contract,商品群,3,海面養殖業,False,総平均>その他産品・製品>非食料用農水産物
PRCG20_2501050029,import_contract,品目,4,真珠,True,総平均>その他産品・製品>非食料用農水産物>海面養殖業
PRCG20_2501030006,import_contract,小類別,2,原塩,False,総平均>その他産品・製品
PRCG20_2501040024,import_contract,商品群,3,原塩,False,総平均>その他産品・製品>原塩
PRCG20_2501050030,import_contract,品目,4,原塩,True,総平均>その他産品・製品>原塩>原塩
PRCG20_1200000000,domestic,総平均,0,総平均,False,
PRCG20_1200010001,domestic,大類別,0,工業製品,False,
PRCG20_1200120001,domestic,類別,1,飲食料品,False,工業製品
PRCG20_1200130001,domestic,小類別,2,食料品,False,工業製品>飲食料品
PRCG20_1200140001,domestic,商品群,3,酪農品,False,工業製品>飲食料品>食料品
PRCG20_1200150001,domestic,品目,4,処理牛乳,True,工業製品>飲食料品>食料品>酪農品
PRCG20_1200150002,domestic,品目,4,乳飲料・乳酸菌飲料,False,工業製品>飲食料品>食料品>酪農品
PRCG20_1200150003,domestic,品目,4,粉乳,True,工業製品>飲食料品>食料品>酪農品
PRCG20_1200150004,domestic,品目,4,バター,True,工業製品>飲食料品>食料品>酪農品
PRCG20_1200150005,domestic,品目,4,チーズ,True,工業製品>飲食料品>食料品>酪農品
PRCG20_1200150006,domestic,品目,4,生クリーム,True,工業製品>飲食料品>食料品>酪農品
PRCG20_1200150007,domestic,品目,4,アイスクリーム,True,工業製品>飲食料品>食料品>酪農品
PRCG20_1200150008,domestic,品目,4,ヨーグルト,True,工業製品>飲食料品>食料品>酪農品
PRCG20_1200140002,domestic,商品群,3,その他の畜産食料品,False,工業製品>飲食料品>食料品
PRCG20_1200150009,domestic,品目,4,肉製品,True,工業製品>飲食料品>食料品>その他の畜産食料品
PRCG20_1200140003,domestic,商品群,3,水産びん・かん詰,False,工業製品>飲食料品>食料品
PRCG20_1200150010,domestic,品目,4,水産びん・かん詰,True,工業製品>飲食料品>食料品>水産びん・かん詰
PRCG20_1200140004,domestic,商品群,3,ねり製品,False,工業製品>飲食料品>食料品
PRCG20_1200150011,domestic,品目,4,ねり製品,False,工業製品>飲食料品>食料品>ねり製品
PRCG20_1200140005,domestic,商品群,3,その他の水産食料品,False,工業製品>飲食料品>食料品
PRCG20_1200150012,domestic,品目,4,かつおパック,False,工業製品>飲食料品>食料品>その他の水産食料品
PRCG20_1200150013,domestic,品目,4,水産物漬物,False,工業製品>飲食料品>食料品>その他の水産食料品
PRCG20_1200150014,domestic,品目,4,つくだ煮,True,工業製品>飲食料品>食料品>その他の水産食料品
PRCG20_1200140006,domestic,商品群,3,製粉,False,工業製品>飲食料品>食料品
PRCG20_1200150015,domestic,品目,4,小麦粉,True,工業製品>飲食料品>食料品>製粉
PRCG20_1200140007,domestic,商品群,3,めん類,False,工業製品>飲食料品>食料品
PRCG20_1200150016,domestic,品目,4,即席めん,True,工業製品>飲食料品>食料品>めん類
PRCG20_1200150017,domestic,品目,4,和風めん,True,工業製品>飲食料品>食料品>めん類
PRCG20_1200150018,domestic,品目,4,中華めん,True,工業製品>飲食料品>食料品>めん類
PRCG20_1200150019,domestic,品目,4,洋風めん,True,工業製品>飲食料品>食料品>めん類
PRCG20_1200140008,domestic,商品群,3,パン類,False,工業製品>飲食料品>食料品
PRCG20_1200150020,domestic,品目,4,食パン,True,工業製品>飲食料品>食料品>パン類
PRCG20_1200150021,domestic,品目,4,菓子パン,True,工業製品>飲食料品>食料品>パン類
PRCG20_1200150022,domestic,品目,4,調理パン・サンドイッチ,True,工業製品>飲食料品>食料品>パン類
PRCG20_1200140009,domestic,商品群,3,菓子類,False,工業製品>飲食料品>食料品
PRCG20_1200150023,domestic,品目,4,洋生菓子,True,工業製品>飲食料品>食料品>菓子類
PRCG20_1200150024,domestic,品目,4,和生菓子,True,工業製品>飲食料品>食料品>菓子類
PRCG20_1200150025,domestic,品目,4,ビスケット類,True,工業製品>飲食料品>食料品>菓子類
PRCG20_1200150026,domestic,品目,4,米菓,True,工業製品>飲食料品>食料品>菓子類
PRCG20_1200150027,domestic,品目,4,キャンデー,True,工業製品>飲食料品>食料品>菓子類
PRCG20_1200150028,domestic,品目,4,チョコレート,True,工業製品>飲食料品>食料品>菓子類
PRCG20_1200150029,domestic,品目,4,チューインガム,True,工業製品>飲食料品>食料品>菓子類
PRCG20_1200150030,domestic,品目,4,スナック菓子,True,工業製品>飲食料品>食料品>菓子類
PRCG20_1200150031,domestic,品目,4,氷菓,True,工業製品>飲食料品>食料品>菓子類
PRCG20_1200150032,domestic,品目,4,豆菓子,True,工業製品>飲食料品>食料品>菓子類
PRCG20_1200150033,domestic,品目,4,シリアル,True,工業製品>飲食料品>食料品>菓子類
PRCG20_1200140010,domestic,商品群,3,農産保存食料品,False,工業製品>飲食料品>食料品
PRCG20_1200150034,domestic,品目,4,果実・野菜缶詰,False,工業製品>飲食料品>食料品>農産保存食料品
PRCG20_1200150035,domestic,品目,4,漬物,True,工業製品>飲食料品>食料品>農産保存食料品
PRCG20_1200140011,domestic,商品群,3,砂糖,False,工業製品>飲食料品>食料品
PRCG20_1200150036,domestic,品目,4,砂糖,False,工業製品>飲食料品>食料品>砂糖
PRCG20_1200140012,domestic,商品群,3,でん粉,False,工業製品>飲食料品>食料品
PRCG20_1200150037,domestic,品目,4,でん粉,True,工業製品>飲食料品>食料品>でん粉
PRCG20_1200140013,domestic,商品群,3,ぶどう糖・水あめ・異性化糖,False,工業製品>飲食料品>食料品
PRCG20_1200150038,domestic,品目,4,ぶどう糖・水あめ,True,工業製品>飲食料品>食料品>ぶどう糖・水あめ・異性化糖
PRCG20_1200150039,domestic,品目,4,異性化糖,True,工業製品>飲食料品>食料品>ぶどう糖・水あめ・異性化糖
PRCG20_1200140014,domestic,商品群,3,動植物油脂,False,工業製品>飲食料品>食料品
PRCG20_1200150040,domestic,品目,4,植物油脂（除混合植物油脂）,True,工業製品>飲食料品>食料品>動植物油脂
PRCG20_1200150041,domestic,品目,4,混合植物油脂,True,工業製品>飲食料品>食料品>動植物油脂
PRCG20_1200150042,domestic,品目,4,植物油搾かす,False,工業製品>飲食料品>食料品>動植物油脂
PRCG20_1200150043,domestic,品目,4,ショートニング,True,工業製品>飲食料品>食料品>動植物油脂
PRCG20_1200150044,domestic,品目,4,マーガリン,True,工業製品>飲食料品>食料品>動植物油脂
PRCG20_1200140015,domestic,商品群,3,調味料,False,工業製品>飲食料品>食料品
PRCG20_1200150045,domestic,品目,4,みそ,True,工業製品>飲食料品>食料品>調味料
PRCG20_1200150046,domestic,品目,4,しょう油,True,工業製品>飲食料品>食料品>調味料
PRCG20_1200150047,domestic,品目,4,ソース,False,工業製品>飲食料品>食料品>調味料
PRCG20_1200150048,domestic,品目,4,食酢,True,工業製品>飲食料品>食料品>調味料
PRCG20_1200150049,domestic,品目,4,香辛料,True,工業製品>飲食料品>食料品>調味料
PRCG20_1200150050,domestic,品目,4,ルウ,True,工業製品>飲食料品>食料品>調味料
PRCG20_1200150051,domestic,品目,4,うま味・風味調味料,True,工業製品>飲食料品>食料品>調味料
PRCG20_1200150052,domestic,品目,4,たれ・めんつゆ,False,工業製品>飲食料品>食料品>調味料
PRCG20_1200140016,domestic,商品群,3,冷凍調理食品,False,工業製品>飲食料品>食料品
PRCG20_1200150053,domestic,品目,4,冷凍調理食品,True,工業製品>飲食料品>食料品>冷凍調理食品
PRCG20_1200140017,domestic,商品群,3,レトルト食品,False,工業製品>飲食料品>食料品
PRCG20_1200150054,domestic,品目,4,レトルト食品,True,工業製品>飲食料品>食料品>レトルト食品
PRCG20_1200140018,domestic,商品群,3,そう菜・すし・弁当,False,工業製品>飲食料品>食料品
PRCG20_1200150055,domestic,品目,4,そう菜,True,工業製品>飲食料品>食料品>そう菜・すし・弁当
PRCG20_1200150056,domestic,品目,4,すし・弁当・おにぎり,True,工業製品>飲食料品>食料品>そう菜・すし・弁当
PRCG20_1200140019,domestic,商品群,3,その他の食料品,False,工業製品>飲食料品>食料品
PRCG20_1200150057,domestic,品目,4,豆腐・しみ豆腐・油揚げ類,False,工業製品>飲食料品>食料品>その他の食料品
PRCG20_1200150058,domestic,品目,4,あん,True,工業製品>飲食料品>食料品>その他の食料品
PRCG20_1200150059,domestic,品目,4,サプリメント,True,工業製品>飲食料品>食料品>その他の食料品
PRCG20_1200150060,domestic,品目,4,こんにゃく,True,工業製品>飲食料品>食料品>その他の食料品
PRCG20_1200150061,domestic,品目,4,即席みそ汁・インスタントスープ,True,工業製品>飲食料品>食料品>その他の食料品
PRCG20_1200150062,domestic,品目,4,茶づけ・ふりかけ,True,工業製品>飲食料品>食料品>その他の食料品
PRCG20_1200150063,domestic,品目,4,納豆,True,工業製品>飲食料品>食料品>その他の食料品
PRCG20_1200150064,domestic,品目,4,パン粉,True,工業製品>飲食料品>食料品>その他の食料品
PRCG20_1200130002,domestic,小類別,2,飲料,False,工業製品>飲食料品
PRCG20_1200140020,domestic,商品群,3,清酒,False,工業製品>飲食料品>飲料
PRCG20_1200150065,domestic,品目,4,清酒,False,工業製品>飲食料品>飲料>清酒
PRCG20_1200140021,domestic,商品群,3,ビール類,False,工業製品>飲食料品>飲料
PRCG20_1200150066,domestic,品目,4,ビール,True,工業製品>飲食料品>飲料>ビール類
PRCG20_1200150067,domestic,品目,4,発泡酒・新ジャンル,False,工業製品>飲食料品>飲料>ビール類
PRCG20_1200140022,domestic,商品群,3,ウイスキー類,False,工業製品>飲食料品>飲料
PRCG20_1200150068,domestic,品目,4,ウイスキー,True,工業製品>飲食料品>飲料>ウイスキー類
PRCG20_1200140023,domestic,商品群,3,その他の酒類,False,工業製品>飲食料品>飲料
PRCG20_1200150069,domestic,品目,4,果実酒・チューハイ,False,工業製品>飲食料品>飲料>その他の酒類
PRCG20_1200150070,domestic,品目,4,焼ちゅう,True,工業製品>飲食料品>飲料>その他の酒類
PRCG20_1200140024,domestic,商品群,3,茶・コーヒー,False,工業製品>飲食料品>飲料
PRCG20_1200150071,domestic,品目,4,荒茶,True,工業製品>飲食料品>飲料>茶・コーヒー
PRCG20_1200150072,domestic,品目,4,緑茶,True,工業製品>飲食料品>飲料>茶・コーヒー
PRCG20_1200150073,domestic,品目,4,コーヒー,False,工業製品>飲食料品>飲料>茶・コーヒー
PRCG20_1200140025,domestic,商品群,3,清涼飲料,False,工業製品>飲食料品>飲料
PRCG20_1200150074,domestic,品目,4,炭酸飲料,True,工業製品>飲食料品>飲料>清涼飲料
PRCG20_1200150075,domestic,品目,4,ジュース,False,工業製品>飲食料品>飲料>清涼飲料
PRCG20_1200150076,domestic,品目,4,コーヒー飲料,True,工業製品>飲食料品>飲料>清涼飲料
PRCG20_1200150077,domestic,品目,4,茶飲料,True,工業製品>飲食料品>飲料>清涼飲料
PRCG20_1200150078,domestic,品目,4,ミネラルウォーター,True,工業製品>飲食料品>飲料>清涼飲料
PRCG20_1200150079,domestic,品目,4,スポーツドリンク,True,工業製品>飲食料品>飲料>清涼飲料
PRCG20_1200150080,domestic,品目,4,豆乳飲料,True,工業製品>飲食料品>飲料>清涼飲料
PRCG20_1200150081,domestic,品目,4,ノンアルコール飲料,True,工業製品>飲食料品>飲料>清涼飲料
PRCG20_1200140026,domestic,商品群,3,製氷,False,工業製品>飲食料品>飲料
PRCG20_1200150082,domestic,品目,4,人造氷,True,工業製品>飲食料品>飲料>製氷
PRCG20_1200130003,domestic,小類別,2,飼料・有機質肥料,False,工業製品>飲食料品
PRCG20_1200140027,domestic,商品群,3,飼料,False,工業製品>飲食料品>飼料・有機質肥料
PRCG20_1200150083,domestic,品目,4,配合飼料,True,工業製品>飲食料品>飼料・有機質肥料>飼料
PRCG20_1200150084,domestic,品目,4,ペットフード,True,工業製品>飲食料品>飼料・有機質肥料>飼料
PRCG20_1200130004,domestic,小類別,2,たばこ,False,工業製品>飲食料品
PRCG20_1200140028,domestic,商品群,3,たばこ,False,工業製品>飲食料品>たばこ
PRCG20_1200150085,domestic,品目,4,たばこ,True,工業製品>飲食料品>たばこ>たばこ
PRCG20_1200220001,domestic,類別,1,繊維製品,False,工業製品
PRCG20_1200230001,domestic,小類別,2,繊維工業製品,False,工業製品>繊維製品
PRCG20_1200240001,domestic,商品群,3,紡績糸,False,工業製品>繊維製品>繊維工業製品
PRCG20_1200250001,domestic,品目,4,紡績糸,False,工業製品>繊維製品>繊維工業製品>紡績糸
PRCG20_1200240002,domestic,商品群,3,織物,False,工業製品>繊維製品>繊維工業製品
PRCG20_1200250002,domestic,品目,4,織物,False,工業製品>繊維製品>繊維工業製品>織物
PRCG20_1200240003,domestic,商品群,3,その他の繊維工業製品,False,工業製品>繊維製品>繊維工業製品
PRCG20_1200250003,domestic,品目,4,フェルト生地・不織布,True,工業製品>繊維製品>繊維工業製品>その他の繊維工業製品
PRCG20_1200230002,domestic,小類別,2,衣服・その他繊維既製品,False,工業製品>繊維製品
PRCG20_1200240004,domestic,商品群,3,織物製・ニット製衣服,False,工業製品>繊維製品>衣服・その他繊維既製品
PRCG20_1200250004,domestic,品目,4,外衣・シャツ,False,工業製品>繊維製品>衣服・その他繊維既製品>織物製・ニット製衣服
PRCG20_1200250005,domestic,品目,4,下着類,True,工業製品>繊維製品>衣服・その他繊維既製品>織物製・ニット製衣服
PRCG20_1200240005,domestic,商品群,3,その他の衣服・身の回り品,False,工業製品>繊維製品>衣服・その他繊維既製品
PRCG20_1200250006,domestic,品目,4,繊維製身の回り品,False,工業製品>繊維製品>衣服・その他繊維既製品>その他の衣服・身の回り品
PRCG20_1200240006,domestic,商品群,3,その他の繊維既製品,False,工業製品>繊維製品>衣服・その他繊維既製品
PRCG20_1200250007,domestic,品目,4,寝具,True,工業製品>繊維製品>衣服・その他繊維既製品>その他の繊維既製品
PRCG20_1200250008,domestic,品目,4,敷物,True,工業製品>繊維製品>衣服・その他繊維既製品>その他の繊維既製品
PRCG20_1200250009,domestic,品目,4,繊維製帆布,True,工業製品>繊維製品>衣服・その他繊維既製品>その他の繊維既製品
PRCG20_1200250010,domestic,品目,4,タオル,True,工業製品>繊維製品>衣服・その他繊維既製品>その他の繊維既製品
PRCG20_1200250011,domestic,品目,4,衛生材料,True,工業製品>繊維製品>衣服・その他繊維既製品>その他の繊維既製品
PRCG20_1200320001,domestic,類別,1,木材・木製品,False,工業製品
PRCG20_1200330001,domestic,小類別,2,木材・木製品,False,工業製品>木材・木製品
PRCG20_1200340001,domestic,商品群,3,製材,False,工業製品>木材・木製品>木材・木製品
PRCG20_1200350001,domestic,品目,4,板,True,工業製品>木材・木製品>木材・木製品>製材
PRCG20_1200350002,domestic,品目,4,ひき割,True,工業製品>木材・木製品>木材・木製品>製材
PRCG20_1200350003,domestic,品目,4,ひき角,True,工業製品>木材・木製品>木材・木製品>製材
PRCG20_1200350004,domestic,品目,4,梱包用材,True,工業製品>木材・木製品>木材・木製品>製材
PRCG20_1200340002,domestic,商品群,3,合板・集成材,False,工業製品>木材・木製品>木材・木製品
PRCG20_1200350005,domestic,品目,4,普通合板,True,工業製品>木材・木製品>木材・木製品>合板・集成材
PRCG20_1200350006,domestic,品目,4,特殊合板,True,工業製品>木材・木製品>木材・木製品>合板・集成材
PRCG20_1200350007,domestic,品目,4,集成材,True,工業製品>木材・木製品>木材・木製品>合板・集成材
PRCG20_1200340003,domestic,商品群,3,木材チップ,False,工業製品>木材・木製品>木材・木製品
PRCG20_1200350008,domestic,品目,4,木材チップ,True,工業製品>木材・木製品>木材・木製品>木材チップ
PRCG20_1200340004,domestic,商品群,3,その他の木製品,False,工業製品>木材・木製品>木材・木製品
PRCG20_1200350009,domestic,品目,4,造作材,True,工業製品>木材・木製品>木材・木製品>その他の木製品
PRCG20_1200350010,domestic,品目,4,住宅建築用木製組立材料,True,工業製品>木材・木製品>木材・木製品>その他の木製品
PRCG20_1200350011,domestic,品目,4,床板,True,工業製品>木材・木製品>木材・木製品>その他の木製品
PRCG20_1200350012,domestic,品目,4,木箱,True,工業製品>木材・木製品>木材・木製品>その他の木製品
PRCG20_1200420001,domestic,類別,1,パルプ・紙・同製品,False,工業製品
PRCG20_1200430001,domestic,小類別,2,パルプ・紙・板紙・加工紙,False,工業製品>パルプ・紙・同製品
PRCG20_1200440001,domestic,商品群,3,洋紙・和紙,False,工業製品>パルプ・紙・同製品>パルプ・紙・板紙・加工紙
PRCG20_1200450001,domestic,品目,4,新聞用紙,True,工業製品>パルプ・紙・同製品>パルプ・紙・板紙・加工紙>洋紙・和紙
PRCG20_1200450002,domestic,品目,4,非塗工印刷用紙,False,工業製品>パルプ・紙・同製品>パルプ・紙・板紙・加工紙>洋紙・和紙
PRCG20_1200450003,domestic,品目,4,塗工印刷用紙,False,工業製品>パルプ・紙・同製品>パルプ・紙・板紙・加工紙>洋紙・和紙
PRCG20_1200450004,domestic,品目,4,情報用紙,True,工業製品>パルプ・紙・同製品>パルプ・紙・板紙・加工紙>洋紙・和紙
PRCG20_1200450005,domestic,品目,4,クラフト紙,True,工業製品>パルプ・紙・同製品>パルプ・紙・板紙・加工紙>洋紙・和紙
PRCG20_1200450006,domestic,品目,4,加工原紙,True,工業製品>パルプ・紙・同製品>パルプ・紙・板紙・加工紙>洋紙・和紙
PRCG20_1200440002,domestic,商品群,3,板紙,False,工業製品>パルプ・紙・同製品>パルプ・紙・板紙・加工紙
PRCG20_1200450007,domestic,品目,4,ライナー,True,工業製品>パルプ・紙・同製品>パルプ・紙・板紙・加工紙>板紙
PRCG20_1200450008,domestic,品目,4,中しん原紙,True,工業製品>パルプ・紙・同製品>パルプ・紙・板紙・加工紙>板紙
PRCG20_1200450009,domestic,品目,4,白板紙,True,工業製品>パルプ・紙・同製品>パルプ・紙・板紙・加工紙>板紙
PRCG20_1200440003,domestic,商品群,3,段ボール,False,工業製品>パルプ・紙・同製品>パルプ・紙・板紙・加工紙
PRCG20_1200450010,domestic,品目,4,段ボール,True,工業製品>パルプ・紙・同製品>パルプ・紙・板紙・加工紙>段ボール
PRCG20_1200440004,domestic,商品群,3,塗工紙・建設用加工紙,False,工業製品>パルプ・紙・同製品>パルプ・紙・板紙・加工紙
PRCG20_1200450011,domestic,品目,4,アスファルト塗工紙,True,工業製品>パルプ・紙・同製品>パルプ・紙・板紙・加工紙>塗工紙・建設用加工紙
PRCG20_1200450012,domestic,品目,4,ノーカーボン紙・粘着紙,True,工業製品>パルプ・紙・同製品>パルプ・紙・板紙・加工紙>塗工紙・建設用加工紙
PRCG20_1200450013,domestic,品目,4,壁紙・ふすま紙,True,工業製品>パルプ・紙・同製品>パルプ・紙・板紙・加工紙>塗工紙・建設用加工紙
PRCG20_1200430002,domestic,小類別,2,紙加工品,False,工業製品>パルプ・紙・同製品
PRCG20_1200440005,domestic,商品群,3,段ボール箱,False,工業製品>パルプ・紙・同製品>紙加工品
PRCG20_1200450014,domestic,品目,4,段ボール箱,True,工業製品>パルプ・紙・同製品>紙加工品>段ボール箱
PRCG20_1200440006,domestic,商品群,3,その他の紙製容器,False,工業製品>パルプ・紙・同製品>紙加工品
PRCG20_1200450015,domestic,品目,4,重包装紙袋,True,工業製品>パルプ・紙・同製品>紙加工品>その他の紙製容器
PRCG20_1200450016,domestic,品目,4,軽包装紙袋,True,工業製品>パルプ・紙・同製品>紙加工品>その他の紙製容器
PRCG20_1200450017,domestic,品目,4,紙箱,True,工業製品>パルプ・紙・同製品>紙加工品>その他の紙製容器
PRCG20_1200440007,domestic,商品群,3,紙製衛生材料・用品,False,工業製品>パルプ・紙・同製品>紙加工品
PRCG20_1200450018,domestic,品目,4,大人用紙おむつ,True,工業製品>パルプ・紙・同製品>紙加工品>紙製衛生材料・用品
PRCG20_1200450019,domestic,品目,4,子供用紙おむつ,True,工業製品>パルプ・紙・同製品>紙加工品>紙製衛生材料・用品
PRCG20_1200450020,domestic,品目,4,ティッシュペーパー,True,工業製品>パルプ・紙・同製品>紙加工品>紙製衛生材料・用品
PRCG20_1200450021,domestic,品目,4,トイレットペーパー,True,工業製品>パルプ・紙・同製品>紙加工品>紙製衛生材料・用品
PRCG20_1200450022,domestic,品目,4,生理用品,True,工業製品>パルプ・紙・同製品>紙加工品>紙製衛生材料・用品
PRCG20_1200440008,domestic,商品群,3,その他のパルプ・紙・紙加工品,False,工業製品>パルプ・紙・同製品>紙加工品
PRCG20_1200450023,domestic,品目,4,封筒,True,工業製品>パルプ・紙・同製品>紙加工品>その他のパルプ・紙・紙加工品
PRCG20_1200450024,domestic,品目,4,日用紙製品,True,工業製品>パルプ・紙・同製品>紙加工品>その他のパルプ・紙・紙加工品
PRCG20_1200450025,domestic,品目,4,紙管,True,工業製品>パルプ・紙・同製品>紙加工品>その他のパルプ・紙・紙加工品
PRCG20_1200520001,domestic,類別,1,化学製品,False,工業製品
PRCG20_1200530001,domestic,小類別,2,化学肥料,False,工業製品>化学製品
PRCG20_1200540001,domestic,商品群,3,化学肥料,False,工業製品>化学製品>化学肥料
PRCG20_1200550001,domestic,品目,4,化学肥料,True,工業製品>化学製品>化学肥料>化学肥料
PRCG20_1200530002,domestic,小類別,2,無機化学工業製品,False,工業製品>化学製品
PRCG20_1200540002,domestic,商品群,3,ソーダ工業製品,False,工業製品>化学製品>無機化学工業製品
PRCG20_1200550002,domestic,品目,4,ソーダ工業製品,True,工業製品>化学製品>無機化学工業製品>ソーダ工業製品
PRCG20_1200540003,domestic,商品群,3,無機顔料,False,工業製品>化学製品>無機化学工業製品
PRCG20_1200550003,domestic,品目,4,無機顔料,True,工業製品>化学製品>無機化学工業製品>無機顔料
PRCG20_1200540004,domestic,商品群,3,圧縮ガス・液化ガス,False,工業製品>化学製品>無機化学工業製品
PRCG20_1200550004,domestic,品目,4,圧縮ガス・液化ガス,True,工業製品>化学製品>無機化学工業製品>圧縮ガス・液化ガス
PRCG20_1200540005,domestic,商品群,3,塩,False,工業製品>化学製品>無機化学工業製品
PRCG20_1200550005,domestic,品目,4,塩,True,工業製品>化学製品>無機化学工業製品>塩
PRCG20_1200540006,domestic,商品群,3,その他の無機化学工業製品,False,工業製品>化学製品>無機化学工業製品
PRCG20_1200550006,domestic,品目,4,電池用無機化学工業製品,True,工業製品>化学製品>無機化学工業製品>その他の無機化学工業製品
PRCG20_1200530003,domestic,小類別,2,石油化学系基礎製品,False,工業製品>化学製品
PRCG20_1200540007,domestic,商品群,3,石油化学基礎製品,False,工業製品>化学製品>石油化学系基礎製品
PRCG20_1200550007,domestic,品目,4,エチレン,True,工業製品>化学製品>石油化学系基礎製品>石油化学基礎製品
PRCG20_1200550008,domestic,品目,4,プロピレン,True,工業製品>化学製品>石油化学系基礎製品>石油化学基礎製品
PRCG20_1200550009,domestic,品目,4,ブタン・ブチレン・ブタジエン,False,工業製品>化学製品>石油化学系基礎製品>石油化学基礎製品
PRCG20_1200540008,domestic,商品群,3,石油化学系芳香族製品,False,工業製品>化学製品>石油化学系基礎製品
PRCG20_1200550010,domestic,品目,4,ベンゼン,True,工業製品>化学製品>石油化学系基礎製品>石油化学系芳香族製品
PRCG20_1200550011,domestic,品目,4,キシレン,True,工業製品>化学製品>石油化学系基礎製品>石油化学系芳香族製品
PRCG20_1200530004,domestic,小類別,2,有機化学工業製品,False,工業製品>化学製品
PRCG20_1200540009,domestic,商品群,3,脂肪族中間物,False,工業製品>化学製品>有機化学工業製品
PRCG20_1200550012,domestic,品目,4,合成アセトン,True,工業製品>化学製品>有機化学工業製品>脂肪族中間物
PRCG20_1200550013,domestic,品目,4,酸化エチレン・エチレングリコール,False,工業製品>化学製品>有機化学工業製品>脂肪族中間物
PRCG20_1200550014,domestic,品目,4,酸化プロピレン・ポリプロピレングリコール,False,工業製品>化学製品>有機化学工業製品>脂肪族中間物
PRCG20_1200550015,domestic,品目,4,塩化ビニルモノマー,True,工業製品>化学製品>有機化学工業製品>脂肪族中間物
PRCG20_1200550016,domestic,品目,4,アクリロニトリル,True,工業製品>化学製品>有機化学工業製品>脂肪族中間物
PRCG20_1200540010,domestic,商品群,3,環式中間物・合成染料・有機顔料,False,工業製品>化学製品>有機化学工業製品
PRCG20_1200550017,domestic,品目,4,スチレンモノマー,True,工業製品>化学製品>有機化学工業製品>環式中間物・合成染料・有機顔料
PRCG20_1200550018,domestic,品目,4,フェノール・ビスフェノールＡ,False,工業製品>化学製品>有機化学工業製品>環式中間物・合成染料・有機顔料
PRCG20_1200550019,domestic,品目,4,合成染料,True,工業製品>化学製品>有機化学工業製品>環式中間物・合成染料・有機顔料
PRCG20_1200540011,domestic,商品群,3,合成ゴム,False,工業製品>化学製品>有機化学工業製品
PRCG20_1200550020,domestic,品目,4,合成ゴム,True,工業製品>化学製品>有機化学工業製品>合成ゴム
PRCG20_1200530005,domestic,小類別,2,合成樹脂,False,工業製品>化学製品
PRCG20_1200540012,domestic,商品群,3,熱硬化性樹脂,False,工業製品>化学製品>合成樹脂
PRCG20_1200550021,domestic,品目,4,熱硬化性樹脂,False,工業製品>化学製品>合成樹脂>熱硬化性樹脂
PRCG20_1200540013,domestic,商品群,3,熱可塑性樹脂,False,工業製品>化学製品>合成樹脂
PRCG20_1200550022,domestic,品目,4,ポリエチレン,False,工業製品>化学製品>合成樹脂>熱可塑性樹脂
PRCG20_1200550023,domestic,品目,4,ポリスチレン,False,工業製品>化学製品>合成樹脂>熱可塑性樹脂
PRCG20_1200550024,domestic,品目,4,ポリプロピレン,True,工業製品>化学製品>合成樹脂>熱可塑性樹脂
PRCG20_1200550025,domestic,品目,4,塩化ビニル樹脂,True,工業製品>化学製品>合成樹脂>熱可塑性樹脂
PRCG20_1200540014,domestic,商品群,3,高機能性樹脂,False,工業製品>化学製品>合成樹脂
PRCG20_1200550026,domestic,品目,4,ポリアミド樹脂,True,工業製品>化学製品>合成樹脂>高機能性樹脂
PRCG20_1200550027,domestic,品目,4,飽和ポリエステル樹脂,True,工業製品>化学製品>合成樹脂>高機能性樹脂
PRCG20_1200550028,domestic,品目,4,ポリカーボネート,True,工業製品>化学製品>合成樹脂>高機能性樹脂
PRCG20_1200550029,domestic,品目,4,ポリフェニレンサルファイド,True,工業製品>化学製品>合成樹脂>高機能性樹脂
PRCG20_1200540015,domestic,商品群,3,その他の合成樹脂,False,工業製品>化学製品>合成樹脂
PRCG20_1200550030,domestic,品目,4,メタクリル樹脂,True,工業製品>化学製品>合成樹脂>その他の合成樹脂
PRCG20_1200550031,domestic,品目,4,フッ素樹脂,True,工業製品>化学製品>合成樹脂>その他の合成樹脂
PRCG20_1200530006,domestic,小類別,2,化学繊維,False,工業製品>化学製品
PRCG20_1200540016,domestic,商品群,3,化学繊維,False,工業製品>化学製品>化学繊維
PRCG20_1200550032,domestic,品目,4,化学繊維,True,工業製品>化学製品>化学繊維>化学繊維
PRCG20_1200530007,domestic,小類別,2,医薬品,False,工業製品>化学製品
PRCG20_1200540017,domestic,商品群,3,医薬品,False,工業製品>化学製品>医薬品
PRCG20_1200550033,domestic,品目,4,医薬品（除動物用）,True,工業製品>化学製品>医薬品>医薬品
PRCG20_1200530008,domestic,小類別,2,化学最終製品,False,工業製品>化学製品
PRCG20_1200540018,domestic,商品群,3,油脂加工製品・界面活性剤,False,工業製品>化学製品>化学最終製品
PRCG20_1200550034,domestic,品目,4,石けん・身体洗浄剤,True,工業製品>化学製品>化学最終製品>油脂加工製品・界面活性剤
PRCG20_1200550035,domestic,品目,4,家庭用合成洗剤,True,工業製品>化学製品>化学最終製品>油脂加工製品・界面活性剤
PRCG20_1200550036,domestic,品目,4,柔軟仕上げ剤,True,工業製品>化学製品>化学最終製品>油脂加工製品・界面活性剤
PRCG20_1200550037,domestic,品目,4,界面活性剤,True,工業製品>化学製品>化学最終製品>油脂加工製品・界面活性剤
PRCG20_1200540019,domestic,商品群,3,化粧品・歯磨,False,工業製品>化学製品>化学最終製品
PRCG20_1200550038,domestic,品目,4,仕上用・皮膚用化粧品,False,工業製品>化学製品>化学最終製品>化粧品・歯磨
PRCG20_1200550039,domestic,品目,4,頭髪用化粧品,True,工業製品>化学製品>化学最終製品>化粧品・歯磨
PRCG20_1200550040,domestic,品目,4,歯磨,True,工業製品>化学製品>化学最終製品>化粧品・歯磨
PRCG20_1200540020,domestic,商品群,3,塗料,False,工業製品>化学製品>化学最終製品
PRCG20_1200550041,domestic,品目,4,電気絶縁塗料,True,工業製品>化学製品>化学最終製品>塗料
PRCG20_1200550042,domestic,品目,4,合成樹脂塗料,True,工業製品>化学製品>化学最終製品>塗料
PRCG20_1200550043,domestic,品目,4,シンナー,True,工業製品>化学製品>化学最終製品>塗料
PRCG20_1200540021,domestic,商品群,3,印刷インキ,False,工業製品>化学製品>化学最終製品
PRCG20_1200550044,domestic,品目,4,印刷インキ,True,工業製品>化学製品>化学最終製品>印刷インキ
PRCG20_1200540022,domestic,商品群,3,農薬,False,工業製品>化学製品>化学最終製品
PRCG20_1200550045,domestic,品目,4,農薬,True,工業製品>化学製品>化学最終製品>農薬
PRCG20_1200540023,domestic,商品群,3,ゼラチン・接着剤,False,工業製品>化学製品>化学最終製品
PRCG20_1200550046,domestic,品目,4,接着剤,True,工業製品>化学製品>化学最終製品>ゼラチン・接着剤
PRCG20_1200540024,domestic,商品群,3,写真感光材料,False,工業製品>化学製品>化学最終製品
PRCG20_1200550047,domestic,品目,4,写真感光材料,True,工業製品>化学製品>化学最終製品>写真感光材料
PRCG20_1200540025,domestic,商品群,3,その他の化学最終製品,False,工業製品>化学製品>化学最終製品
PRCG20_1200550048,domestic,品目,4,触媒,True,工業製品>化学製品>化学最終製品>その他の化学最終製品
PRCG20_1200550049,domestic,品目,4,香料,True,工業製品>化学製品>化学最終製品>その他の化学最終製品
PRCG20_1200550050,domestic,品目,4,漂白剤,True,工業製品>化学製品>化学最終製品>その他の化学最終製品
PRCG20_1200620001,domestic,類別,1,石油・石炭製品,False,工業製品
PRCG20_1200630001,domestic,小類別,2,石油製品,False,工業製品>石油・石炭製品
PRCG20_1200640001,domestic,商品群,3,石油製品,False,工業製品>石油・石炭製品>石油製品
PRCG20_1200650001,domestic,品目,4,ガソリン,True,工業製品>石油・石炭製品>石油製品>石油製品
PRCG20_1200650002,domestic,品目,4,ナフサ,True,工業製品>石油・石炭製品>石油製品>石油製品
PRCG20_1200650003,domestic,品目,4,ジェット燃料油,True,工業製品>石油・石炭製品>石油製品>石油製品
PRCG20_1200650004,domestic,品目,4,灯油,True,工業製品>石油・石炭製品>石油製品>石油製品
PRCG20_1200650005,domestic,品目,4,軽油,True,工業製品>石油・石炭製品>石油製品>石油製品
PRCG20_1200650006,domestic,品目,4,Ａ重油,True,工業製品>石油・石炭製品>石油製品>石油製品
PRCG20_1200650007,domestic,品目,4,Ｂ重油・Ｃ重油,True,工業製品>石油・石炭製品>石油製品>石油製品
PRCG20_1200650008,domestic,品目,4,潤滑油,True,工業製品>石油・石炭製品>石油製品>石油製品
PRCG20_1200650009,domestic,品目,4,アスファルト,True,工業製品>石油・石炭製品>石油製品>石油製品
PRCG20_1200650010,domestic,品目,4,液化石油ガス,True,工業製品>石油・石炭製品>石油製品>石油製品
PRCG20_1200630002,domestic,小類別,2,石炭製品・舗装材料,False,工業製品>石油・石炭製品
PRCG20_1200640002,domestic,商品群,3,石炭製品,False,工業製品>石油・石炭製品>石炭製品・舗装材料
PRCG20_1200650011,domestic,品目,4,石炭コークス,True,工業製品>石油・石炭製品>石炭製品・舗装材料>石炭製品
PRCG20_1200640003,domestic,商品群,3,舗装材料,False,工業製品>石油・石炭製品>石炭製品・舗装材料
PRCG20_1200650012,domestic,品目,4,舗装材料,True,工業製品>石油・石炭製品>石炭製品・舗装材料>舗装材料
PRCG20_1200720001,domestic,類別,1,プラスチック製品,False,工業製品
PRCG20_1200730001,domestic,小類別,2,プラスチック製品,False,工業製品>プラスチック製品
PRCG20_1200740001,domestic,商品群,3,プラスチック製品,False,工業製品>プラスチック製品>プラスチック製品
PRCG20_1200750001,domestic,品目,4,プラスチック板,True,工業製品>プラスチック製品>プラスチック製品>プラスチック製品
PRCG20_1200750002,domestic,品目,4,プラスチック管,True,工業製品>プラスチック製品>プラスチック製品>プラスチック製品
PRCG20_1200750003,domestic,品目,4,プラスチック継手,True,工業製品>プラスチック製品>プラスチック製品>プラスチック製品
PRCG20_1200750004,domestic,品目,4,プラスチック雨どい,True,工業製品>プラスチック製品>プラスチック製品>プラスチック製品
PRCG20_1200750005,domestic,品目,4,プラスチックフィルム・シート,True,工業製品>プラスチック製品>プラスチック製品>プラスチック製品
PRCG20_1200750006,domestic,品目,4,プラスチック床材,True,工業製品>プラスチック製品>プラスチック製品>プラスチック製品
PRCG20_1200750007,domestic,品目,4,合成皮革,True,工業製品>プラスチック製品>プラスチック製品>プラスチック製品
PRCG20_1200750008,domestic,品目,4,電気機器用プラスチック製品,True,工業製品>プラスチック製品>プラスチック製品>プラスチック製品
PRCG20_1200750009,domestic,品目,4,輸送機械用プラスチック製品,True,工業製品>プラスチック製品>プラスチック製品>プラスチック製品
PRCG20_1200750010,domestic,品目,4,軟質プラスチック発泡製品,True,工業製品>プラスチック製品>プラスチック製品>プラスチック製品
PRCG20_1200750011,domestic,品目,4,硬質プラスチック発泡製品,True,工業製品>プラスチック製品>プラスチック製品>プラスチック製品
PRCG20_1200750012,domestic,品目,4,強化プラスチック管板類,True,工業製品>プラスチック製品>プラスチック製品>プラスチック製品
PRCG20_1200750013,domestic,品目,4,再生プラスチック成形材料,True,工業製品>プラスチック製品>プラスチック製品>プラスチック製品
PRCG20_1200750014,domestic,品目,4,プラスチック製日用品,True,工業製品>プラスチック製品>プラスチック製品>プラスチック製品
PRCG20_1200750015,domestic,品目,4,プラスチック製中空成形容器,True,工業製品>プラスチック製品>プラスチック製品>プラスチック製品
PRCG20_1200750016,domestic,品目,4,飲料用プラスチックボトル,True,工業製品>プラスチック製品>プラスチック製品>プラスチック製品
PRCG20_1200750017,domestic,品目,4,プラスチック製容器（除中空成形）,True,工業製品>プラスチック製品>プラスチック製品>プラスチック製品
PRCG20_1200750018,domestic,品目,4,医療・衛生用プラスチック製品,True,工業製品>プラスチック製品>プラスチック製品>プラスチック製品
PRCG20_1200820001,domestic,類別,1,窯業・土石製品,False,工業製品
PRCG20_1200830001,domestic,小類別,2,ガラス・ガラス製品,False,工業製品>窯業・土石製品
PRCG20_1200840001,domestic,商品群,3,板ガラス・安全ガラス,False,工業製品>窯業・土石製品>ガラス・ガラス製品
PRCG20_1200850001,domestic,品目,4,板ガラス,False,工業製品>窯業・土石製品>ガラス・ガラス製品>板ガラス・安全ガラス
PRCG20_1200850002,domestic,品目,4,合わせガラス,True,工業製品>窯業・土石製品>ガラス・ガラス製品>板ガラス・安全ガラス
PRCG20_1200850003,domestic,品目,4,強化ガラス,True,工業製品>窯業・土石製品>ガラス・ガラス製品>板ガラス・安全ガラス
PRCG20_1200850004,domestic,品目,4,複層ガラス,True,工業製品>窯業・土石製品>ガラス・ガラス製品>板ガラス・安全ガラス
PRCG20_1200840002,domestic,商品群,3,ガラス繊維・同製品,False,工業製品>窯業・土石製品>ガラス・ガラス製品
PRCG20_1200850005,domestic,品目,4,ガラス繊維・同製品,False,工業製品>窯業・土石製品>ガラス・ガラス製品>ガラス繊維・同製品
PRCG20_1200840003,domestic,商品群,3,その他のガラス製品,False,工業製品>窯業・土石製品>ガラス・ガラス製品
PRCG20_1200850006,domestic,品目,4,ガラス製加工素材,True,工業製品>窯業・土石製品>ガラス・ガラス製品>その他のガラス製品
PRCG20_1200850007,domestic,品目,4,ガラス容器,True,工業製品>窯業・土石製品>ガラス・ガラス製品>その他のガラス製品
PRCG20_1200830002,domestic,小類別,2,セメント・セメント製品,False,工業製品>窯業・土石製品
PRCG20_1200840004,domestic,商品群,3,セメント,False,工業製品>窯業・土石製品>セメント・セメント製品
PRCG20_1200850008,domestic,品目,4,ポルトランドセメント,True,工業製品>窯業・土石製品>セメント・セメント製品>セメント
PRCG20_1200850009,domestic,品目,4,高炉セメント,True,工業製品>窯業・土石製品>セメント・セメント製品>セメント
PRCG20_1200840005,domestic,商品群,3,生コンクリート,False,工業製品>窯業・土石製品>セメント・セメント製品
PRCG20_1200850010,domestic,品目,4,生コンクリート,True,工業製品>窯業・土石製品>セメント・セメント製品>生コンクリート
PRCG20_1200840006,domestic,商品群,3,セメント製品,False,工業製品>窯業・土石製品>セメント・セメント製品
PRCG20_1200850011,domestic,品目,4,コンクリート管・ポール・パイル,False,工業製品>窯業・土石製品>セメント・セメント製品>セメント製品
PRCG20_1200850012,domestic,品目,4,コンクリートブロック,False,工業製品>窯業・土石製品>セメント・セメント製品>セメント製品
PRCG20_1200850013,domestic,品目,4,道路用コンクリート製品,True,工業製品>窯業・土石製品>セメント・セメント製品>セメント製品
PRCG20_1200850014,domestic,品目,4,プレストレストコンクリート製品,True,工業製品>窯業・土石製品>セメント・セメント製品>セメント製品
PRCG20_1200850015,domestic,品目,4,窯業外装材,True,工業製品>窯業・土石製品>セメント・セメント製品>セメント製品
PRCG20_1200850016,domestic,品目,4,気泡コンクリート製品,True,工業製品>窯業・土石製品>セメント・セメント製品>セメント製品
PRCG20_1200830003,domestic,小類別,2,陶磁器,False,工業製品>窯業・土石製品
PRCG20_1200840007,domestic,商品群,3,陶磁器,False,工業製品>窯業・土石製品>陶磁器
PRCG20_1200850017,domestic,品目,4,衛生陶器,True,工業製品>窯業・土石製品>陶磁器>陶磁器
PRCG20_1200850018,domestic,品目,4,陶磁器製食器,True,工業製品>窯業・土石製品>陶磁器>陶磁器
PRCG20_1200850019,domestic,品目,4,電気用陶磁器,True,工業製品>窯業・土石製品>陶磁器>陶磁器
PRCG20_1200830004,domestic,小類別,2,その他窯業・土石製品,False,工業製品>窯業・土石製品
PRCG20_1200840008,domestic,商品群,3,耐火物,False,工業製品>窯業・土石製品>その他窯業・土石製品
PRCG20_1200850020,domestic,品目,4,耐火物,True,工業製品>窯業・土石製品>その他窯業・土石製品>耐火物
PRCG20_1200840009,domestic,商品群,3,その他の建設用土石製品,False,工業製品>窯業・土石製品>その他窯業・土石製品
PRCG20_1200850021,domestic,品目,4,石こうボード・粘土かわら,False,工業製品>窯業・土石製品>その他窯業・土石製品>その他の建設用土石製品
PRCG20_1200840010,domestic,商品群,3,炭素・黒鉛製品,False,工業製品>窯業・土石製品>その他窯業・土石製品
PRCG20_1200850022,domestic,品目,4,炭素・黒鉛製品,False,工業製品>窯業・土石製品>その他窯業・土石製品>炭素・黒鉛製品
PRCG20_1200840011,domestic,商品群,3,研磨材,False,工業製品>窯業・土石製品>その他窯業・土石製品
PRCG20_1200850023,domestic,品目,4,研磨材,True,工業製品>窯業・土石製品>その他窯業・土石製品>研磨材
PRCG20_1200840012,domestic,商品群,3,その他の窯業・土石製品,False,工業製品>窯業・土石製品>その他窯業・土石製品
PRCG20_1200850024,domestic,品目,4,石工品,True,工業製品>窯業・土石製品>その他窯業・土石製品>その他の窯業・土石製品
PRCG20_1200850025,domestic,品目,4,生石灰,True,工業製品>窯業・土石製品>その他窯業・土石製品>その他の窯業・土石製品
PRCG20_1200920001,domestic,類別,1,鉄鋼,False,工業製品
PRCG20_1200930001,domestic,小類別,2,銑鉄・粗鋼,False,工業製品>鉄鋼
PRCG20_1200940001,domestic,商品群,3,フェロアロイ,False,工業製品>鉄鋼>銑鉄・粗鋼
PRCG20_1200950001,domestic,品目,4,フェロマンガン,True,工業製品>鉄鋼>銑鉄・粗鋼>フェロアロイ
PRCG20_1200930002,domestic,小類別,2,鋼材,False,工業製品>鉄鋼
PRCG20_1200940002,domestic,商品群,3,熱間圧延鋼材,False,工業製品>鉄鋼>鋼材
PRCG20_1200950002,domestic,品目,4,形鋼,True,工業製品>鉄鋼>鋼材>熱間圧延鋼材
PRCG20_1200950003,domestic,品目,4,小形棒鋼,True,工業製品>鉄鋼>鋼材>熱間圧延鋼材
PRCG20_1200950004,domestic,品目,4,線材,True,工業製品>鉄鋼>鋼材>熱間圧延鋼材
PRCG20_1200950005,domestic,品目,4,厚中板,True,工業製品>鉄鋼>鋼材>熱間圧延鋼材
PRCG20_1200950006,domestic,品目,4,熱延広幅帯鋼,True,工業製品>鉄鋼>鋼材>熱間圧延鋼材
PRCG20_1200950007,domestic,品目,4,工具鋼,True,工業製品>鉄鋼>鋼材>熱間圧延鋼材
PRCG20_1200950008,domestic,品目,4,機械構造用炭素鋼,True,工業製品>鉄鋼>鋼材>熱間圧延鋼材
PRCG20_1200950009,domestic,品目,4,構造用合金鋼,True,工業製品>鉄鋼>鋼材>熱間圧延鋼材
PRCG20_1200950010,domestic,品目,4,特殊用途鋼,True,工業製品>鉄鋼>鋼材>熱間圧延鋼材
PRCG20_1200940003,domestic,商品群,3,鋼管,False,工業製品>鉄鋼>鋼材
PRCG20_1200950011,domestic,品目,4,普通鋼鋼管,True,工業製品>鉄鋼>鋼材>鋼管
PRCG20_1200950012,domestic,品目,4,ステンレス鋼管,True,工業製品>鉄鋼>鋼材>鋼管
PRCG20_1200940004,domestic,商品群,3,冷間仕上鋼材,False,工業製品>鉄鋼>鋼材
PRCG20_1200950013,domestic,品目,4,冷延広幅帯鋼,True,工業製品>鉄鋼>鋼材>冷間仕上鋼材
PRCG20_1200950014,domestic,品目,4,冷延電気鋼帯,True,工業製品>鉄鋼>鋼材>冷間仕上鋼材
PRCG20_1200950015,domestic,品目,4,軽量形鋼,True,工業製品>鉄鋼>鋼材>冷間仕上鋼材
PRCG20_1200950016,domestic,品目,4,ステンレス冷延鋼板,True,工業製品>鉄鋼>鋼材>冷間仕上鋼材
PRCG20_1200950017,domestic,品目,4,磨棒鋼,True,工業製品>鉄鋼>鋼材>冷間仕上鋼材
PRCG20_1200950018,domestic,品目,4,普通鋼鋼線・特殊鋼鋼線,True,工業製品>鉄鋼>鋼材>冷間仕上鋼材
PRCG20_1200940005,domestic,商品群,3,めっき鋼材,False,工業製品>鉄鋼>鋼材
PRCG20_1200950019,domestic,品目,4,亜鉛めっき鋼板,False,工業製品>鉄鋼>鋼材>めっき鋼材
PRCG20_1200950020,domestic,品目,4,ブリキ・クロムめっき鋼板,True,工業製品>鉄鋼>鋼材>めっき鋼材
PRCG20_1200930003,domestic,小類別,2,鋳鍛造品,False,工業製品>鉄鋼
PRCG20_1200940006,domestic,商品群,3,鋳鍛鋼・鋳鉄品・鍛工品,False,工業製品>鉄鋼>鋳鍛造品
PRCG20_1200950021,domestic,品目,4,鍛造品,True,工業製品>鉄鋼>鋳鍛造品>鋳鍛鋼・鋳鉄品・鍛工品
PRCG20_1200950022,domestic,品目,4,機械用銑鉄鋳物,True,工業製品>鉄鋼>鋳鍛造品>鋳鍛鋼・鋳鉄品・鍛工品
PRCG20_1200940007,domestic,商品群,3,鋳鉄管,False,工業製品>鉄鋼>鋳鍛造品
PRCG20_1200950023,domestic,品目,4,鋳鉄管,True,工業製品>鉄鋼>鋳鍛造品>鋳鉄管
PRCG20_1200930004,domestic,小類別,2,その他鉄鋼製品,False,工業製品>鉄鋼
PRCG20_1200940008,domestic,商品群,3,鉄鋼シャースリット,False,工業製品>鉄鋼>その他鉄鋼製品
PRCG20_1200950024,domestic,品目,4,鉄鋼シャースリット,True,工業製品>鉄鋼>その他鉄鋼製品>鉄鋼シャースリット
PRCG20_1201020001,domestic,類別,1,非鉄金属,False,工業製品
PRCG20_1201030001,domestic,小類別,2,非鉄金属製錬・精製,False,工業製品>非鉄金属
PRCG20_1201040001,domestic,商品群,3,銅,False,工業製品>非鉄金属>非鉄金属製錬・精製
PRCG20_1201050001,domestic,品目,4,銅,True,工業製品>非鉄金属>非鉄金属製錬・精製>銅
PRCG20_1201040002,domestic,商品群,3,鉛・亜鉛,False,工業製品>非鉄金属>非鉄金属製錬・精製
PRCG20_1201050002,domestic,品目,4,鉛地金・はんだ・減摩合金,False,工業製品>非鉄金属>非鉄金属製錬・精製>鉛・亜鉛
PRCG20_1201040003,domestic,商品群,3,アルミニウム,False,工業製品>非鉄金属>非鉄金属製錬・精製
PRCG20_1201050003,domestic,品目,4,アルミニウム合金・同二次合金地金,True,工業製品>非鉄金属>非鉄金属製錬・精製>アルミニウム
PRCG20_1201040004,domestic,商品群,3,その他の非鉄金属地金,False,工業製品>非鉄金属>非鉄金属製錬・精製
PRCG20_1201050004,domestic,品目,4,金地金,True,工業製品>非鉄金属>非鉄金属製錬・精製>その他の非鉄金属地金
PRCG20_1201050005,domestic,品目,4,銀地金,True,工業製品>非鉄金属>非鉄金属製錬・精製>その他の非鉄金属地金
PRCG20_1201030002,domestic,小類別,2,非鉄金属加工製品,False,工業製品>非鉄金属
PRCG20_1201040005,domestic,商品群,3,電線・ケーブル,False,工業製品>非鉄金属>非鉄金属加工製品
PRCG20_1201050006,domestic,品目,4,銅荒引線,True,工業製品>非鉄金属>非鉄金属加工製品>電線・ケーブル
PRCG20_1201050007,domestic,品目,4,銅裸線,True,工業製品>非鉄金属>非鉄金属加工製品>電線・ケーブル
PRCG20_1201050008,domestic,品目,4,プラスチック被覆銅線,True,工業製品>非鉄金属>非鉄金属加工製品>電線・ケーブル
PRCG20_1201050009,domestic,品目,4,銅巻線,True,工業製品>非鉄金属>非鉄金属加工製品>電線・ケーブル
PRCG20_1201050010,domestic,品目,4,電力・通信用メタルケーブル,True,工業製品>非鉄金属>非鉄金属加工製品>電線・ケーブル
PRCG20_1201040006,domestic,商品群,3,伸銅品,False,工業製品>非鉄金属>非鉄金属加工製品
PRCG20_1201050011,domestic,品目,4,銅伸銅品,True,工業製品>非鉄金属>非鉄金属加工製品>伸銅品
PRCG20_1201050012,domestic,品目,4,黄銅伸銅品,True,工業製品>非鉄金属>非鉄金属加工製品>伸銅品
PRCG20_1201040007,domestic,商品群,3,アルミ圧延製品,False,工業製品>非鉄金属>非鉄金属加工製品
PRCG20_1201050013,domestic,品目,4,アルミ圧延製品,True,工業製品>非鉄金属>非鉄金属加工製品>アルミ圧延製品
PRCG20_1201040008,domestic,商品群,3,非鉄金属素形材,False,工業製品>非鉄金属>非鉄金属加工製品
PRCG20_1201050014,domestic,品目,4,銅・アルミニウム鋳物,True,工業製品>非鉄金属>非鉄金属加工製品>非鉄金属素形材
PRCG20_1201050015,domestic,品目,4,アルミニウム合金ダイカスト,True,工業製品>非鉄金属>非鉄金属加工製品>非鉄金属素形材
PRCG20_1201050016,domestic,品目,4,アルミニウム鍛造品,True,工業製品>非鉄金属>非鉄金属加工製品>非鉄金属素形材
PRCG20_1201040009,domestic,商品群,3,その他の非鉄金属製品,False,工業製品>非鉄金属>非鉄金属加工製品
PRCG20_1201050017,domestic,品目,4,貴金属展伸材,True,工業製品>非鉄金属>非鉄金属加工製品>その他の非鉄金属製品
PRCG20_1201120001,domestic,類別,1,金属製品,False,工業製品
PRCG20_1201130001,domestic,小類別,2,建設用・建築用金属製品,False,工業製品>金属製品
PRCG20_1201140001,domestic,商品群,3,建設用金属製品,False,工業製品>金属製品>建設用・建築用金属製品
PRCG20_1201150001,domestic,品目,4,鉄骨,True,工業製品>金属製品>建設用・建築用金属製品>建設用金属製品
PRCG20_1201150002,domestic,品目,4,橋りょう,True,工業製品>金属製品>建設用・建築用金属製品>建設用金属製品
PRCG20_1201140002,domestic,商品群,3,建築用金属製品,False,工業製品>金属製品>建設用・建築用金属製品
PRCG20_1201150003,domestic,品目,4,アルミニウムサッシ,True,工業製品>金属製品>建設用・建築用金属製品>建築用金属製品
PRCG20_1201150004,domestic,品目,4,金属製サッシ・ドア（除アルミニウムサッシ）,False,工業製品>金属製品>建設用・建築用金属製品>建築用金属製品
PRCG20_1201150005,domestic,品目,4,シャッター,True,工業製品>金属製品>建設用・建築用金属製品>建築用金属製品
PRCG20_1201150006,domestic,品目,4,建築用板金製品,True,工業製品>金属製品>建設用・建築用金属製品>建築用金属製品
PRCG20_1201130002,domestic,小類別,2,その他金属製品,False,工業製品>金属製品
PRCG20_1201140003,domestic,商品群,3,ガス・石油機器・暖房・調理装置,False,工業製品>金属製品>その他金属製品
PRCG20_1201150007,domestic,品目,4,ガス暖房・調理装置,True,工業製品>金属製品>その他金属製品>ガス・石油機器・暖房・調理装置
PRCG20_1201150008,domestic,品目,4,石油暖房装置,True,工業製品>金属製品>その他金属製品>ガス・石油機器・暖房・調理装置
PRCG20_1201140004,domestic,商品群,3,ボルト・ナット・リベット・スプリング,False,工業製品>金属製品>その他金属製品
PRCG20_1201150009,domestic,品目,4,ばね,True,工業製品>金属製品>その他金属製品>ボルト・ナット・リベット・スプリング
PRCG20_1201150010,domestic,品目,4,ボルト・ナット,True,工業製品>金属製品>その他金属製品>ボルト・ナット・リベット・スプリング
PRCG20_1201140005,domestic,商品群,3,金属製容器・製缶板金製品,False,工業製品>金属製品>その他金属製品
PRCG20_1201150011,domestic,品目,4,18リットル缶,True,工業製品>金属製品>その他金属製品>金属製容器・製缶板金製品
PRCG20_1201150012,domestic,品目,4,食缶,True,工業製品>金属製品>その他金属製品>金属製容器・製缶板金製品
PRCG20_1201150013,domestic,品目,4,ボンベ,True,工業製品>金属製品>その他金属製品>金属製容器・製缶板金製品
PRCG20_1201150014,domestic,品目,4,ドラム缶,True,工業製品>金属製品>その他金属製品>金属製容器・製缶板金製品
PRCG20_1201140006,domestic,商品群,3,配管工事附属品・粉末や金製品・道具類,False,工業製品>金属製品>その他金属製品
PRCG20_1201150015,domestic,品目,4,刃物・道具類,False,工業製品>金属製品>その他金属製品>配管工事附属品・粉末や金製品・道具類
PRCG20_1201150016,domestic,品目,4,金属製管継手,True,工業製品>金属製品>その他金属製品>配管工事附属品・粉末や金製品・道具類
PRCG20_1201150017,domestic,品目,4,配管工事用附属品,True,工業製品>金属製品>その他金属製品>配管工事附属品・粉末や金製品・道具類
PRCG20_1201150018,domestic,品目,4,粉末や金製品,True,工業製品>金属製品>その他金属製品>配管工事附属品・粉末や金製品・道具類
PRCG20_1201140007,domestic,商品群,3,その他の金属製品,False,工業製品>金属製品>その他金属製品
PRCG20_1201150019,domestic,品目,4,錠・かぎ・建築用金物,True,工業製品>金属製品>その他金属製品>その他の金属製品
PRCG20_1201150020,domestic,品目,4,架線金物,True,工業製品>金属製品>その他金属製品>その他の金属製品
PRCG20_1201150021,domestic,品目,4,アルミニウム製飲料用缶,True,工業製品>金属製品>その他金属製品>その他の金属製品
PRCG20_1201150022,domestic,品目,4,金網,True,工業製品>金属製品>その他金属製品>その他の金属製品
PRCG20_1201150023,domestic,品目,4,ワイヤロープ・ＰＣ鋼より線,True,工業製品>金属製品>その他金属製品>その他の金属製品
PRCG20_1201150024,domestic,品目,4,溶接棒,True,工業製品>金属製品>その他金属製品>その他の金属製品
PRCG20_1201150025,domestic,品目,4,金属製パッキン・ガスケット,True,工業製品>金属製品>その他金属製品>その他の金属製品
PRCG20_1201220001,domestic,類別,1,はん用機器,False,工業製品
PRCG20_1201230001,domestic,小類別,2,はん用機器,False,工業製品>はん用機器
PRCG20_1201240001,domestic,商品群,3,ボイラ,False,工業製品>はん用機器>はん用機器
PRCG20_1201250001,domestic,品目,4,ボイラ,True,工業製品>はん用機器>はん用機器>ボイラ
PRCG20_1201240002,domestic,商品群,3,タービン,False,工業製品>はん用機器>はん用機器
PRCG20_1201250002,domestic,品目,4,タービン,True,工業製品>はん用機器>はん用機器>タービン
PRCG20_1201240003,domestic,商品群,3,原動機,False,工業製品>はん用機器>はん用機器
PRCG20_1201250003,domestic,品目,4,はん用内燃機関,True,工業製品>はん用機器>はん用機器>原動機
PRCG20_1201240004,domestic,商品群,3,ポンプ・圧縮機,False,工業製品>はん用機器>はん用機器
PRCG20_1201250004,domestic,品目,4,うず巻ポンプ,True,工業製品>はん用機器>はん用機器>ポンプ・圧縮機
PRCG20_1201250005,domestic,品目,4,水中ポンプ,True,工業製品>はん用機器>はん用機器>ポンプ・圧縮機
PRCG20_1201250006,domestic,品目,4,圧縮機・送風機,True,工業製品>はん用機器>はん用機器>ポンプ・圧縮機
PRCG20_1201250007,domestic,品目,4,油圧モータ,True,工業製品>はん用機器>はん用機器>ポンプ・圧縮機
PRCG20_1201250008,domestic,品目,4,油圧シリンダ,True,工業製品>はん用機器>はん用機器>ポンプ・圧縮機
PRCG20_1201250009,domestic,品目,4,油圧バルブ,True,工業製品>はん用機器>はん用機器>ポンプ・圧縮機
PRCG20_1201250010,domestic,品目,4,空気圧機器,False,工業製品>はん用機器>はん用機器>ポンプ・圧縮機
PRCG20_1201240005,domestic,商品群,3,運搬機械,False,工業製品>はん用機器>はん用機器
PRCG20_1201250011,domestic,品目,4,エレベータ,True,工業製品>はん用機器>はん用機器>運搬機械
PRCG20_1201250012,domestic,品目,4,クレーン,True,工業製品>はん用機器>はん用機器>運搬機械
PRCG20_1201250013,domestic,品目,4,巻上機,True,工業製品>はん用機器>はん用機器>運搬機械
PRCG20_1201250014,domestic,品目,4,コンベヤ,True,工業製品>はん用機器>はん用機器>運搬機械
PRCG20_1201240006,domestic,商品群,3,冷凍機・温湿調整装置,False,工業製品>はん用機器>はん用機器
PRCG20_1201250015,domestic,品目,4,冷凍機,True,工業製品>はん用機器>はん用機器>冷凍機・温湿調整装置
PRCG20_1201250016,domestic,品目,4,冷凍・冷蔵用ショーケース,True,工業製品>はん用機器>はん用機器>冷凍機・温湿調整装置
PRCG20_1201250017,domestic,品目,4,業務用エアコン,True,工業製品>はん用機器>はん用機器>冷凍機・温湿調整装置
PRCG20_1201240007,domestic,商品群,3,ベアリング,False,工業製品>はん用機器>はん用機器
PRCG20_1201250018,domestic,品目,4,玉軸受,True,工業製品>はん用機器>はん用機器>ベアリング
PRCG20_1201250019,domestic,品目,4,ころ軸受,True,工業製品>はん用機器>はん用機器>ベアリング
PRCG20_1201240008,domestic,商品群,3,その他のはん用機械,False,工業製品>はん用機器>はん用機器
PRCG20_1201250020,domestic,品目,4,変速機,True,工業製品>はん用機器>はん用機器>その他のはん用機械
PRCG20_1201250021,domestic,品目,4,歯車,True,工業製品>はん用機器>はん用機器>その他のはん用機械
PRCG20_1201250022,domestic,品目,4,ローラチェーン,True,工業製品>はん用機器>はん用機器>その他のはん用機械
PRCG20_1201250023,domestic,品目,4,消火器,True,工業製品>はん用機器>はん用機器>その他のはん用機械
PRCG20_1201250024,domestic,品目,4,バルブ,True,工業製品>はん用機器>はん用機器>その他のはん用機械
PRCG20_1201250025,domestic,品目,4,パイプ加工品,True,工業製品>はん用機器>はん用機器>その他のはん用機械
PRCG20_1201250026,domestic,品目,4,ピストンリング,True,工業製品>はん用機器>はん用機器>その他のはん用機械
PRCG20_1201320001,domestic,類別,1,生産用機器,False,工業製品
PRCG20_1201330001,domestic,小類別,2,生産用機器,False,工業製品>生産用機器
PRCG20_1201340001,domestic,商品群,3,農業用機械,False,工業製品>生産用機器>生産用機器
PRCG20_1201350001,domestic,品目,4,農業用トラクタ・耕うん機,True,工業製品>生産用機器>生産用機器>農業用機械
PRCG20_1201350002,domestic,品目,4,田植機,True,工業製品>生産用機器>生産用機器>農業用機械
PRCG20_1201350003,domestic,品目,4,コンバイン,True,工業製品>生産用機器>生産用機器>農業用機械
PRCG20_1201340002,domestic,商品群,3,建設・鉱山機械,False,工業製品>生産用機器>生産用機器
PRCG20_1201350004,domestic,品目,4,掘さく機,True,工業製品>生産用機器>生産用機器>建設・鉱山機械
PRCG20_1201350005,domestic,品目,4,建設用クレーン,True,工業製品>生産用機器>生産用機器>建設・鉱山機械
PRCG20_1201350006,domestic,品目,4,コンクリート機械,True,工業製品>生産用機器>生産用機器>建設・鉱山機械
PRCG20_1201350007,domestic,品目,4,建設用トラクタ,True,工業製品>生産用機器>生産用機器>建設・鉱山機械
PRCG20_1201340003,domestic,商品群,3,生活関連産業用機械,False,工業製品>生産用機器>生産用機器
PRCG20_1201350008,domestic,品目,4,穀物処理機械,True,工業製品>生産用機器>生産用機器>生活関連産業用機械
PRCG20_1201350009,domestic,品目,4,製パン・製菓機械,True,工業製品>生産用機器>生産用機器>生活関連産業用機械
PRCG20_1201350010,domestic,品目,4,肉製品・水産製品製造機械,True,工業製品>生産用機器>生産用機器>生活関連産業用機械
PRCG20_1201350011,domestic,品目,4,印刷関連機械,True,工業製品>生産用機器>生産用機器>生活関連産業用機械
PRCG20_1201350012,domestic,品目,4,包装・荷造機械,True,工業製品>生産用機器>生産用機器>生活関連産業用機械
PRCG20_1201340004,domestic,商品群,3,化学機械,False,工業製品>生産用機器>生産用機器
PRCG20_1201350013,domestic,品目,4,化学機械,True,工業製品>生産用機器>生産用機器>化学機械
PRCG20_1201340005,domestic,商品群,3,鋳造装置・プラスチック加工機械,False,工業製品>生産用機器>生産用機器
PRCG20_1201350014,domestic,品目,4,鋳造装置,True,工業製品>生産用機器>生産用機器>鋳造装置・プラスチック加工機械
PRCG20_1201350015,domestic,品目,4,プラスチック加工機械,True,工業製品>生産用機器>生産用機器>鋳造装置・プラスチック加工機械
PRCG20_1201340006,domestic,商品群,3,金属工作機械,False,工業製品>生産用機器>生産用機器
PRCG20_1201350016,domestic,品目,4,旋盤,True,工業製品>生産用機器>生産用機器>金属工作機械
PRCG20_1201350017,domestic,品目,4,研削盤,True,工業製品>生産用機器>生産用機器>金属工作機械
PRCG20_1201350018,domestic,品目,4,マシニングセンタ,True,工業製品>生産用機器>生産用機器>金属工作機械
PRCG20_1201340007,domestic,商品群,3,金属加工機械,False,工業製品>生産用機器>生産用機器
PRCG20_1201350019,domestic,品目,4,プレス機械,True,工業製品>生産用機器>生産用機器>金属加工機械
PRCG20_1201350020,domestic,品目,4,ワイヤフォーミングマシン,True,工業製品>生産用機器>生産用機器>金属加工機械
PRCG20_1201350021,domestic,品目,4,金属圧延用ロール,True,工業製品>生産用機器>生産用機器>金属加工機械
PRCG20_1201340008,domestic,商品群,3,機械工具,False,工業製品>生産用機器>生産用機器
PRCG20_1201350022,domestic,品目,4,特殊鋼切削工具,True,工業製品>生産用機器>生産用機器>機械工具
PRCG20_1201350023,domestic,品目,4,超硬工具,True,工業製品>生産用機器>生産用機器>機械工具
PRCG20_1201350024,domestic,品目,4,ダイヤモンド工具,True,工業製品>生産用機器>生産用機器>機械工具
PRCG20_1201350025,domestic,品目,4,空気動工具・電動工具,True,工業製品>生産用機器>生産用機器>機械工具
PRCG20_1201340009,domestic,商品群,3,半導体製造装置,False,工業製品>生産用機器>生産用機器
PRCG20_1201350026,domestic,品目,4,半導体製造装置（除フラットパネルディスプレイ製造装置）,True,工業製品>生産用機器>生産用機器>半導体製造装置
PRCG20_1201340010,domestic,商品群,3,金型,False,工業製品>生産用機器>生産用機器
PRCG20_1201350027,domestic,品目,4,金型,True,工業製品>生産用機器>生産用機器>金型
PRCG20_1201340011,domestic,商品群,3,真空装置・真空機器,False,工業製品>生産用機器>生産用機器
PRCG20_1201350028,domestic,品目,4,真空ポンプ,True,工業製品>生産用機器>生産用機器>真空装置・真空機器
PRCG20_1201340012,domestic,商品群,3,ロボット,False,工業製品>生産用機器>生産用機器
PRCG20_1201350029,domestic,品目,4,ロボット,True,工業製品>生産用機器>生産用機器>ロボット
PRCG20_1201420001,domestic,類別,1,業務用機器,False,工業製品
PRCG20_1201430001,domestic,小類別,2,業務用機器,False,工業製品>業務用機器
PRCG20_1201440001,domestic,商品群,3,サービス用・娯楽用機器,False,工業製品>業務用機器>業務用機器
PRCG20_1201450001,domestic,品目,4,自動車整備・サービス機器,True,工業製品>業務用機器>業務用機器>サービス用・娯楽用機器
PRCG20_1201450002,domestic,品目,4,娯楽機器,True,工業製品>業務用機器>業務用機器>サービス用・娯楽用機器
PRCG20_1201450003,domestic,品目,4,自動販売機,True,工業製品>業務用機器>業務用機器>サービス用・娯楽用機器
PRCG20_1201440002,domestic,商品群,3,計測機器,False,工業製品>業務用機器>業務用機器
PRCG20_1201450004,domestic,品目,4,積算体積計,True,工業製品>業務用機器>業務用機器>計測機器
PRCG20_1201450005,domestic,品目,4,はかり,True,工業製品>業務用機器>業務用機器>計測機器
PRCG20_1201450006,domestic,品目,4,圧力計・流量計,True,工業製品>業務用機器>業務用機器>計測機器
PRCG20_1201450007,domestic,品目,4,精密測定器,True,工業製品>業務用機器>業務用機器>計測機器
PRCG20_1201450008,domestic,品目,4,分析機器,True,工業製品>業務用機器>業務用機器>計測機器
PRCG20_1201450009,domestic,品目,4,試験機,True,工業製品>業務用機器>業務用機器>計測機器
PRCG20_1201450010,domestic,品目,4,理化学機器,True,工業製品>業務用機器>業務用機器>計測機器
PRCG20_1201440003,domestic,商品群,3,医療用機械器具,False,工業製品>業務用機器>業務用機器
PRCG20_1201450011,domestic,品目,4,医療用機器,True,工業製品>業務用機器>業務用機器>医療用機械器具
PRCG20_1201450012,domestic,品目,4,病院用器具,True,工業製品>業務用機器>業務用機器>医療用機械器具
PRCG20_1201450013,domestic,品目,4,歯科用機器,True,工業製品>業務用機器>業務用機器>医療用機械器具
PRCG20_1201450014,domestic,品目,4,医療用品,True,工業製品>業務用機器>業務用機器>医療用機械器具
PRCG20_1201450015,domestic,品目,4,歯科材料,True,工業製品>業務用機器>業務用機器>医療用機械器具
PRCG20_1201440004,domestic,商品群,3,光学機械・レンズ,False,工業製品>業務用機器>業務用機器
PRCG20_1201450016,domestic,品目,4,カメラ用交換レンズ,True,工業製品>業務用機器>業務用機器>光学機械・レンズ
PRCG20_1201520001,domestic,類別,1,電子部品・デバイス,False,工業製品
PRCG20_1201530001,domestic,小類別,2,電子デバイス,False,工業製品>電子部品・デバイス
PRCG20_1201540001,domestic,商品群,3,半導体素子,False,工業製品>電子部品・デバイス>電子デバイス
PRCG20_1201550001,domestic,品目,4,光電変換素子,True,工業製品>電子部品・デバイス>電子デバイス>半導体素子
PRCG20_1201550002,domestic,品目,4,ダイオード・整流素子,True,工業製品>電子部品・デバイス>電子デバイス>半導体素子
PRCG20_1201550003,domestic,品目,4,トランジスタ,True,工業製品>電子部品・デバイス>電子デバイス>半導体素子
PRCG20_1201550004,domestic,品目,4,サーミスタ,True,工業製品>電子部品・デバイス>電子デバイス>半導体素子
PRCG20_1201540002,domestic,商品群,3,集積回路,False,工業製品>電子部品・デバイス>電子デバイス
PRCG20_1201550005,domestic,品目,4,集積回路,True,工業製品>電子部品・デバイス>電子デバイス>集積回路
PRCG20_1201540003,domestic,商品群,3,液晶パネル,False,工業製品>電子部品・デバイス>電子デバイス
PRCG20_1201550006,domestic,品目,4,液晶パネル,True,工業製品>電子部品・デバイス>電子デバイス>液晶パネル
PRCG20_1201530002,domestic,小類別,2,その他電子部品,False,工業製品>電子部品・デバイス
PRCG20_1201540004,domestic,商品群,3,電子回路,False,工業製品>電子部品・デバイス>その他電子部品
PRCG20_1201550007,domestic,品目,4,プリント配線板,True,工業製品>電子部品・デバイス>その他電子部品>電子回路
PRCG20_1201540005,domestic,商品群,3,その他の電子部品,False,工業製品>電子部品・デバイス>その他電子部品
PRCG20_1201550008,domestic,品目,4,電子機器用抵抗器,True,工業製品>電子部品・デバイス>その他電子部品>その他の電子部品
PRCG20_1201550009,domestic,品目,4,電子機器用コンデンサ,True,工業製品>電子部品・デバイス>その他電子部品>その他の電子部品
PRCG20_1201550010,domestic,品目,4,電子機器用変成器,True,工業製品>電子部品・デバイス>その他電子部品>その他の電子部品
PRCG20_1201550011,domestic,品目,4,変換部品,True,工業製品>電子部品・デバイス>その他電子部品>その他の電子部品
PRCG20_1201550012,domestic,品目,4,接続部品,True,工業製品>電子部品・デバイス>その他電子部品>その他の電子部品
PRCG20_1201550013,domestic,品目,4,電源・高周波ユニット,False,工業製品>電子部品・デバイス>その他電子部品>その他の電子部品
PRCG20_1201550014,domestic,品目,4,コントロールユニット,True,工業製品>電子部品・デバイス>その他電子部品>その他の電子部品
PRCG20_1201550015,domestic,品目,4,磁性材部品,True,工業製品>電子部品・デバイス>その他電子部品>その他の電子部品
PRCG20_1201550016,domestic,品目,4,水晶振動子,True,工業製品>電子部品・デバイス>その他電子部品>その他の電子部品
PRCG20_1201550017,domestic,品目,4,シリコンウエハ,True,工業製品>電子部品・デバイス>その他電子部品>その他の電子部品
PRCG20_1201550018,domestic,品目,4,センサデバイス,False,工業製品>電子部品・デバイス>その他電子部品>その他の電子部品
PRCG20_1201620001,domestic,類別,1,電気機器,False,工業製品
PRCG20_1201630001,domestic,小類別,2,産業用電気機器,False,工業製品>電気機器
PRCG20_1201640001,domestic,商品群,3,回転電気機械,False,工業製品>電気機器>産業用電気機器
PRCG20_1201650001,domestic,品目,4,電動機,True,工業製品>電気機器>産業用電気機器>回転電気機械
PRCG20_1201640002,domestic,商品群,3,変圧器・変成器,False,工業製品>電気機器>産業用電気機器
PRCG20_1201650002,domestic,品目,4,変圧器・計器用変成器,True,工業製品>電気機器>産業用電気機器>変圧器・変成器
PRCG20_1201640003,domestic,商品群,3,開閉制御装置・配電盤,False,工業製品>電気機器>産業用電気機器
PRCG20_1201650003,domestic,品目,4,継電器,True,工業製品>電気機器>産業用電気機器>開閉制御装置・配電盤
PRCG20_1201650004,domestic,品目,4,遮断器,True,工業製品>電気機器>産業用電気機器>開閉制御装置・配電盤
PRCG20_1201650005,domestic,品目,4,開閉器,True,工業製品>電気機器>産業用電気機器>開閉制御装置・配電盤
PRCG20_1201650006,domestic,品目,4,プログラマブルコントローラ,True,工業製品>電気機器>産業用電気機器>開閉制御装置・配電盤
PRCG20_1201650007,domestic,品目,4,配電盤,True,工業製品>電気機器>産業用電気機器>開閉制御装置・配電盤
PRCG20_1201650008,domestic,品目,4,監視制御装置,True,工業製品>電気機器>産業用電気機器>開閉制御装置・配電盤
PRCG20_1201650009,domestic,品目,4,分電盤,True,工業製品>電気機器>産業用電気機器>開閉制御装置・配電盤
PRCG20_1201640004,domestic,商品群,3,配線器具,False,工業製品>電気機器>産業用電気機器
PRCG20_1201650010,domestic,品目,4,配線器具,True,工業製品>電気機器>産業用電気機器>配線器具
PRCG20_1201640005,domestic,商品群,3,内燃機関電装品,False,工業製品>電気機器>産業用電気機器
PRCG20_1201650011,domestic,品目,4,充電発電機,True,工業製品>電気機器>産業用電気機器>内燃機関電装品
PRCG20_1201650012,domestic,品目,4,始動電動機,True,工業製品>電気機器>産業用電気機器>内燃機関電装品
PRCG20_1201650013,domestic,品目,4,イグニッションコイル,True,工業製品>電気機器>産業用電気機器>内燃機関電装品
PRCG20_1201650014,domestic,品目,4,ワイヤーハーネス,True,工業製品>電気機器>産業用電気機器>内燃機関電装品
PRCG20_1201640006,domestic,商品群,3,その他の産業用電気機器,False,工業製品>電気機器>産業用電気機器
PRCG20_1201650015,domestic,品目,4,電力変換装置,True,工業製品>電気機器>産業用電気機器>その他の産業用電気機器
PRCG20_1201630002,domestic,小類別,2,民生用電気機器,False,工業製品>電気機器
PRCG20_1201640007,domestic,商品群,3,民生用エアコンディショナ,False,工業製品>電気機器>民生用電気機器
PRCG20_1201650016,domestic,品目,4,民生用エアコンディショナ,True,工業製品>電気機器>民生用電気機器>民生用エアコンディショナ
PRCG20_1201640008,domestic,商品群,3,民生用電気機器（除民生用エアコンディショナ）,False,工業製品>電気機器>民生用電気機器
PRCG20_1201650017,domestic,品目,4,電気がま,True,工業製品>電気機器>民生用電気機器>民生用電気機器（除民生用エアコンディショナ）
PRCG20_1201650018,domestic,品目,4,電気冷蔵庫,True,工業製品>電気機器>民生用電気機器>民生用電気機器（除民生用エアコンディショナ）
PRCG20_1201650019,domestic,品目,4,クッキングヒーター,True,工業製品>電気機器>民生用電気機器>民生用電気機器（除民生用エアコンディショナ）
PRCG20_1201650020,domestic,品目,4,換気扇,True,工業製品>電気機器>民生用電気機器>民生用電気機器（除民生用エアコンディショナ）
PRCG20_1201650021,domestic,品目,4,電気温水器・給湯機,True,工業製品>電気機器>民生用電気機器>民生用電気機器（除民生用エアコンディショナ）
PRCG20_1201650022,domestic,品目,4,電気洗濯機,True,工業製品>電気機器>民生用電気機器>民生用電気機器（除民生用エアコンディショナ）
PRCG20_1201650023,domestic,品目,4,電気掃除機,True,工業製品>電気機器>民生用電気機器>民生用電気機器（除民生用エアコンディショナ）
PRCG20_1201650024,domestic,品目,4,理容用電気器具,True,工業製品>電気機器>民生用電気機器>民生用電気機器（除民生用エアコンディショナ）
PRCG20_1201650025,domestic,品目,4,電気温水洗浄便座,True,工業製品>電気機器>民生用電気機器>民生用電気機器（除民生用エアコンディショナ）
PRCG20_1201630003,domestic,小類別,2,電子応用装置・電気計測器,False,工業製品>電気機器
PRCG20_1201640009,domestic,商品群,3,電子応用装置,False,工業製品>電気機器>電子応用装置・電気計測器
PRCG20_1201650026,domestic,品目,4,Ｘ線装置・医療用電子応用装置,False,工業製品>電気機器>電子応用装置・電気計測器>電子応用装置
PRCG20_1201650027,domestic,品目,4,超音波応用装置,True,工業製品>電気機器>電子応用装置・電気計測器>電子応用装置
PRCG20_1201640010,domestic,商品群,3,電気計測器,False,工業製品>電気機器>電子応用装置・電気計測器
PRCG20_1201650028,domestic,品目,4,電気計器,True,工業製品>電気機器>電子応用装置・電気計測器>電気計測器
PRCG20_1201650029,domestic,品目,4,電気測定器,True,工業製品>電気機器>電子応用装置・電気計測器>電気計測器
PRCG20_1201650030,domestic,品目,4,半導体・ＩＣ測定器,True,工業製品>電気機器>電子応用装置・電気計測器>電気計測器
PRCG20_1201650031,domestic,品目,4,工業計器,True,工業製品>電気機器>電子応用装置・電気計測器>電気計測器
PRCG20_1201650032,domestic,品目,4,医療用計測器,True,工業製品>電気機器>電子応用装置・電気計測器>電気計測器
PRCG20_1201630004,domestic,小類別,2,その他電気機械,False,工業製品>電気機器
PRCG20_1201640011,domestic,商品群,3,電球類,False,工業製品>電気機器>その他電気機械
PRCG20_1201650033,domestic,品目,4,電球類,True,工業製品>電気機器>その他電気機械>電球類
PRCG20_1201640012,domestic,商品群,3,電気照明器具,False,工業製品>電気機器>その他電気機械
PRCG20_1201650034,domestic,品目,4,電気照明器具,True,工業製品>電気機器>その他電気機械>電気照明器具
PRCG20_1201640013,domestic,商品群,3,電池,False,工業製品>電気機器>その他電気機械
PRCG20_1201650035,domestic,品目,4,鉛蓄電池,True,工業製品>電気機器>その他電気機械>電池
PRCG20_1201650036,domestic,品目,4,アルカリ・リチウムイオン蓄電池,False,工業製品>電気機器>その他電気機械>電池
PRCG20_1201650037,domestic,品目,4,乾電池,True,工業製品>電気機器>その他電気機械>電池
PRCG20_1201640014,domestic,商品群,3,その他の電気機械器具,False,工業製品>電気機器>その他電気機械
PRCG20_1201650038,domestic,品目,4,永久磁石,True,工業製品>電気機器>その他電気機械>その他の電気機械器具
PRCG20_1201720001,domestic,類別,1,情報通信機器,False,工業製品
PRCG20_1201730001,domestic,小類別,2,通信・映像・音響機器,False,工業製品>情報通信機器
PRCG20_1201740001,domestic,商品群,3,有線電気通信機器,False,工業製品>情報通信機器>通信・映像・音響機器
PRCG20_1201750001,domestic,品目,4,有線電気通信機器,True,工業製品>情報通信機器>通信・映像・音響機器>有線電気通信機器
PRCG20_1201740002,domestic,商品群,3,無線電気通信機器,False,工業製品>情報通信機器>通信・映像・音響機器
PRCG20_1201750002,domestic,品目,4,固定局通信装置,True,工業製品>情報通信機器>通信・映像・音響機器>無線電気通信機器
PRCG20_1201750003,domestic,品目,4,無線応用装置,False,工業製品>情報通信機器>通信・映像・音響機器>無線電気通信機器
PRCG20_1201740003,domestic,商品群,3,その他の電気通信機器,False,工業製品>情報通信機器>通信・映像・音響機器
PRCG20_1201750004,domestic,品目,4,交通信号保安装置,True,工業製品>情報通信機器>通信・映像・音響機器>その他の電気通信機器
PRCG20_1201740004,domestic,商品群,3,ビデオ機器・デジタルカメラ,False,工業製品>情報通信機器>通信・映像・音響機器
PRCG20_1201750005,domestic,品目,4,ビデオ機器・デジタルカメラ,True,工業製品>情報通信機器>通信・映像・音響機器>ビデオ機器・デジタルカメラ
PRCG20_1201740005,domestic,商品群,3,電気音響機器,False,工業製品>情報通信機器>通信・映像・音響機器
PRCG20_1201750006,domestic,品目,4,電気音響機器,True,工業製品>情報通信機器>通信・映像・音響機器>電気音響機器
PRCG20_1201730002,domestic,小類別,2,電子計算機・同附属装置,False,工業製品>情報通信機器
PRCG20_1201740006,domestic,商品群,3,パーソナルコンピュータ,False,工業製品>情報通信機器>電子計算機・同附属装置
PRCG20_1201750007,domestic,品目,4,パーソナルコンピュータ,True,工業製品>情報通信機器>電子計算機・同附属装置>パーソナルコンピュータ
PRCG20_1201740007,domestic,商品群,3,電子計算機附属装置,False,工業製品>情報通信機器>電子計算機・同附属装置
PRCG20_1201750008,domestic,品目,4,外部記憶装置,True,工業製品>情報通信機器>電子計算機・同附属装置>電子計算機附属装置
PRCG20_1201750009,domestic,品目,4,印刷装置,True,工業製品>情報通信機器>電子計算機・同附属装置>電子計算機附属装置
PRCG20_1201750010,domestic,品目,4,表示装置・端末装置,False,工業製品>情報通信機器>電子計算機・同附属装置>電子計算機附属装置
PRCG20_1201820001,domestic,類別,1,輸送用機器,False,工業製品
PRCG20_1201830001,domestic,小類別,2,乗用車,False,工業製品>輸送用機器
PRCG20_1201840001,domestic,商品群,3,乗用車,False,工業製品>輸送用機器>乗用車
PRCG20_1201850001,domestic,品目,4,乗用車,True,工業製品>輸送用機器>乗用車>乗用車
PRCG20_1201830002,domestic,小類別,2,その他自動車,False,工業製品>輸送用機器
PRCG20_1201840002,domestic,商品群,3,トラック・バス・その他の自動車,False,工業製品>輸送用機器>その他自動車
PRCG20_1201850002,domestic,品目,4,バス,True,工業製品>輸送用機器>その他自動車>トラック・バス・その他の自動車
PRCG20_1201850003,domestic,品目,4,トラック,True,工業製品>輸送用機器>その他自動車>トラック・バス・その他の自動車
PRCG20_1201850004,domestic,品目,4,特別用途車,True,工業製品>輸送用機器>その他自動車>トラック・バス・その他の自動車
PRCG20_1201840003,domestic,商品群,3,二輪自動車,False,工業製品>輸送用機器>その他自動車
PRCG20_1201850005,domestic,品目,4,二輪自動車,True,工業製品>輸送用機器>その他自動車>二輪自動車
PRCG20_1201830003,domestic,小類別,2,自動車部品・同附属品,False,工業製品>輸送用機器
PRCG20_1201840004,domestic,商品群,3,自動車用内燃機関,False,工業製品>輸送用機器>自動車部品・同附属品
PRCG20_1201850006,domestic,品目,4,自動車用内燃機関部品,True,工業製品>輸送用機器>自動車部品・同附属品>自動車用内燃機関
PRCG20_1201840005,domestic,商品群,3,自動車部品,False,工業製品>輸送用機器>自動車部品・同附属品
PRCG20_1201850007,domestic,品目,4,駆動・伝導・操縦装置部品,True,工業製品>輸送用機器>自動車部品・同附属品>自動車部品
PRCG20_1201850008,domestic,品目,4,懸架・制動装置部品,True,工業製品>輸送用機器>自動車部品・同附属品>自動車部品
PRCG20_1201850009,domestic,品目,4,シャシー・車体構成部品,True,工業製品>輸送用機器>自動車部品・同附属品>自動車部品
PRCG20_1201850010,domestic,品目,4,カーエアコン・同部品,True,工業製品>輸送用機器>自動車部品・同附属品>自動車部品
PRCG20_1201830004,domestic,小類別,2,船舶,False,工業製品>輸送用機器
PRCG20_1201840006,domestic,商品群,3,舶用内燃機関,False,工業製品>輸送用機器>船舶
PRCG20_1201850011,domestic,品目,4,舶用ディーゼル機関,True,工業製品>輸送用機器>船舶>舶用内燃機関
PRCG20_1201830005,domestic,小類別,2,その他輸送機械,False,工業製品>輸送用機器
PRCG20_1201840007,domestic,商品群,3,鉄道車両,False,工業製品>輸送用機器>その他輸送機械
PRCG20_1201850012,domestic,品目,4,鉄道車両,True,工業製品>輸送用機器>その他輸送機械>鉄道車両
PRCG20_1201840008,domestic,商品群,3,航空機,False,工業製品>輸送用機器>その他輸送機械
PRCG20_1201850013,domestic,品目,4,航空機部品,True,工業製品>輸送用機器>その他輸送機械>航空機
PRCG20_1201840009,domestic,商品群,3,自転車,False,工業製品>輸送用機器>その他輸送機械
PRCG20_1201850014,domestic,品目,4,自転車（除車いす・自転車部品）,True,工業製品>輸送用機器>その他輸送機械>自転車
PRCG20_1201850015,domestic,品目,4,自転車部品,True,工業製品>輸送用機器>その他輸送機械>自転車
PRCG20_1201840010,domestic,商品群,3,その他の輸送機械,False,工業製品>輸送用機器>その他輸送機械
PRCG20_1201850016,domestic,品目,4,フォークリフトトラック・同部品,True,工業製品>輸送用機器>その他輸送機械>その他の輸送機械
PRCG20_1201920001,domestic,類別,1,その他工業製品,False,工業製品
PRCG20_1201930001,domestic,小類別,2,家具・装備品,False,工業製品>その他工業製品
PRCG20_1201940001,domestic,商品群,3,木製家具,False,工業製品>その他工業製品>家具・装備品
PRCG20_1201950001,domestic,品目,4,木製机・いす,True,工業製品>その他工業製品>家具・装備品>木製家具
PRCG20_1201950002,domestic,品目,4,木製流し台セット,True,工業製品>その他工業製品>家具・装備品>木製家具
PRCG20_1201950003,domestic,品目,4,木製棚,True,工業製品>その他工業製品>家具・装備品>木製家具
PRCG20_1201940002,domestic,商品群,3,金属製家具,False,工業製品>その他工業製品>家具・装備品
PRCG20_1201950004,domestic,品目,4,スチール机・いす,True,工業製品>その他工業製品>家具・装備品>金属製家具
PRCG20_1201950005,domestic,品目,4,金属製棚,True,工業製品>その他工業製品>家具・装備品>金属製家具
PRCG20_1201940003,domestic,商品群,3,木製建具,False,工業製品>その他工業製品>家具・装備品
PRCG20_1201950006,domestic,品目,4,木製建具,True,工業製品>その他工業製品>家具・装備品>木製建具
PRCG20_1201940004,domestic,商品群,3,その他の家具・装備品,False,工業製品>その他工業製品>家具・装備品
PRCG20_1201950007,domestic,品目,4,事務所用・店舗用装備品,True,工業製品>その他工業製品>家具・装備品>その他の家具・装備品
PRCG20_1201950008,domestic,品目,4,窓・扉用日よけ,True,工業製品>その他工業製品>家具・装備品>その他の家具・装備品
PRCG20_1201930002,domestic,小類別,2,印刷・製版・製本,False,工業製品>その他工業製品
PRCG20_1201940005,domestic,商品群,3,印刷・製版・製本,False,工業製品>その他工業製品>印刷・製版・製本
PRCG20_1201950009,domestic,品目,4,平版印刷物,True,工業製品>その他工業製品>印刷・製版・製本>印刷・製版・製本
PRCG20_1201950010,domestic,品目,4,凸版印刷物,True,工業製品>その他工業製品>印刷・製版・製本>印刷・製版・製本
PRCG20_1201950011,domestic,品目,4,おう版印刷物,True,工業製品>その他工業製品>印刷・製版・製本>印刷・製版・製本
PRCG20_1201950012,domestic,品目,4,特殊印刷物,True,工業製品>その他工業製品>印刷・製版・製本>印刷・製版・製本
PRCG20_1201950013,domestic,品目,4,フォトマスク,True,工業製品>その他工業製品>印刷・製版・製本>印刷・製版・製本
PRCG20_1201930003,domestic,小類別,2,ゴム製品,False,工業製品>その他工業製品
PRCG20_1201940006,domestic,商品群,3,タイヤ・チューブ,False,工業製品>その他工業製品>ゴム製品
PRCG20_1201950014,domestic,品目,4,自動車タイヤ,True,工業製品>その他工業製品>ゴム製品>タイヤ・チューブ
PRCG20_1201940007,domestic,商品群,3,その他のゴム製品,False,工業製品>その他工業製品>ゴム製品
PRCG20_1201950015,domestic,品目,4,ゴムベルト,True,工業製品>その他工業製品>ゴム製品>その他のゴム製品
PRCG20_1201950016,domestic,品目,4,ゴムホース,True,工業製品>その他工業製品>ゴム製品>その他のゴム製品
PRCG20_1201950017,domestic,品目,4,防振ゴム,True,工業製品>その他工業製品>ゴム製品>その他のゴム製品
PRCG20_1201950018,domestic,品目,4,ゴムロール,True,工業製品>その他工業製品>ゴム製品>その他のゴム製品
PRCG20_1201950019,domestic,品目,4,ゴム製パッキン,True,工業製品>その他工業製品>ゴム製品>その他のゴム製品
PRCG20_1201950020,domestic,品目,4,工業用スポンジ製品,True,工業製品>その他工業製品>ゴム製品>その他のゴム製品
PRCG20_1201950021,domestic,品目,4,医療・衛生用ゴム製品,True,工業製品>その他工業製品>ゴム製品>その他のゴム製品
PRCG20_1201950022,domestic,品目,4,ゴム練生地,True,工業製品>その他工業製品>ゴム製品>その他のゴム製品
PRCG20_1201930004,domestic,小類別,2,革製履物・なめし革・革製品・毛皮,False,工業製品>その他工業製品
PRCG20_1201940008,domestic,商品群,3,革製履物,False,工業製品>その他工業製品>革製履物・なめし革・革製品・毛皮
PRCG20_1201950023,domestic,品目,4,革製履物,True,工業製品>その他工業製品>革製履物・なめし革・革製品・毛皮>革製履物
PRCG20_1201940009,domestic,商品群,3,なめし革・革製品・毛皮,False,工業製品>その他工業製品>革製履物・なめし革・革製品・毛皮
PRCG20_1201950024,domestic,品目,4,かばん・袋物,True,工業製品>その他工業製品>革製履物・なめし革・革製品・毛皮>なめし革・革製品・毛皮
PRCG20_1201930005,domestic,小類別,2,その他製造工業製品,False,工業製品>その他工業製品
PRCG20_1201940010,domestic,商品群,3,がん具,False,工業製品>その他工業製品>その他製造工業製品
PRCG20_1201950025,domestic,品目,4,がん具,True,工業製品>その他工業製品>その他製造工業製品>がん具
PRCG20_1201940011,domestic,商品群,3,運動用品,False,工業製品>その他工業製品>その他製造工業製品
PRCG20_1201950026,domestic,品目,4,運動用品,False,工業製品>その他工業製品>その他製造工業製品>運動用品
PRCG20_1201940012,domestic,商品群,3,身辺細貨品,False,工業製品>その他工業製品>その他製造工業製品
PRCG20_1201950027,domestic,品目,4,ジュエリー,True,工業製品>その他工業製品>その他製造工業製品>身辺細貨品
PRCG20_1201940013,domestic,商品群,3,筆記具・文具,False,工業製品>その他工業製品>その他製造工業製品
PRCG20_1201950028,domestic,品目,4,筆記具・文具,True,工業製品>その他工業製品>その他製造工業製品>筆記具・文具
PRCG20_1201940014,domestic,商品群,3,その他の製造工業製品,False,工業製品>その他工業製品>その他製造工業製品
PRCG20_1201950029,domestic,品目,4,看板・標識機,True,工業製品>その他工業製品>その他製造工業製品>その他の製造工業製品
PRCG20_1201950030,domestic,品目,4,電光表示器,True,工業製品>その他工業製品>その他製造工業製品>その他の製造工業製品
PRCG20_1201950031,domestic,品目,4,パレット,True,工業製品>その他工業製品>その他製造工業製品>その他の製造工業製品
PRCG20_1201950032,domestic,品目,4,眼鏡枠・レンズ,False,工業製品>その他工業製品>その他製造工業製品>その他の製造工業製品
PRCG20_1201950033,domestic,品目,4,人体安全保護具・救命具,True,工業製品>その他工業製品>その他製造工業製品>その他の製造工業製品
PRCG20_1201950034,domestic,品目,4,ルームユニット,True,工業製品>その他工業製品>その他製造工業製品>その他の製造工業製品
PRCG20_1202010001,domestic,大類別,0,農林水産物,False,
PRCG20_1202020001,domestic,類別,1,農林水産物,False,農林水産物
PRCG20_1202030001,domestic,小類別,2,耕種農業,False,農林水産物>農林水産物
PRCG20_1202040001,domestic,商品群,3,米,False,農林水産物>農林水産物>耕種農業
PRCG20_1202050001,domestic,品目,4,玄米,True,農林水産物>農林水産物>耕種農業>米
PRCG20_1202040002,domestic,商品群,3,精穀,False,農林水産物>農林水産物>耕種農業
PRCG20_1202050002,domestic,品目,4,精米,True,農林水産物>農林水産物>耕種農業>精穀
PRCG20_1202040003,domestic,商品群,3,砂糖原料作物,False,農林水産物>農林水産物>耕種農業
PRCG20_1202050003,domestic,品目,4,てん菜,True,農林水産物>農林水産物>耕種農業>砂糖原料作物
PRCG20_1202040004,domestic,商品群,3,その他の非食用耕種作物,False,農林水産物>農林水産物>耕種農業
PRCG20_1202050004,domestic,品目,4,葉たばこ,True,農林水産物>農林水産物>耕種農業>その他の非食用耕種作物
PRCG20_1202030002,domestic,小類別,2,畜産,False,農林水産物>農林水産物
PRCG20_1202040005,domestic,商品群,3,酪農,False,農林水産物>農林水産物>畜産
PRCG20_1202050005,domestic,品目,4,原乳,True,農林水産物>農林水産物>畜産>酪農
PRCG20_1202040006,domestic,商品群,3,鶏卵,False,農林水産物>農林水産物>畜産
PRCG20_1202050006,domestic,品目,4,鶏卵,True,農林水産物>農林水産物>畜産>鶏卵
PRCG20_1202040007,domestic,商品群,3,食肉,False,農林水産物>農林水産物>畜産
PRCG20_1202050007,domestic,品目,4,牛肉,True,農林水産物>農林水産物>畜産>食肉
PRCG20_1202050008,domestic,品目,4,豚肉,True,農林水産物>農林水産物>畜産>食肉
PRCG20_1202050009,domestic,品目,4,鶏肉,True,農林水産物>農林水産物>畜産>食肉
PRCG20_1202030003,domestic,小類別,2,林業,False,農林水産物>農林水産物
PRCG20_1202040008,domestic,商品群,3,素材,False,農林水産物>農林水産物>林業
PRCG20_1202050010,domestic,品目,4,丸太,True,農林水産物>農林水産物>林業>素材
PRCG20_1202030004,domestic,小類別,2,漁業,False,農林水産物>農林水産物
PRCG20_1202040009,domestic,商品群,3,海面養殖業,False,農林水産物>農林水産物>漁業
PRCG20_1202050011,domestic,品目,4,干のり,True,農林水産物>農林水産物>漁業>海面養殖業
PRCG20_1202040010,domestic,商品群,3,塩・干・くん製品,False,農林水産物>農林水産物>漁業
PRCG20_1202050012,domestic,品目,4,塩干・塩蔵品,False,農林水産物>農林水産物>漁業>塩・干・くん製品
PRCG20_1202050013,domestic,品目,4,しらす干し,True,農林水産物>農林水産物>漁業>塩・干・くん製品
PRCG20_1202110001,domestic,大類別,0,鉱産物,False,
PRCG20_1202120001,domestic,類別,1,鉱産物,False,鉱産物
PRCG20_1202130001,domestic,小類別,2,石炭・原油・天然ガス,False,鉱産物>鉱産物
PRCG20_1202140001,domestic,商品群,3,石炭・原油・天然ガス,False,鉱産物>鉱産物>石炭・原油・天然ガス
PRCG20_1202150001,domestic,品目,4,天然ガス,True,鉱産物>鉱産物>石炭・原油・天然ガス>石炭・原油・天然ガス
PRCG20_1202130002,domestic,小類別,2,その他の鉱業,False,鉱産物>鉱産物
PRCG20_1202140002,domestic,商品群,3,砂利・採石,False,鉱産物>鉱産物>その他の鉱業
PRCG20_1202150002,domestic,品目,4,砂利,True,鉱産物>鉱産物>その他の鉱業>砂利・採石
PRCG20_1202140003,domestic,商品群,3,砕石,False,鉱産物>鉱産物>その他の鉱業
PRCG20_1202150003,domestic,品目,4,砕石,False,鉱産物>鉱産物>その他の鉱業>砕石
PRCG20_1202140004,domestic,商品群,3,その他の鉱物,False,鉱産物>鉱産物>その他の鉱業
PRCG20_1202150004,domestic,品目,4,石灰石,True,鉱産物>鉱産物>その他の鉱業>その他の鉱物
PRCG20_1202210001,domestic,大類別,0,電力・都市ガス・水道,False,
PRCG20_1202220001,domestic,類別,1,電力・都市ガス・水道,False,電力・都市ガス・水道
PRCG20_1202230001,domestic,小類別,2,電力,False,電力・都市ガス・水道>電力・都市ガス・水道
PRCG20_1202240001,domestic,商品群,3,事業用電力,False,電力・都市ガス・水道>電力・都市ガス・水道>電力
PRCG20_1202250001,domestic,品目,4,事業用電力,True,電力・都市ガス・水道>電力・都市ガス・水道>電力>事業用電力
PRCG20_1202230002,domestic,小類別,2,都市ガス,False,電力・都市ガス・水道>電力・都市ガス・水道
PRCG20_1202240002,domestic,商品群,3,都市ガス,False,電力・都市ガス・水道>電力・都市ガス・水道>都市ガス
PRCG20_1202250002,domestic,品目,4,都市ガス,True,電力・都市ガス・水道>電力・都市ガス・水道>都市ガス>都市ガス
PRCG20_1202230003,domestic,小類別,2,水道,False,電力・都市ガス・水道>電力・都市ガス・水道
PRCG20_1202240003,domestic,商品群,3,上水道・簡易水道,False,電力・都市ガス・水道>電力・都市ガス・水道>水道
PRCG20_1202250003,domestic,品目,4,上水道,True,電力・都市ガス・水道>電力・都市ガス・水道>水道>上水道・簡易水道
PRCG20_1202240004,domestic,商品群,3,工業用水,False,電力・都市ガス・水道>電力・都市ガス・水道>水道
PRCG20_1202250004,domestic,品目,4,工業用水,True,電力・都市ガス・水道>電力・都市ガス・水道>水道>工業用水
PRCG20_1202310001,domestic,大類別,0,スクラップ類,False,
PRCG20_1202320001,domestic,類別,1,スクラップ類,False,スクラップ類
PRCG20_1202330001,domestic,小類別,2,スクラップ類,False,スクラップ類>スクラップ類
PRCG20_1202340001,domestic,商品群,3,古紙,False,スクラップ類>スクラップ類>スクラップ類
PRCG20_1202350001,domestic,品目,4,古紙,True,スクラップ類>スクラップ類>スクラップ類>古紙
PRCG20_1202340002,domestic,商品群,3,鉄屑,False,スクラップ類>スクラップ類>スクラップ類
PRCG20_1202350002,domestic,品目,4,鉄屑,True,スクラップ類>スクラップ類>スクラップ類>鉄屑
PRCG20_1202340003,domestic,商品群,3,非鉄金属屑,False,スクラップ類>スクラップ類>スクラップ類
PRCG20_1202350003,domestic,品目,4,銅・アルミニウム屑,True,スクラップ類>スクラップ類>スクラップ類>非鉄金属屑
PRCG20_12G2200000,domestic,総平均,0,(参考)夏季電力料金調整後/総平均,False,
PRCG20_12G2220001,domestic,(参考)夏季電力料金調整後,0,類別/_電力・都市ガス・水道,False,
PRCG20_12G2230001,domestic,(参考)夏季電力料金調整後,0,小類別/__電力,False,
PRCG20_24G0651001,export_yen,総平均,0,乗用車（北米向け）,True,
PRCG20_24G0652001,export_yen,総平均,0,乗用車（除北米向け）,True,
PRCG20_23G0651001,export_contract,総平均,0,乗用車（北米向け）,True,
PRCG20_23G0652001,export_contract,総平均,0,乗用車（除北米向け）,True,
PRCS20_5200000000,service,総平均,0,総平均,True,
PRCS20_5200010001,service,大類別,0,金融・保険,True,
PRCS20_5200120001,service,類別,1,金融,True,金融・保険
PRCS20_5200130001,service,小類別,2,金融手数料,True,金融・保険>金融
PRCS20_5200150001,service,品目,3,為替業務手数料,True,金融・保険>金融>金融手数料
PRCS20_5200150002,service,品目,3,銀行業務手数料（除為替）,True,金融・保険>金融>金融手数料
PRCS20_5200150003,service,品目,3,証券業務手数料,True,金融・保険>金融>金融手数料
PRCS20_5200150004,service,品目,3,証券事務委託手数料,True,金融・保険>金融>金融手数料
PRCS20_5200150005,service,品目,3,リテール決済加盟店手数料,True,金融・保険>金融>金融手数料
PRCS20_5200150006,service,品目,3,取引所業務手数料,True,金融・保険>金融>金融手数料
PRCS20_5200220001,service,類別,1,保険,True,金融・保険
PRCS20_5200230001,service,小類別,2,損害保険,True,金融・保険>保険
PRCS20_5200250001,service,品目,3,信用保証,True,金融・保険>保険>損害保険
PRCS20_5200250002,service,品目,3,火災保険,True,金融・保険>保険>損害保険
PRCS20_5200250003,service,品目,3,自動車保険（任意）,True,金融・保険>保険>損害保険
PRCS20_5200250004,service,品目,3,自動車保険（自賠責）,True,金融・保険>保険>損害保険
PRCS20_5200250005,service,品目,3,海上・運送保険,True,金融・保険>保険>損害保険
PRCS20_5200250006,service,品目,3,賠償責任保険,True,金融・保険>保険>損害保険
PRCS20_5200010002,service,大類別,0,不動産,True,
PRCS20_5200320001,service,類別,1,不動産仲介・管理,True,不動産
PRCS20_5200330001,service,小類別,2,不動産仲介・管理,True,不動産>不動産仲介・管理
PRCS20_5200350001,service,品目,3,不動産仲介,False,不動産>不動産仲介・管理>不動産仲介・管理
PRCS20_5200350002,service,品目,3,不動産管理,False,不動産>不動産仲介・管理>不動産仲介・管理
PRCS20_5200420001,service,類別,1,不動産賃貸,True,不動産
PRCS20_5200430001,service,小類別,2,事務所賃貸,True,不動産>不動産賃貸
PRCS20_5200450001,service,品目,3,事務所賃貸（東京圏）,True,不動産>不動産賃貸>事務所賃貸
PRCS20_5200450002,service,品目,3,事務所賃貸（名古屋圏）,True,不動産>不動産賃貸>事務所賃貸
PRCS20_5200450003,service,品目,3,事務所賃貸（大阪圏）,True,不動産>不動産賃貸>事務所賃貸
PRCS20_5200450004,service,品目,3,事務所賃貸（その他地域）,True,不動産>不動産賃貸>事務所賃貸
PRCS20_5200430002,service,小類別,2,その他の不動産賃貸,True,不動産>不動産賃貸
PRCS20_5200450005,service,品目,3,店舗賃貸,True,不動産>不動産賃貸>その他の不動産賃貸
PRCS20_5200450006,service,品目,3,倉庫賃貸,True,不動産>不動産賃貸>その他の不動産賃貸
PRCS20_5200450007,service,品目,3,ホテル賃貸,True,不動産>不動産賃貸>その他の不動産賃貸
PRCS20_5200450008,service,品目,3,会議室等賃貸,False,不動産>不動産賃貸>その他の不動産賃貸
PRCS20_5200450009,service,品目,3,駐車場賃貸（月極）,False,不動産>不動産賃貸>その他の不動産賃貸
PRCS20_5200010003,service,大類別,0,運輸・郵便,True,
PRCS20_5200520001,service,類別,1,旅客輸送,True,運輸・郵便
PRCS20_5200530001,service,小類別,2,鉄道旅客輸送,True,運輸・郵便>旅客輸送
PRCS20_5200550001,service,品目,3,新幹線,True,運輸・郵便>旅客輸送>鉄道旅客輸送
PRCS20_5200550002,service,品目,3,鉄道旅客輸送（除新幹線）,True,運輸・郵便>旅客輸送>鉄道旅客輸送
PRCS20_5200530002,service,小類別,2,道路旅客輸送,True,運輸・郵便>旅客輸送
PRCS20_5200550003,service,品目,3,乗合バス,True,運輸・郵便>旅客輸送>道路旅客輸送
PRCS20_5200550004,service,品目,3,貸切バス,True,運輸・郵便>旅客輸送>道路旅客輸送
PRCS20_5200550005,service,品目,3,ハイヤー・タクシー,True,運輸・郵便>旅客輸送>道路旅客輸送
PRCS20_5200530003,service,小類別,2,海上旅客輸送,True,運輸・郵便>旅客輸送
PRCS20_5200550006,service,品目,3,内航旅客輸送,True,運輸・郵便>旅客輸送>海上旅客輸送
PRCS20_5200530004,service,小類別,2,国際航空旅客輸送,True,運輸・郵便>旅客輸送
PRCS20_5200550007,service,品目,3,国際航空旅客輸送,True,運輸・郵便>旅客輸送>国際航空旅客輸送
PRCS20_5200530005,service,小類別,2,国内航空旅客輸送,True,運輸・郵便>旅客輸送
PRCS20_5200550008,service,品目,3,国内航空旅客輸送,True,運輸・郵便>旅客輸送>国内航空旅客輸送
PRCS20_5200620001,service,類別,1,陸上貨物輸送,True,運輸・郵便
PRCS20_5200630001,service,小類別,2,鉄道貨物輸送,True,運輸・郵便>陸上貨物輸送
PRCS20_5200650001,service,品目,3,鉄道貨物輸送,True,運輸・郵便>陸上貨物輸送>鉄道貨物輸送
PRCS20_5200630002,service,小類別,2,道路貨物輸送,True,運輸・郵便>陸上貨物輸送
PRCS20_5200650002,service,品目,3,宅配便・メール便,True,運輸・郵便>陸上貨物輸送>道路貨物輸送
PRCS20_5200650003,service,品目,3,自動車貨物輸送（農林水産・食料工業品）,True,運輸・郵便>陸上貨物輸送>道路貨物輸送
PRCS20_5200650004,service,品目,3,自動車貨物輸送（鉱産品・化学工業品）,True,運輸・郵便>陸上貨物輸送>道路貨物輸送
PRCS20_5200650005,service,品目,3,自動車貨物輸送（金属機械工業品）,True,運輸・郵便>陸上貨物輸送>道路貨物輸送
PRCS20_5200650006,service,品目,3,自動車貨物輸送（軽・雑工業品）,True,運輸・郵便>陸上貨物輸送>道路貨物輸送
PRCS20_5200720001,service,類別,1,海上貨物輸送,True,運輸・郵便
PRCS20_5200730001,service,小類別,2,外航貨物輸送,True,運輸・郵便>海上貨物輸送
PRCS20_5200750001,service,品目,3,外航貨物輸送（除外航タンカー）,True,運輸・郵便>海上貨物輸送>外航貨物輸送
PRCS20_5200750002,service,品目,3,外航タンカー,True,運輸・郵便>海上貨物輸送>外航貨物輸送
PRCS20_5200730002,service,小類別,2,内航貨物輸送,True,運輸・郵便>海上貨物輸送
PRCS20_5200750003,service,品目,3,ＲＯＲＯ船,True,運輸・郵便>海上貨物輸送>内航貨物輸送
PRCS20_5200750004,service,品目,3,貨物船（除ＲＯＲＯ船）,True,運輸・郵便>海上貨物輸送>内航貨物輸送
PRCS20_5200750005,service,品目,3,内航タンカー,True,運輸・郵便>海上貨物輸送>内航貨物輸送
PRCS20_5200750006,service,品目,3,自動車航送船,True,運輸・郵便>海上貨物輸送>内航貨物輸送
PRCS20_5200730003,service,小類別,2,港湾運送,True,運輸・郵便>海上貨物輸送
PRCS20_5200750007,service,品目,3,港湾運送,True,運輸・郵便>海上貨物輸送>港湾運送
PRCS20_5200820001,service,類別,1,航空貨物輸送,True,運輸・郵便
PRCS20_5200830001,service,小類別,2,国際航空貨物輸送,True,運輸・郵便>航空貨物輸送
PRCS20_5200850001,service,品目,3,国際航空貨物輸送,True,運輸・郵便>航空貨物輸送>国際航空貨物輸送
PRCS20_5200830002,service,小類別,2,国内航空貨物輸送,True,運輸・郵便>航空貨物輸送
PRCS20_5200850002,service,品目,3,国内航空貨物輸送,True,運輸・郵便>航空貨物輸送>国内航空貨物輸送
PRCS20_5200920001,service,類別,1,倉庫・運輸附帯サービス,True,運輸・郵便
PRCS20_5200930001,service,小類別,2,倉庫,True,運輸・郵便>倉庫・運輸附帯サービス
PRCS20_5200950001,service,品目,3,普通倉庫,True,運輸・郵便>倉庫・運輸附帯サービス>倉庫
PRCS20_5200950002,service,品目,3,冷蔵・冷凍倉庫,True,運輸・郵便>倉庫・運輸附帯サービス>倉庫
PRCS20_5200930002,service,小類別,2,こん包,True,運輸・郵便>倉庫・運輸附帯サービス
PRCS20_5200950003,service,品目,3,こん包,True,運輸・郵便>倉庫・運輸附帯サービス>こん包
PRCS20_5200930003,service,小類別,2,道路輸送施設提供,True,運輸・郵便>倉庫・運輸附帯サービス
PRCS20_5200950004,service,品目,3,高速自動車国道,True,運輸・郵便>倉庫・運輸附帯サービス>道路輸送施設提供
PRCS20_5200950005,service,品目,3,都市高速道路,True,運輸・郵便>倉庫・運輸附帯サービス>道路輸送施設提供
PRCS20_5200950006,service,品目,3,一般有料道路,True,運輸・郵便>倉庫・運輸附帯サービス>道路輸送施設提供
PRCS20_5200950007,service,品目,3,駐車場提供（時間貸）,False,運輸・郵便>倉庫・運輸附帯サービス>道路輸送施設提供
PRCS20_5200930004,service,小類別,2,水運附帯サービス,True,運輸・郵便>倉庫・運輸附帯サービス
PRCS20_5200950008,service,品目,3,水運附帯サービス,True,運輸・郵便>倉庫・運輸附帯サービス>水運附帯サービス
PRCS20_5200930005,service,小類別,2,航空施設管理・航空附帯サービス,True,運輸・郵便>倉庫・運輸附帯サービス
PRCS20_5200950009,service,品目,3,航空施設管理・航空附帯サービス,True,運輸・郵便>倉庫・運輸附帯サービス>航空施設管理・航空附帯サービス
PRCS20_5200930006,service,小類別,2,旅行サービス,False,運輸・郵便>倉庫・運輸附帯サービス
PRCS20_5200950010,service,品目,3,旅行サービス,False,運輸・郵便>倉庫・運輸附帯サービス>旅行サービス
PRCS20_5201020001,service,類別,1,サードパーティーロジスティクス,False,運輸・郵便
PRCS20_5201030001,service,小類別,2,サードパーティーロジスティクス,False,運輸・郵便>サードパーティーロジスティクス
PRCS20_5201050001,service,品目,3,サードパーティーロジスティクス,False,運輸・郵便>サードパーティーロジスティクス>サードパーティーロジスティクス
PRCS20_5201120001,service,類別,1,郵便・信書便,True,運輸・郵便
PRCS20_5201130001,service,小類別,2,郵便・信書便,True,運輸・郵便>郵便・信書便
PRCS20_5201150001,service,品目,3,内国郵便・信書便,True,運輸・郵便>郵便・信書便>郵便・信書便
PRCS20_5201150002,service,品目,3,国際郵便,True,運輸・郵便>郵便・信書便>郵便・信書便
PRCS20_5200010004,service,大類別,0,情報通信,True,
PRCS20_5201220001,service,類別,1,通信,True,情報通信
PRCS20_5201230001,service,小類別,2,固定電気通信,True,情報通信>通信
PRCS20_5201250001,service,品目,3,固定電話,True,情報通信>通信>固定電気通信
PRCS20_5201250002,service,品目,3,インターネット接続サービス,True,情報通信>通信>固定電気通信
PRCS20_5201250003,service,品目,3,専用線,True,情報通信>通信>固定電気通信
PRCS20_5201250004,service,品目,3,ＷＡＮサービス,True,情報通信>通信>固定電気通信
PRCS20_5201250005,service,品目,3,インターネットデータセンター,True,情報通信>通信>固定電気通信
PRCS20_5201230002,service,小類別,2,移動電気通信,True,情報通信>通信
PRCS20_5201250006,service,品目,3,移動電気通信,True,情報通信>通信>移動電気通信
PRCS20_5201230003,service,小類別,2,アクセスチャージ,True,情報通信>通信
PRCS20_5201250007,service,品目,3,アクセスチャージ,True,情報通信>通信>アクセスチャージ
PRCS20_5201320001,service,類別,1,放送,True,情報通信
PRCS20_5201330001,service,小類別,2,放送,True,情報通信>放送
PRCS20_5201350001,service,品目,3,公共放送,True,情報通信>放送>放送
PRCS20_5201350002,service,品目,3,有線放送,True,情報通信>放送>放送
PRCS20_5201420001,service,類別,1,情報サービス,True,情報通信
PRCS20_5201430001,service,小類別,2,ソフトウェア開発,True,情報通信>情報サービス
PRCS20_5201450001,service,品目,3,受託開発ソフトウェア（除組込み）,True,情報通信>情報サービス>ソフトウェア開発
PRCS20_5201450002,service,品目,3,組込みソフトウェア,True,情報通信>情報サービス>ソフトウェア開発
PRCS20_5201450003,service,品目,3,パッケージソフトウェア,True,情報通信>情報サービス>ソフトウェア開発
PRCS20_5201430002,service,小類別,2,情報処理・提供サービス,True,情報通信>情報サービス
PRCS20_5201450004,service,品目,3,情報処理サービス,True,情報通信>情報サービス>情報処理・提供サービス
PRCS20_5201450005,service,品目,3,情報提供サービス,True,情報通信>情報サービス>情報処理・提供サービス
PRCS20_5201450006,service,品目,3,市場調査・世論調査・社会調査,True,情報通信>情報サービス>情報処理・提供サービス
PRCS20_5201450007,service,品目,3,システム等管理運営受託,True,情報通信>情報サービス>情報処理・提供サービス
PRCS20_5201520001,service,類別,1,インターネット附随サービス,True,情報通信
PRCS20_5201530001,service,小類別,2,インターネット附随サービス,True,情報通信>インターネット附随サービス
PRCS20_5201550001,service,品目,3,ポータルサイト・サーバ運営,True,情報通信>インターネット附随サービス>インターネット附随サービス
PRCS20_5201550002,service,品目,3,ＩＣＴアプリケーション共用サービス,True,情報通信>インターネット附随サービス>インターネット附随サービス
PRCS20_5201550003,service,品目,3,インターネット利用サポート,True,情報通信>インターネット附随サービス>インターネット附随サービス
PRCS20_5201620001,service,類別,1,映像・文字情報制作,True,情報通信
PRCS20_5201630001,service,小類別,2,映像情報制作,True,情報通信>映像・文字情報制作
PRCS20_5201650001,service,品目,3,テレビ番組制作,True,情報通信>映像・文字情報制作>映像情報制作
PRCS20_5201630002,service,小類別,2,新聞,True,情報通信>映像・文字情報制作
PRCS20_5201650002,service,品目,3,新聞,True,情報通信>映像・文字情報制作>新聞
PRCS20_5201630003,service,小類別,2,出版,True,情報通信>映像・文字情報制作
PRCS20_5201650003,service,品目,3,雑誌,True,情報通信>映像・文字情報制作>出版
PRCS20_5201650004,service,品目,3,書籍,True,情報通信>映像・文字情報制作>出版
PRCS20_5200010005,service,大類別,0,リース・レンタル,True,
PRCS20_5201720001,service,類別,1,リース,True,リース・レンタル
PRCS20_5201730001,service,小類別,2,リース,True,リース・レンタル>リース
PRCS20_5201750001,service,品目,3,産業機械リース,True,リース・レンタル>リース>リース
PRCS20_5201750002,service,品目,3,工作機械リース,True,リース・レンタル>リース>リース
PRCS20_5201750003,service,品目,3,土木・建設機械リース,True,リース・レンタル>リース>リース
PRCS20_5201750004,service,品目,3,医療用機器リース,True,リース・レンタル>リース>リース
PRCS20_5201750005,service,品目,3,商業・サービス業用機械設備リース,True,リース・レンタル>リース>リース
PRCS20_5201750006,service,品目,3,通信機器リース,True,リース・レンタル>リース>リース
PRCS20_5201750007,service,品目,3,電子計算機・同関連機器リース,True,リース・レンタル>リース>リース
PRCS20_5201750008,service,品目,3,事務用機器リース,True,リース・レンタル>リース>リース
PRCS20_5201750009,service,品目,3,自動車リース,True,リース・レンタル>リース>リース
PRCS20_5201820001,service,類別,1,レンタル,True,リース・レンタル
PRCS20_5201830001,service,小類別,2,レンタル,True,リース・レンタル>レンタル
PRCS20_5201850001,service,品目,3,建設機械レンタル,True,リース・レンタル>レンタル>レンタル
PRCS20_5201850002,service,品目,3,仮設資材レンタル,True,リース・レンタル>レンタル>レンタル
PRCS20_5201850003,service,品目,3,通信機器・サービス業用機械レンタル,False,リース・レンタル>レンタル>レンタル
PRCS20_5201850004,service,品目,3,電子計算機レンタル,True,リース・レンタル>レンタル>レンタル
PRCS20_5201850005,service,品目,3,事務用機器レンタル,False,リース・レンタル>レンタル>レンタル
PRCS20_5201850006,service,品目,3,レンタカー,True,リース・レンタル>レンタル>レンタル
PRCS20_5200010006,service,大類別,0,広告,True,
PRCS20_5201920001,service,類別,1,広告,True,広告
PRCS20_5201930001,service,小類別,2,テレビ・ラジオ広告,True,広告>広告
PRCS20_5201950001,service,品目,3,テレビ広告（タイム）,True,広告>広告>テレビ・ラジオ広告
PRCS20_5201950002,service,品目,3,テレビ広告（スポット）,True,広告>広告>テレビ・ラジオ広告
PRCS20_5201950003,service,品目,3,ラジオ広告,True,広告>広告>テレビ・ラジオ広告
PRCS20_5201930002,service,小類別,2,インターネット・新聞・雑誌・その他の広告,True,広告>広告
PRCS20_5201950004,service,品目,3,新聞広告,True,広告>広告>インターネット・新聞・雑誌・その他の広告
PRCS20_5201950005,service,品目,3,雑誌広告,True,広告>広告>インターネット・新聞・雑誌・その他の広告
PRCS20_5201950006,service,品目,3,インターネット広告,True,広告>広告>インターネット・新聞・雑誌・その他の広告
PRCS20_5201950007,service,品目,3,交通広告,True,広告>広告>インターネット・新聞・雑誌・その他の広告
PRCS20_5201950008,service,品目,3,屋外広告,True,広告>広告>インターネット・新聞・雑誌・その他の広告
PRCS20_5201950009,service,品目,3,折込広告,True,広告>広告>インターネット・新聞・雑誌・その他の広告
PRCS20_5201950010,service,品目,3,ダイレクトメール広告,True,広告>広告>インターネット・新聞・雑誌・その他の広告
PRCS20_5201950011,service,品目,3,フリーペーパー・フリーマガジン広告,True,広告>広告>インターネット・新聞・雑誌・その他の広告
PRCS20_5200010007,service,大類別,0,諸サービス,True,
PRCS20_5202020001,service,類別,1,下水道・廃棄物処理,True,諸サービス
PRCS20_5202030001,service,小類別,2,下水道,True,諸サービス>下水道・廃棄物処理
PRCS20_5202050001,service,品目,3,下水道,True,諸サービス>下水道・廃棄物処理>下水道
PRCS20_5202030002,service,小類別,2,廃棄物処理,True,諸サービス>下水道・廃棄物処理
PRCS20_5202050002,service,品目,3,一般廃棄物処理,True,諸サービス>下水道・廃棄物処理>廃棄物処理
PRCS20_5202050003,service,品目,3,産業廃棄物処理,True,諸サービス>下水道・廃棄物処理>廃棄物処理
PRCS20_5202120001,service,類別,1,自動車整備・機械修理,True,諸サービス
PRCS20_5202130001,service,小類別,2,自動車整備,True,諸サービス>自動車整備・機械修理
PRCS20_5202150001,service,品目,3,自動車整備,True,諸サービス>自動車整備・機械修理>自動車整備
PRCS20_5202130002,service,小類別,2,機械修理,True,諸サービス>自動車整備・機械修理
PRCS20_5202150002,service,品目,3,産業用機械器具修理,False,諸サービス>自動車整備・機械修理>機械修理
PRCS20_5202150003,service,品目,3,事務用機械器具修理,False,諸サービス>自動車整備・機械修理>機械修理
PRCS20_5202220001,service,類別,1,専門サービス,True,諸サービス
PRCS20_5202230001,service,小類別,2,法務・財務・会計サービス,True,諸サービス>専門サービス
PRCS20_5202250001,service,品目,3,弁護士サービス,True,諸サービス>専門サービス>法務・財務・会計サービス
PRCS20_5202250002,service,品目,3,弁理士サービス,True,諸サービス>専門サービス>法務・財務・会計サービス
PRCS20_5202250003,service,品目,3,司法書士サービス,True,諸サービス>専門サービス>法務・財務・会計サービス
PRCS20_5202250004,service,品目,3,公認会計士サービス,True,諸サービス>専門サービス>法務・財務・会計サービス
PRCS20_5202250005,service,品目,3,税理士サービス,True,諸サービス>専門サービス>法務・財務・会計サービス
PRCS20_5202230002,service,小類別,2,その他の専門サービス,True,諸サービス>専門サービス
PRCS20_5202250006,service,品目,3,土地家屋調査士サービス,True,諸サービス>専門サービス>その他の専門サービス
PRCS20_5202250007,service,品目,3,行政書士サービス,True,諸サービス>専門サービス>その他の専門サービス
PRCS20_5202250008,service,品目,3,社会保険労務士サービス,True,諸サービス>専門サービス>その他の専門サービス
PRCS20_5202250009,service,品目,3,不動産鑑定評価,True,諸サービス>専門サービス>その他の専門サービス
PRCS20_5202320001,service,類別,1,技術サービス,True,諸サービス
PRCS20_5202330001,service,小類別,2,土木建築サービス,True,諸サービス>技術サービス
PRCS20_5202350001,service,品目,3,建築設計,True,諸サービス>技術サービス>土木建築サービス
PRCS20_5202350002,service,品目,3,地図・地理情報サービス,False,諸サービス>技術サービス>土木建築サービス
PRCS20_5202350003,service,品目,3,土木設計・測量・地質調査,True,諸サービス>技術サービス>土木建築サービス
PRCS20_5202330002,service,小類別,2,商品・非破壊検査・計量証明サービス,True,諸サービス>技術サービス
PRCS20_5202350004,service,品目,3,商品検査,True,諸サービス>技術サービス>商品・非破壊検査・計量証明サービス
PRCS20_5202350005,service,品目,3,非破壊検査,True,諸サービス>技術サービス>商品・非破壊検査・計量証明サービス
PRCS20_5202350006,service,品目,3,環境計量証明,True,諸サービス>技術サービス>商品・非破壊検査・計量証明サービス
PRCS20_5202330003,service,小類別,2,その他の技術サービス,True,諸サービス>技術サービス
PRCS20_5202350007,service,品目,3,プラントエンジニアリング,True,諸サービス>技術サービス>その他の技術サービス
PRCS20_5202350008,service,品目,3,プラントメンテナンス,True,諸サービス>技術サービス>その他の技術サービス
PRCS20_5202420001,service,類別,1,職業紹介・労働者派遣サービス,True,諸サービス
PRCS20_5202430001,service,小類別,2,職業紹介サービス,True,諸サービス>職業紹介・労働者派遣サービス
PRCS20_5202450001,service,品目,3,職業紹介サービス,True,諸サービス>職業紹介・労働者派遣サービス>職業紹介サービス
PRCS20_5202430002,service,小類別,2,労働者派遣サービス,True,諸サービス>職業紹介・労働者派遣サービス
PRCS20_5202450002,service,品目,3,専門技術者派遣,True,諸サービス>職業紹介・労働者派遣サービス>労働者派遣サービス
PRCS20_5202450003,service,品目,3,事務・販売派遣,True,諸サービス>職業紹介・労働者派遣サービス>労働者派遣サービス
PRCS20_5202450004,service,品目,3,製造・物流派遣,True,諸サービス>職業紹介・労働者派遣サービス>労働者派遣サービス
PRCS20_5202520001,service,類別,1,建物サービス・警備,True,諸サービス
PRCS20_5202530001,service,小類別,2,建物サービス,True,諸サービス>建物サービス・警備
PRCS20_5202550001,service,品目,3,建物サービス,True,諸サービス>建物サービス・警備>建物サービス
PRCS20_5202530002,service,小類別,2,警備,True,諸サービス>建物サービス・警備
PRCS20_5202550002,service,品目,3,機械警備,True,諸サービス>建物サービス・警備>警備
PRCS20_5202550003,service,品目,3,警備（除機械警備）,True,諸サービス>建物サービス・警備>警備
PRCS20_5202620001,service,類別,1,その他諸サービス,True,諸サービス
PRCS20_5202630001,service,小類別,2,教育訓練サービス,True,諸サービス>その他諸サービス
PRCS20_5202650001,service,品目,3,研修・職業訓練受託サービス,True,諸サービス>その他諸サービス>教育訓練サービス
PRCS20_5202630002,service,小類別,2,保健衛生,True,諸サービス>その他諸サービス
PRCS20_5202650002,service,品目,3,保健衛生,True,諸サービス>その他諸サービス>保健衛生
PRCS20_5202630003,service,小類別,2,コールセンター,True,諸サービス>その他諸サービス
PRCS20_5202650003,service,品目,3,コールセンター,True,諸サービス>その他諸サービス>コールセンター
PRCS20_5202630004,service,小類別,2,宿泊サービス,True,諸サービス>その他諸サービス
PRCS20_5202650004,service,品目,3,宿泊サービス,True,諸サービス>その他諸サービス>宿泊サービス
PRCS20_5202630005,service,小類別,2,給食サービス,True,諸サービス>その他諸サービス
PRCS20_5202650005,service,品目,3,給食サービス,True,諸サービス>その他諸サービス>給食サービス
PRCS20_5202630006,service,小類別,2,洗濯,True,諸サービス>その他諸サービス
PRCS20_5202650006,service,品目,3,クリーニングサービス,True,諸サービス>その他諸サービス>洗濯
PRCS20_5202650007,service,品目,3,リネンサプライ,True,諸サービス>その他諸サービス>洗濯
PRCS20_5202630007,service,小類別,2,スポーツ施設提供サービス,False,諸サービス>その他諸サービス
PRCS20_5202650008,service,品目,3,スポーツ施設提供サービス,False,諸サービス>その他諸サービス>スポーツ施設提供サービス
PRCS20_52B0000000,service,総平均,0,総平均（除く国際運輸）,True,
PRCS20_52B0010001,service,総平均,0,運輸・郵便（除く国際運輸）,True,
PRCS20_52B0010002,service,総平均,0,国際運輸,True,
PRCS20_52S0000002,service,総平均,0,高人件費率サービス,True,
PRCS20_52S0000003,service,総平均,0,低人件費率サービス,True,
PRCS20_52B3750001,service,総平均,0,外航貨物輸送,False,
PRCS20_52B3850001,service,総平均,0,国際航空貨物輸送,False,
PRCS20_52B5550001,service,総平均,0,国際航空旅客輸送,False,
PRCS20_52B5750001,service,総平均,0,外航貨物輸送,False,
PRCS20_52B5750002,service,総平均,0,外航貨物用船料,False,
PRCS20_52S2920001,service,総平均,0,知的財産ライセンス（国内）,False,
PRCS20_52B3920001,service,総平均,0,知的財産ライセンス（輸出）,False,
PRCS20_52B5920001,service,総平均,0,知的財産ライセンス（輸入）,False,
PRCS20_52R1730001,service,総平均,0,リース料率,False,
PRCS20_52S2550001,service,総平均,0,建物サービス＜民間向け＞,False,
PRCS20_52S2550002,service,総平均,0,建物サービス＜官公庁向け＞,False,
PRCS20_52S2550003,service,総平均,0,警備（除機械警備）＜民間向け＞,False,
PRCS20_52S2550004,service,総平均,0,警備（除機械警備）＜官公庁向け＞,False,
